NOTE: Picked up JDK_JAVA_OPTIONS:  --add-opens=java.base/java.lang=ALL-UNNAMED --add-opens=java.base/java.io=ALL-UNNAMED --add-opens=java.base/java.util=ALL-UNNAMED --add-opens=java.base/java.util.concurrent=ALL-UNNAMED --add-opens=java.rmi/sun.rmi.transport=ALL-UNNAMED
25-May-2026 15:27:21.014 INFO [main] org.apache.catalina.startup.VersionLoggerListener.log Server version name:   Apache Tomcat/9.0.87
25-May-2026 15:27:21.018 INFO [main] org.apache.catalina.startup.VersionLoggerListener.log Server built:          Mar 11 2024 10:12:34 UTC
25-May-2026 15:27:21.020 INFO [main] org.apache.catalina.startup.VersionLoggerListener.log Server version number: 9.0.87.0
25-May-2026 15:27:21.020 INFO [main] org.apache.catalina.startup.VersionLoggerListener.log OS Name:               Linux
25-May-2026 15:27:21.020 INFO [main] org.apache.catalina.startup.VersionLoggerListener.log OS Version:            6.6.114.1-microsoft-standard-WSL2
25-May-2026 15:27:21.020 INFO [main] org.apache.catalina.startup.VersionLoggerListener.log Architecture:          amd64
25-May-2026 15:27:21.020 INFO [main] org.apache.catalina.startup.VersionLoggerListener.log Java Home:             /usr/lib/jvm/java-21-openjdk-amd64
25-May-2026 15:27:21.020 INFO [main] org.apache.catalina.startup.VersionLoggerListener.log JVM Version:           21.0.8+9-Ubuntu-0ubuntu122.04.1
25-May-2026 15:27:21.020 INFO [main] org.apache.catalina.startup.VersionLoggerListener.log JVM Vendor:            Ubuntu
25-May-2026 15:27:21.020 INFO [main] org.apache.catalina.startup.VersionLoggerListener.log CATALINA_BASE:         /home/mumuzinho/www/Trabalho-banco-de-dados-I/backend/apache-tomcat-9.0.87
25-May-2026 15:27:21.020 INFO [main] org.apache.catalina.startup.VersionLoggerListener.log CATALINA_HOME:         /home/mumuzinho/www/Trabalho-banco-de-dados-I/backend/apache-tomcat-9.0.87
25-May-2026 15:27:21.034 INFO [main] org.apache.catalina.startup.VersionLoggerListener.log Command line argument: --add-opens=java.base/java.lang=ALL-UNNAMED
25-May-2026 15:27:21.034 INFO [main] org.apache.catalina.startup.VersionLoggerListener.log Command line argument: --add-opens=java.base/java.io=ALL-UNNAMED
25-May-2026 15:27:21.034 INFO [main] org.apache.catalina.startup.VersionLoggerListener.log Command line argument: --add-opens=java.base/java.util=ALL-UNNAMED
25-May-2026 15:27:21.034 INFO [main] org.apache.catalina.startup.VersionLoggerListener.log Command line argument: --add-opens=java.base/java.util.concurrent=ALL-UNNAMED
25-May-2026 15:27:21.034 INFO [main] org.apache.catalina.startup.VersionLoggerListener.log Command line argument: --add-opens=java.rmi/sun.rmi.transport=ALL-UNNAMED
25-May-2026 15:27:21.034 INFO [main] org.apache.catalina.startup.VersionLoggerListener.log Command line argument: -Djava.util.logging.config.file=/home/mumuzinho/www/Trabalho-banco-de-dados-I/backend/apache-tomcat-9.0.87/conf/logging.properties
25-May-2026 15:27:21.035 INFO [main] org.apache.catalina.startup.VersionLoggerListener.log Command line argument: -Djava.util.logging.manager=org.apache.juli.ClassLoaderLogManager
25-May-2026 15:27:21.035 INFO [main] org.apache.catalina.startup.VersionLoggerListener.log Command line argument: -Djdk.tls.ephemeralDHKeySize=2048
25-May-2026 15:27:21.035 INFO [main] org.apache.catalina.startup.VersionLoggerListener.log Command line argument: -Djava.protocol.handler.pkgs=org.apache.catalina.webresources
25-May-2026 15:27:21.035 INFO [main] org.apache.catalina.startup.VersionLoggerListener.log Command line argument: -Dorg.apache.catalina.security.SecurityListener.UMASK=0027
25-May-2026 15:27:21.035 INFO [main] org.apache.catalina.startup.VersionLoggerListener.log Command line argument: -Dignore.endorsed.dirs=
25-May-2026 15:27:21.035 INFO [main] org.apache.catalina.startup.VersionLoggerListener.log Command line argument: -Dcatalina.base=/home/mumuzinho/www/Trabalho-banco-de-dados-I/backend/apache-tomcat-9.0.87
25-May-2026 15:27:21.035 INFO [main] org.apache.catalina.startup.VersionLoggerListener.log Command line argument: -Dcatalina.home=/home/mumuzinho/www/Trabalho-banco-de-dados-I/backend/apache-tomcat-9.0.87
25-May-2026 15:27:21.035 INFO [main] org.apache.catalina.startup.VersionLoggerListener.log Command line argument: -Djava.io.tmpdir=/home/mumuzinho/www/Trabalho-banco-de-dados-I/backend/apache-tomcat-9.0.87/temp
25-May-2026 15:27:21.040 INFO [main] org.apache.catalina.core.AprLifecycleListener.lifecycleEvent The Apache Tomcat Native library which allows using OpenSSL was not found on the java.library.path: [/usr/java/packages/lib:/usr/lib/x86_64-linux-gnu/jni:/lib/x86_64-linux-gnu:/usr/lib/x86_64-linux-gnu:/usr/lib/jni:/lib:/usr/lib]
25-May-2026 15:27:21.398 INFO [main] org.apache.coyote.AbstractProtocol.init Initializing ProtocolHandler ["http-nio-8080"]
25-May-2026 15:27:21.422 INFO [main] org.apache.catalina.startup.Catalina.load Server initialization in [573] milliseconds
25-May-2026 15:27:21.461 INFO [main] org.apache.catalina.core.StandardService.startInternal Starting service [Catalina]
25-May-2026 15:27:21.463 INFO [main] org.apache.catalina.core.StandardEngine.startInternal Starting Servlet engine: [Apache Tomcat/9.0.87]
25-May-2026 15:27:21.478 INFO [main] org.apache.catalina.startup.HostConfig.deployWAR Deploying web application archive [/home/mumuzinho/www/Trabalho-banco-de-dados-I/backend/apache-tomcat-9.0.87/webapps/bd2022.war]
25-May-2026 15:27:21.967 INFO [main] org.apache.jasper.servlet.TldScanner.scanJars At least one JAR was scanned for TLDs yet contained no TLDs. Enable debug logging for this logger for a complete list of JARs that were scanned but no TLDs were found in them. Skipping unneeded JARs during scanning can improve startup time and JSP compilation time.
25-May-2026 15:27:22.008 INFO [main] org.apache.catalina.startup.HostConfig.deployWAR Deployment of web application archive [/home/mumuzinho/www/Trabalho-banco-de-dados-I/backend/apache-tomcat-9.0.87/webapps/bd2022.war] has finished in [530] ms
25-May-2026 15:27:22.009 INFO [main] org.apache.catalina.startup.HostConfig.deployDirectory Deploying web application directory [/home/mumuzinho/www/Trabalho-banco-de-dados-I/backend/apache-tomcat-9.0.87/webapps/manager]
25-May-2026 15:27:22.041 INFO [main] org.apache.catalina.startup.HostConfig.deployDirectory Deployment of web application directory [/home/mumuzinho/www/Trabalho-banco-de-dados-I/backend/apache-tomcat-9.0.87/webapps/manager] has finished in [32] ms
25-May-2026 15:27:22.041 INFO [main] org.apache.catalina.startup.HostConfig.deployDirectory Deploying web application directory [/home/mumuzinho/www/Trabalho-banco-de-dados-I/backend/apache-tomcat-9.0.87/webapps/examples]
25-May-2026 15:27:22.193 INFO [main] org.apache.catalina.startup.HostConfig.deployDirectory Deployment of web application directory [/home/mumuzinho/www/Trabalho-banco-de-dados-I/backend/apache-tomcat-9.0.87/webapps/examples] has finished in [151] ms
25-May-2026 15:27:22.193 INFO [main] org.apache.catalina.startup.HostConfig.deployDirectory Deploying web application directory [/home/mumuzinho/www/Trabalho-banco-de-dados-I/backend/apache-tomcat-9.0.87/webapps/docs]
25-May-2026 15:27:22.206 INFO [main] org.apache.catalina.startup.HostConfig.deployDirectory Deployment of web application directory [/home/mumuzinho/www/Trabalho-banco-de-dados-I/backend/apache-tomcat-9.0.87/webapps/docs] has finished in [13] ms
25-May-2026 15:27:22.206 INFO [main] org.apache.catalina.startup.HostConfig.deployDirectory Deploying web application directory [/home/mumuzinho/www/Trabalho-banco-de-dados-I/backend/apache-tomcat-9.0.87/webapps/ROOT]
25-May-2026 15:27:22.218 INFO [main] org.apache.catalina.startup.HostConfig.deployDirectory Deployment of web application directory [/home/mumuzinho/www/Trabalho-banco-de-dados-I/backend/apache-tomcat-9.0.87/webapps/ROOT] has finished in [12] ms
25-May-2026 15:27:22.218 INFO [main] org.apache.catalina.startup.HostConfig.deployDirectory Deploying web application directory [/home/mumuzinho/www/Trabalho-banco-de-dados-I/backend/apache-tomcat-9.0.87/webapps/host-manager]
25-May-2026 15:27:22.241 INFO [main] org.apache.catalina.startup.HostConfig.deployDirectory Deployment of web application directory [/home/mumuzinho/www/Trabalho-banco-de-dados-I/backend/apache-tomcat-9.0.87/webapps/host-manager] has finished in [23] ms
25-May-2026 15:27:22.246 INFO [main] org.apache.coyote.AbstractProtocol.start Starting ProtocolHandler ["http-nio-8080"]
25-May-2026 15:27:22.261 INFO [main] org.apache.catalina.startup.Catalina.start Server startup in [837] milliseconds
25-May-2026 15:38:42.379 INFO [main] org.apache.catalina.core.StandardServer.await A valid shutdown command was received via the shutdown port. Stopping the Server instance.
25-May-2026 15:38:42.380 INFO [main] org.apache.coyote.AbstractProtocol.pause Pausing ProtocolHandler ["http-nio-8080"]
25-May-2026 15:38:42.389 INFO [main] org.apache.catalina.core.StandardService.stopInternal Stopping service [Catalina]
25-May-2026 15:38:42.417 INFO [main] org.apache.coyote.AbstractProtocol.stop Stopping ProtocolHandler ["http-nio-8080"]
25-May-2026 15:38:42.426 INFO [main] org.apache.coyote.AbstractProtocol.destroy Destroying ProtocolHandler ["http-nio-8080"]
NOTE: Picked up JDK_JAVA_OPTIONS:  --add-opens=java.base/java.lang=ALL-UNNAMED --add-opens=java.base/java.io=ALL-UNNAMED --add-opens=java.base/java.util=ALL-UNNAMED --add-opens=java.base/java.util.concurrent=ALL-UNNAMED --add-opens=java.rmi/sun.rmi.transport=ALL-UNNAMED
25-May-2026 16:58:31.109 INFO [main] org.apache.catalina.startup.VersionLoggerListener.log Server version name:   Apache Tomcat/9.0.87
25-May-2026 16:58:31.114 INFO [main] org.apache.catalina.startup.VersionLoggerListener.log Server built:          Mar 11 2024 10:12:34 UTC
25-May-2026 16:58:31.114 INFO [main] org.apache.catalina.startup.VersionLoggerListener.log Server version number: 9.0.87.0
25-May-2026 16:58:31.114 INFO [main] org.apache.catalina.startup.VersionLoggerListener.log OS Name:               Linux
25-May-2026 16:58:31.114 INFO [main] org.apache.catalina.startup.VersionLoggerListener.log OS Version:            6.6.114.1-microsoft-standard-WSL2
25-May-2026 16:58:31.114 INFO [main] org.apache.catalina.startup.VersionLoggerListener.log Architecture:          amd64
25-May-2026 16:58:31.114 INFO [main] org.apache.catalina.startup.VersionLoggerListener.log Java Home:             /usr/lib/jvm/java-21-openjdk-amd64
25-May-2026 16:58:31.114 INFO [main] org.apache.catalina.startup.VersionLoggerListener.log JVM Version:           21.0.8+9-Ubuntu-0ubuntu122.04.1
25-May-2026 16:58:31.114 INFO [main] org.apache.catalina.startup.VersionLoggerListener.log JVM Vendor:            Ubuntu
25-May-2026 16:58:31.114 INFO [main] org.apache.catalina.startup.VersionLoggerListener.log CATALINA_BASE:         /home/mumuzinho/www/Trabalho-banco-de-dados-I/backend/apache-tomcat-9.0.87
25-May-2026 16:58:31.114 INFO [main] org.apache.catalina.startup.VersionLoggerListener.log CATALINA_HOME:         /home/mumuzinho/www/Trabalho-banco-de-dados-I/backend/apache-tomcat-9.0.87
25-May-2026 16:58:31.131 INFO [main] org.apache.catalina.startup.VersionLoggerListener.log Command line argument: --add-opens=java.base/java.lang=ALL-UNNAMED
25-May-2026 16:58:31.131 INFO [main] org.apache.catalina.startup.VersionLoggerListener.log Command line argument: --add-opens=java.base/java.io=ALL-UNNAMED
25-May-2026 16:58:31.131 INFO [main] org.apache.catalina.startup.VersionLoggerListener.log Command line argument: --add-opens=java.base/java.util=ALL-UNNAMED
25-May-2026 16:58:31.131 INFO [main] org.apache.catalina.startup.VersionLoggerListener.log Command line argument: --add-opens=java.base/java.util.concurrent=ALL-UNNAMED
25-May-2026 16:58:31.131 INFO [main] org.apache.catalina.startup.VersionLoggerListener.log Command line argument: --add-opens=java.rmi/sun.rmi.transport=ALL-UNNAMED
25-May-2026 16:58:31.131 INFO [main] org.apache.catalina.startup.VersionLoggerListener.log Command line argument: -Djava.util.logging.config.file=/home/mumuzinho/www/Trabalho-banco-de-dados-I/backend/apache-tomcat-9.0.87/conf/logging.properties
25-May-2026 16:58:31.132 INFO [main] org.apache.catalina.startup.VersionLoggerListener.log Command line argument: -Djava.util.logging.manager=org.apache.juli.ClassLoaderLogManager
25-May-2026 16:58:31.132 INFO [main] org.apache.catalina.startup.VersionLoggerListener.log Command line argument: -Djdk.tls.ephemeralDHKeySize=2048
25-May-2026 16:58:31.132 INFO [main] org.apache.catalina.startup.VersionLoggerListener.log Command line argument: -Djava.protocol.handler.pkgs=org.apache.catalina.webresources
25-May-2026 16:58:31.132 INFO [main] org.apache.catalina.startup.VersionLoggerListener.log Command line argument: -Dorg.apache.catalina.security.SecurityListener.UMASK=0027
25-May-2026 16:58:31.132 INFO [main] org.apache.catalina.startup.VersionLoggerListener.log Command line argument: -Dignore.endorsed.dirs=
25-May-2026 16:58:31.132 INFO [main] org.apache.catalina.startup.VersionLoggerListener.log Command line argument: -Dcatalina.base=/home/mumuzinho/www/Trabalho-banco-de-dados-I/backend/apache-tomcat-9.0.87
25-May-2026 16:58:31.132 INFO [main] org.apache.catalina.startup.VersionLoggerListener.log Command line argument: -Dcatalina.home=/home/mumuzinho/www/Trabalho-banco-de-dados-I/backend/apache-tomcat-9.0.87
25-May-2026 16:58:31.132 INFO [main] org.apache.catalina.startup.VersionLoggerListener.log Command line argument: -Djava.io.tmpdir=/home/mumuzinho/www/Trabalho-banco-de-dados-I/backend/apache-tomcat-9.0.87/temp
25-May-2026 16:58:31.134 INFO [main] org.apache.catalina.core.AprLifecycleListener.lifecycleEvent The Apache Tomcat Native library which allows using OpenSSL was not found on the java.library.path: [/usr/java/packages/lib:/usr/lib/x86_64-linux-gnu/jni:/lib/x86_64-linux-gnu:/usr/lib/x86_64-linux-gnu:/usr/lib/jni:/lib:/usr/lib]
25-May-2026 16:58:31.480 INFO [main] org.apache.coyote.AbstractProtocol.init Initializing ProtocolHandler ["http-nio-8080"]
25-May-2026 16:58:31.510 INFO [main] org.apache.catalina.startup.Catalina.load Server initialization in [662] milliseconds
25-May-2026 16:58:31.556 INFO [main] org.apache.catalina.core.StandardService.startInternal Starting service [Catalina]
25-May-2026 16:58:31.557 INFO [main] org.apache.catalina.core.StandardEngine.startInternal Starting Servlet engine: [Apache Tomcat/9.0.87]
25-May-2026 16:58:31.570 INFO [main] org.apache.catalina.startup.HostConfig.deployWAR Deploying web application archive [/home/mumuzinho/www/Trabalho-banco-de-dados-I/backend/apache-tomcat-9.0.87/webapps/bd2022.war]
25-May-2026 16:58:32.078 INFO [main] org.apache.jasper.servlet.TldScanner.scanJars At least one JAR was scanned for TLDs yet contained no TLDs. Enable debug logging for this logger for a complete list of JARs that were scanned but no TLDs were found in them. Skipping unneeded JARs during scanning can improve startup time and JSP compilation time.
25-May-2026 16:58:32.131 INFO [main] org.apache.catalina.startup.HostConfig.deployWAR Deployment of web application archive [/home/mumuzinho/www/Trabalho-banco-de-dados-I/backend/apache-tomcat-9.0.87/webapps/bd2022.war] has finished in [558] ms
25-May-2026 16:58:32.131 INFO [main] org.apache.catalina.startup.HostConfig.deployDirectory Deploying web application directory [/home/mumuzinho/www/Trabalho-banco-de-dados-I/backend/apache-tomcat-9.0.87/webapps/manager]
25-May-2026 16:58:32.172 INFO [main] org.apache.catalina.startup.HostConfig.deployDirectory Deployment of web application directory [/home/mumuzinho/www/Trabalho-banco-de-dados-I/backend/apache-tomcat-9.0.87/webapps/manager] has finished in [41] ms
25-May-2026 16:58:32.172 INFO [main] org.apache.catalina.startup.HostConfig.deployDirectory Deploying web application directory [/home/mumuzinho/www/Trabalho-banco-de-dados-I/backend/apache-tomcat-9.0.87/webapps/examples]
25-May-2026 16:58:32.361 INFO [main] org.apache.catalina.startup.HostConfig.deployDirectory Deployment of web application directory [/home/mumuzinho/www/Trabalho-banco-de-dados-I/backend/apache-tomcat-9.0.87/webapps/examples] has finished in [189] ms
25-May-2026 16:58:32.362 INFO [main] org.apache.catalina.startup.HostConfig.deployDirectory Deploying web application directory [/home/mumuzinho/www/Trabalho-banco-de-dados-I/backend/apache-tomcat-9.0.87/webapps/docs]
25-May-2026 16:58:32.381 INFO [main] org.apache.catalina.startup.HostConfig.deployDirectory Deployment of web application directory [/home/mumuzinho/www/Trabalho-banco-de-dados-I/backend/apache-tomcat-9.0.87/webapps/docs] has finished in [19] ms
25-May-2026 16:58:32.381 INFO [main] org.apache.catalina.startup.HostConfig.deployDirectory Deploying web application directory [/home/mumuzinho/www/Trabalho-banco-de-dados-I/backend/apache-tomcat-9.0.87/webapps/ROOT]
25-May-2026 16:58:32.401 INFO [main] org.apache.catalina.startup.HostConfig.deployDirectory Deployment of web application directory [/home/mumuzinho/www/Trabalho-banco-de-dados-I/backend/apache-tomcat-9.0.87/webapps/ROOT] has finished in [20] ms
25-May-2026 16:58:32.401 INFO [main] org.apache.catalina.startup.HostConfig.deployDirectory Deploying web application directory [/home/mumuzinho/www/Trabalho-banco-de-dados-I/backend/apache-tomcat-9.0.87/webapps/host-manager]
25-May-2026 16:58:32.424 INFO [main] org.apache.catalina.startup.HostConfig.deployDirectory Deployment of web application directory [/home/mumuzinho/www/Trabalho-banco-de-dados-I/backend/apache-tomcat-9.0.87/webapps/host-manager] has finished in [23] ms
25-May-2026 16:58:32.429 INFO [main] org.apache.coyote.AbstractProtocol.start Starting ProtocolHandler ["http-nio-8080"]
25-May-2026 16:58:32.439 INFO [main] org.apache.catalina.startup.Catalina.start Server startup in [926] milliseconds
25-May-2026 16:58:50.252 INFO [main] org.apache.catalina.core.StandardServer.await A valid shutdown command was received via the shutdown port. Stopping the Server instance.
25-May-2026 16:58:50.252 INFO [main] org.apache.coyote.AbstractProtocol.pause Pausing ProtocolHandler ["http-nio-8080"]
25-May-2026 16:58:50.258 INFO [main] org.apache.catalina.core.StandardService.stopInternal Stopping service [Catalina]
25-May-2026 16:58:50.279 INFO [main] org.apache.coyote.AbstractProtocol.stop Stopping ProtocolHandler ["http-nio-8080"]
25-May-2026 16:58:50.286 INFO [main] org.apache.coyote.AbstractProtocol.destroy Destroying ProtocolHandler ["http-nio-8080"]
NOTE: Picked up JDK_JAVA_OPTIONS:  --add-opens=java.base/java.lang=ALL-UNNAMED --add-opens=java.base/java.io=ALL-UNNAMED --add-opens=java.base/java.util=ALL-UNNAMED --add-opens=java.base/java.util.concurrent=ALL-UNNAMED --add-opens=java.rmi/sun.rmi.transport=ALL-UNNAMED
25-May-2026 17:42:54.365 INFO [main] org.apache.catalina.startup.VersionLoggerListener.log Server version name:   Apache Tomcat/9.0.87
25-May-2026 17:42:54.368 INFO [main] org.apache.catalina.startup.VersionLoggerListener.log Server built:          Mar 11 2024 10:12:34 UTC
25-May-2026 17:42:54.368 INFO [main] org.apache.catalina.startup.VersionLoggerListener.log Server version number: 9.0.87.0
25-May-2026 17:42:54.368 INFO [main] org.apache.catalina.startup.VersionLoggerListener.log OS Name:               Linux
25-May-2026 17:42:54.368 INFO [main] org.apache.catalina.startup.VersionLoggerListener.log OS Version:            6.6.114.1-microsoft-standard-WSL2
25-May-2026 17:42:54.368 INFO [main] org.apache.catalina.startup.VersionLoggerListener.log Architecture:          amd64
25-May-2026 17:42:54.368 INFO [main] org.apache.catalina.startup.VersionLoggerListener.log Java Home:             /usr/lib/jvm/java-21-openjdk-amd64
25-May-2026 17:42:54.369 INFO [main] org.apache.catalina.startup.VersionLoggerListener.log JVM Version:           21.0.8+9-Ubuntu-0ubuntu122.04.1
25-May-2026 17:42:54.369 INFO [main] org.apache.catalina.startup.VersionLoggerListener.log JVM Vendor:            Ubuntu
25-May-2026 17:42:54.369 INFO [main] org.apache.catalina.startup.VersionLoggerListener.log CATALINA_BASE:         /home/mumuzinho/www/Trabalho-banco-de-dados-I/backend/apache-tomcat-9.0.87
25-May-2026 17:42:54.369 INFO [main] org.apache.catalina.startup.VersionLoggerListener.log CATALINA_HOME:         /home/mumuzinho/www/Trabalho-banco-de-dados-I/backend/apache-tomcat-9.0.87
25-May-2026 17:42:54.386 INFO [main] org.apache.catalina.startup.VersionLoggerListener.log Command line argument: --add-opens=java.base/java.lang=ALL-UNNAMED
25-May-2026 17:42:54.386 INFO [main] org.apache.catalina.startup.VersionLoggerListener.log Command line argument: --add-opens=java.base/java.io=ALL-UNNAMED
25-May-2026 17:42:54.386 INFO [main] org.apache.catalina.startup.VersionLoggerListener.log Command line argument: --add-opens=java.base/java.util=ALL-UNNAMED
25-May-2026 17:42:54.386 INFO [main] org.apache.catalina.startup.VersionLoggerListener.log Command line argument: --add-opens=java.base/java.util.concurrent=ALL-UNNAMED
25-May-2026 17:42:54.386 INFO [main] org.apache.catalina.startup.VersionLoggerListener.log Command line argument: --add-opens=java.rmi/sun.rmi.transport=ALL-UNNAMED
25-May-2026 17:42:54.386 INFO [main] org.apache.catalina.startup.VersionLoggerListener.log Command line argument: -Djava.util.logging.config.file=/home/mumuzinho/www/Trabalho-banco-de-dados-I/backend/apache-tomcat-9.0.87/conf/logging.properties
25-May-2026 17:42:54.386 INFO [main] org.apache.catalina.startup.VersionLoggerListener.log Command line argument: -Djava.util.logging.manager=org.apache.juli.ClassLoaderLogManager
25-May-2026 17:42:54.386 INFO [main] org.apache.catalina.startup.VersionLoggerListener.log Command line argument: -Djdk.tls.ephemeralDHKeySize=2048
25-May-2026 17:42:54.387 INFO [main] org.apache.catalina.startup.VersionLoggerListener.log Command line argument: -Djava.protocol.handler.pkgs=org.apache.catalina.webresources
25-May-2026 17:42:54.387 INFO [main] org.apache.catalina.startup.VersionLoggerListener.log Command line argument: -Dorg.apache.catalina.security.SecurityListener.UMASK=0027
25-May-2026 17:42:54.387 INFO [main] org.apache.catalina.startup.VersionLoggerListener.log Command line argument: -Dignore.endorsed.dirs=
25-May-2026 17:42:54.387 INFO [main] org.apache.catalina.startup.VersionLoggerListener.log Command line argument: -Dcatalina.base=/home/mumuzinho/www/Trabalho-banco-de-dados-I/backend/apache-tomcat-9.0.87
25-May-2026 17:42:54.387 INFO [main] org.apache.catalina.startup.VersionLoggerListener.log Command line argument: -Dcatalina.home=/home/mumuzinho/www/Trabalho-banco-de-dados-I/backend/apache-tomcat-9.0.87
25-May-2026 17:42:54.387 INFO [main] org.apache.catalina.startup.VersionLoggerListener.log Command line argument: -Djava.io.tmpdir=/home/mumuzinho/www/Trabalho-banco-de-dados-I/backend/apache-tomcat-9.0.87/temp
25-May-2026 17:42:54.390 INFO [main] org.apache.catalina.core.AprLifecycleListener.lifecycleEvent The Apache Tomcat Native library which allows using OpenSSL was not found on the java.library.path: [/usr/java/packages/lib:/usr/lib/x86_64-linux-gnu/jni:/lib/x86_64-linux-gnu:/usr/lib/x86_64-linux-gnu:/usr/lib/jni:/lib:/usr/lib]
25-May-2026 17:42:54.761 INFO [main] org.apache.coyote.AbstractProtocol.init Initializing ProtocolHandler ["http-nio-8080"]
25-May-2026 17:42:54.791 INFO [main] org.apache.catalina.startup.Catalina.load Server initialization in [698] milliseconds
25-May-2026 17:42:54.827 INFO [main] org.apache.catalina.core.StandardService.startInternal Starting service [Catalina]
25-May-2026 17:42:54.827 INFO [main] org.apache.catalina.core.StandardEngine.startInternal Starting Servlet engine: [Apache Tomcat/9.0.87]
25-May-2026 17:42:54.839 INFO [main] org.apache.catalina.startup.HostConfig.deployWAR Deploying web application archive [/home/mumuzinho/www/Trabalho-banco-de-dados-I/backend/apache-tomcat-9.0.87/webapps/bd2022.war]
25-May-2026 17:42:55.391 INFO [main] org.apache.jasper.servlet.TldScanner.scanJars At least one JAR was scanned for TLDs yet contained no TLDs. Enable debug logging for this logger for a complete list of JARs that were scanned but no TLDs were found in them. Skipping unneeded JARs during scanning can improve startup time and JSP compilation time.
25-May-2026 17:42:55.444 INFO [main] org.apache.catalina.startup.HostConfig.deployWAR Deployment of web application archive [/home/mumuzinho/www/Trabalho-banco-de-dados-I/backend/apache-tomcat-9.0.87/webapps/bd2022.war] has finished in [605] ms
25-May-2026 17:42:55.445 INFO [main] org.apache.catalina.startup.HostConfig.deployDirectory Deploying web application directory [/home/mumuzinho/www/Trabalho-banco-de-dados-I/backend/apache-tomcat-9.0.87/webapps/manager]
25-May-2026 17:42:55.491 INFO [main] org.apache.catalina.startup.HostConfig.deployDirectory Deployment of web application directory [/home/mumuzinho/www/Trabalho-banco-de-dados-I/backend/apache-tomcat-9.0.87/webapps/manager] has finished in [45] ms
25-May-2026 17:42:55.491 INFO [main] org.apache.catalina.startup.HostConfig.deployDirectory Deploying web application directory [/home/mumuzinho/www/Trabalho-banco-de-dados-I/backend/apache-tomcat-9.0.87/webapps/examples]
25-May-2026 17:42:55.683 INFO [main] org.apache.catalina.startup.HostConfig.deployDirectory Deployment of web application directory [/home/mumuzinho/www/Trabalho-banco-de-dados-I/backend/apache-tomcat-9.0.87/webapps/examples] has finished in [192] ms
25-May-2026 17:42:55.684 INFO [main] org.apache.catalina.startup.HostConfig.deployDirectory Deploying web application directory [/home/mumuzinho/www/Trabalho-banco-de-dados-I/backend/apache-tomcat-9.0.87/webapps/docs]
25-May-2026 17:42:55.706 INFO [main] org.apache.catalina.startup.HostConfig.deployDirectory Deployment of web application directory [/home/mumuzinho/www/Trabalho-banco-de-dados-I/backend/apache-tomcat-9.0.87/webapps/docs] has finished in [21] ms
25-May-2026 17:42:55.706 INFO [main] org.apache.catalina.startup.HostConfig.deployDirectory Deploying web application directory [/home/mumuzinho/www/Trabalho-banco-de-dados-I/backend/apache-tomcat-9.0.87/webapps/ROOT]
25-May-2026 17:42:55.726 INFO [main] org.apache.catalina.startup.HostConfig.deployDirectory Deployment of web application directory [/home/mumuzinho/www/Trabalho-banco-de-dados-I/backend/apache-tomcat-9.0.87/webapps/ROOT] has finished in [19] ms
25-May-2026 17:42:55.726 INFO [main] org.apache.catalina.startup.HostConfig.deployDirectory Deploying web application directory [/home/mumuzinho/www/Trabalho-banco-de-dados-I/backend/apache-tomcat-9.0.87/webapps/host-manager]
25-May-2026 17:42:55.758 INFO [main] org.apache.catalina.startup.HostConfig.deployDirectory Deployment of web application directory [/home/mumuzinho/www/Trabalho-banco-de-dados-I/backend/apache-tomcat-9.0.87/webapps/host-manager] has finished in [32] ms
25-May-2026 17:42:55.762 INFO [main] org.apache.coyote.AbstractProtocol.start Starting ProtocolHandler ["http-nio-8080"]
25-May-2026 17:42:55.776 INFO [main] org.apache.catalina.startup.Catalina.start Server startup in [984] milliseconds
25-May-2026 17:43:22.858 INFO [main] org.apache.catalina.core.StandardServer.await A valid shutdown command was received via the shutdown port. Stopping the Server instance.
25-May-2026 17:43:22.859 INFO [main] org.apache.coyote.AbstractProtocol.pause Pausing ProtocolHandler ["http-nio-8080"]
25-May-2026 17:43:22.865 INFO [main] org.apache.catalina.core.StandardService.stopInternal Stopping service [Catalina]
25-May-2026 17:43:22.900 INFO [main] org.apache.coyote.AbstractProtocol.stop Stopping ProtocolHandler ["http-nio-8080"]
25-May-2026 17:43:22.914 INFO [main] org.apache.coyote.AbstractProtocol.destroy Destroying ProtocolHandler ["http-nio-8080"]
NOTE: Picked up JDK_JAVA_OPTIONS:  --add-opens=java.base/java.lang=ALL-UNNAMED --add-opens=java.base/java.io=ALL-UNNAMED --add-opens=java.base/java.util=ALL-UNNAMED --add-opens=java.base/java.util.concurrent=ALL-UNNAMED --add-opens=java.rmi/sun.rmi.transport=ALL-UNNAMED
25-May-2026 17:43:51.158 INFO [main] org.apache.catalina.startup.VersionLoggerListener.log Server version name:   Apache Tomcat/9.0.87
25-May-2026 17:43:51.170 INFO [main] org.apache.catalina.startup.VersionLoggerListener.log Server built:          Mar 11 2024 10:12:34 UTC
25-May-2026 17:43:51.170 INFO [main] org.apache.catalina.startup.VersionLoggerListener.log Server version number: 9.0.87.0
25-May-2026 17:43:51.170 INFO [main] org.apache.catalina.startup.VersionLoggerListener.log OS Name:               Linux
25-May-2026 17:43:51.170 INFO [main] org.apache.catalina.startup.VersionLoggerListener.log OS Version:            6.6.114.1-microsoft-standard-WSL2
25-May-2026 17:43:51.170 INFO [main] org.apache.catalina.startup.VersionLoggerListener.log Architecture:          amd64
25-May-2026 17:43:51.170 INFO [main] org.apache.catalina.startup.VersionLoggerListener.log Java Home:             /usr/lib/jvm/java-21-openjdk-amd64
25-May-2026 17:43:51.170 INFO [main] org.apache.catalina.startup.VersionLoggerListener.log JVM Version:           21.0.8+9-Ubuntu-0ubuntu122.04.1
25-May-2026 17:43:51.170 INFO [main] org.apache.catalina.startup.VersionLoggerListener.log JVM Vendor:            Ubuntu
25-May-2026 17:43:51.171 INFO [main] org.apache.catalina.startup.VersionLoggerListener.log CATALINA_BASE:         /home/mumuzinho/www/Trabalho-banco-de-dados-I/backend/apache-tomcat-9.0.87
25-May-2026 17:43:51.171 INFO [main] org.apache.catalina.startup.VersionLoggerListener.log CATALINA_HOME:         /home/mumuzinho/www/Trabalho-banco-de-dados-I/backend/apache-tomcat-9.0.87
25-May-2026 17:43:51.178 INFO [main] org.apache.catalina.startup.VersionLoggerListener.log Command line argument: --add-opens=java.base/java.lang=ALL-UNNAMED
25-May-2026 17:43:51.178 INFO [main] org.apache.catalina.startup.VersionLoggerListener.log Command line argument: --add-opens=java.base/java.io=ALL-UNNAMED
25-May-2026 17:43:51.178 INFO [main] org.apache.catalina.startup.VersionLoggerListener.log Command line argument: --add-opens=java.base/java.util=ALL-UNNAMED
25-May-2026 17:43:51.178 INFO [main] org.apache.catalina.startup.VersionLoggerListener.log Command line argument: --add-opens=java.base/java.util.concurrent=ALL-UNNAMED
25-May-2026 17:43:51.178 INFO [main] org.apache.catalina.startup.VersionLoggerListener.log Command line argument: --add-opens=java.rmi/sun.rmi.transport=ALL-UNNAMED
25-May-2026 17:43:51.178 INFO [main] org.apache.catalina.startup.VersionLoggerListener.log Command line argument: -Djava.util.logging.config.file=/home/mumuzinho/www/Trabalho-banco-de-dados-I/backend/apache-tomcat-9.0.87/conf/logging.properties
25-May-2026 17:43:51.178 INFO [main] org.apache.catalina.startup.VersionLoggerListener.log Command line argument: -Djava.util.logging.manager=org.apache.juli.ClassLoaderLogManager
25-May-2026 17:43:51.178 INFO [main] org.apache.catalina.startup.VersionLoggerListener.log Command line argument: -Djdk.tls.ephemeralDHKeySize=2048
25-May-2026 17:43:51.178 INFO [main] org.apache.catalina.startup.VersionLoggerListener.log Command line argument: -Djava.protocol.handler.pkgs=org.apache.catalina.webresources
25-May-2026 17:43:51.179 INFO [main] org.apache.catalina.startup.VersionLoggerListener.log Command line argument: -Dorg.apache.catalina.security.SecurityListener.UMASK=0027
25-May-2026 17:43:51.179 INFO [main] org.apache.catalina.startup.VersionLoggerListener.log Command line argument: -Dignore.endorsed.dirs=
25-May-2026 17:43:51.179 INFO [main] org.apache.catalina.startup.VersionLoggerListener.log Command line argument: -Dcatalina.base=/home/mumuzinho/www/Trabalho-banco-de-dados-I/backend/apache-tomcat-9.0.87
25-May-2026 17:43:51.179 INFO [main] org.apache.catalina.startup.VersionLoggerListener.log Command line argument: -Dcatalina.home=/home/mumuzinho/www/Trabalho-banco-de-dados-I/backend/apache-tomcat-9.0.87
25-May-2026 17:43:51.179 INFO [main] org.apache.catalina.startup.VersionLoggerListener.log Command line argument: -Djava.io.tmpdir=/home/mumuzinho/www/Trabalho-banco-de-dados-I/backend/apache-tomcat-9.0.87/temp
25-May-2026 17:43:51.180 INFO [main] org.apache.catalina.core.AprLifecycleListener.lifecycleEvent The Apache Tomcat Native library which allows using OpenSSL was not found on the java.library.path: [/usr/java/packages/lib:/usr/lib/x86_64-linux-gnu/jni:/lib/x86_64-linux-gnu:/usr/lib/x86_64-linux-gnu:/usr/lib/jni:/lib:/usr/lib]
25-May-2026 17:43:51.514 INFO [main] org.apache.coyote.AbstractProtocol.init Initializing ProtocolHandler ["http-nio-8080"]
25-May-2026 17:43:51.536 INFO [main] org.apache.catalina.startup.Catalina.load Server initialization in [542] milliseconds
25-May-2026 17:43:51.581 INFO [main] org.apache.catalina.core.StandardService.startInternal Starting service [Catalina]
25-May-2026 17:43:51.581 INFO [main] org.apache.catalina.core.StandardEngine.startInternal Starting Servlet engine: [Apache Tomcat/9.0.87]
25-May-2026 17:43:51.593 INFO [main] org.apache.catalina.startup.HostConfig.deployWAR Deploying web application archive [/home/mumuzinho/www/Trabalho-banco-de-dados-I/backend/apache-tomcat-9.0.87/webapps/bd2022.war]
25-May-2026 17:43:52.031 INFO [main] org.apache.jasper.servlet.TldScanner.scanJars At least one JAR was scanned for TLDs yet contained no TLDs. Enable debug logging for this logger for a complete list of JARs that were scanned but no TLDs were found in them. Skipping unneeded JARs during scanning can improve startup time and JSP compilation time.
25-May-2026 17:43:52.067 INFO [main] org.apache.catalina.startup.HostConfig.deployWAR Deployment of web application archive [/home/mumuzinho/www/Trabalho-banco-de-dados-I/backend/apache-tomcat-9.0.87/webapps/bd2022.war] has finished in [473] ms
25-May-2026 17:43:52.067 INFO [main] org.apache.catalina.startup.HostConfig.deployDirectory Deploying web application directory [/home/mumuzinho/www/Trabalho-banco-de-dados-I/backend/apache-tomcat-9.0.87/webapps/manager]
25-May-2026 17:43:52.094 INFO [main] org.apache.catalina.startup.HostConfig.deployDirectory Deployment of web application directory [/home/mumuzinho/www/Trabalho-banco-de-dados-I/backend/apache-tomcat-9.0.87/webapps/manager] has finished in [27] ms
25-May-2026 17:43:52.095 INFO [main] org.apache.catalina.startup.HostConfig.deployDirectory Deploying web application directory [/home/mumuzinho/www/Trabalho-banco-de-dados-I/backend/apache-tomcat-9.0.87/webapps/examples]
25-May-2026 17:43:52.288 INFO [main] org.apache.catalina.startup.HostConfig.deployDirectory Deployment of web application directory [/home/mumuzinho/www/Trabalho-banco-de-dados-I/backend/apache-tomcat-9.0.87/webapps/examples] has finished in [193] ms
25-May-2026 17:43:52.290 INFO [main] org.apache.catalina.startup.HostConfig.deployDirectory Deploying web application directory [/home/mumuzinho/www/Trabalho-banco-de-dados-I/backend/apache-tomcat-9.0.87/webapps/docs]
25-May-2026 17:43:52.324 INFO [main] org.apache.catalina.startup.HostConfig.deployDirectory Deployment of web application directory [/home/mumuzinho/www/Trabalho-banco-de-dados-I/backend/apache-tomcat-9.0.87/webapps/docs] has finished in [34] ms
25-May-2026 17:43:52.324 INFO [main] org.apache.catalina.startup.HostConfig.deployDirectory Deploying web application directory [/home/mumuzinho/www/Trabalho-banco-de-dados-I/backend/apache-tomcat-9.0.87/webapps/ROOT]
25-May-2026 17:43:52.362 INFO [main] org.apache.catalina.startup.HostConfig.deployDirectory Deployment of web application directory [/home/mumuzinho/www/Trabalho-banco-de-dados-I/backend/apache-tomcat-9.0.87/webapps/ROOT] has finished in [37] ms
25-May-2026 17:43:52.362 INFO [main] org.apache.catalina.startup.HostConfig.deployDirectory Deploying web application directory [/home/mumuzinho/www/Trabalho-banco-de-dados-I/backend/apache-tomcat-9.0.87/webapps/host-manager]
25-May-2026 17:43:52.396 INFO [main] org.apache.catalina.startup.HostConfig.deployDirectory Deployment of web application directory [/home/mumuzinho/www/Trabalho-banco-de-dados-I/backend/apache-tomcat-9.0.87/webapps/host-manager] has finished in [34] ms
25-May-2026 17:43:52.400 INFO [main] org.apache.coyote.AbstractProtocol.start Starting ProtocolHandler ["http-nio-8080"]
25-May-2026 17:43:52.415 INFO [main] org.apache.catalina.startup.Catalina.start Server startup in [872] milliseconds
25-May-2026 17:45:03.572 INFO [main] org.apache.catalina.core.StandardServer.await A valid shutdown command was received via the shutdown port. Stopping the Server instance.
25-May-2026 17:45:03.572 INFO [main] org.apache.coyote.AbstractProtocol.pause Pausing ProtocolHandler ["http-nio-8080"]
25-May-2026 17:45:03.579 INFO [main] org.apache.catalina.core.StandardService.stopInternal Stopping service [Catalina]
25-May-2026 17:45:03.611 INFO [main] org.apache.coyote.AbstractProtocol.stop Stopping ProtocolHandler ["http-nio-8080"]
25-May-2026 17:45:03.621 INFO [main] org.apache.coyote.AbstractProtocol.destroy Destroying ProtocolHandler ["http-nio-8080"]
NOTE: Picked up JDK_JAVA_OPTIONS:  --add-opens=java.base/java.lang=ALL-UNNAMED --add-opens=java.base/java.io=ALL-UNNAMED --add-opens=java.base/java.util=ALL-UNNAMED --add-opens=java.base/java.util.concurrent=ALL-UNNAMED --add-opens=java.rmi/sun.rmi.transport=ALL-UNNAMED
25-May-2026 17:45:07.839 INFO [main] org.apache.catalina.startup.VersionLoggerListener.log Server version name:   Apache Tomcat/9.0.87
25-May-2026 17:45:07.846 INFO [main] org.apache.catalina.startup.VersionLoggerListener.log Server built:          Mar 11 2024 10:12:34 UTC
25-May-2026 17:45:07.846 INFO [main] org.apache.catalina.startup.VersionLoggerListener.log Server version number: 9.0.87.0
25-May-2026 17:45:07.847 INFO [main] org.apache.catalina.startup.VersionLoggerListener.log OS Name:               Linux
25-May-2026 17:45:07.847 INFO [main] org.apache.catalina.startup.VersionLoggerListener.log OS Version:            6.6.114.1-microsoft-standard-WSL2
25-May-2026 17:45:07.847 INFO [main] org.apache.catalina.startup.VersionLoggerListener.log Architecture:          amd64
25-May-2026 17:45:07.847 INFO [main] org.apache.catalina.startup.VersionLoggerListener.log Java Home:             /usr/lib/jvm/java-21-openjdk-amd64
25-May-2026 17:45:07.847 INFO [main] org.apache.catalina.startup.VersionLoggerListener.log JVM Version:           21.0.8+9-Ubuntu-0ubuntu122.04.1
25-May-2026 17:45:07.847 INFO [main] org.apache.catalina.startup.VersionLoggerListener.log JVM Vendor:            Ubuntu
25-May-2026 17:45:07.847 INFO [main] org.apache.catalina.startup.VersionLoggerListener.log CATALINA_BASE:         /home/mumuzinho/www/Trabalho-banco-de-dados-I/backend/apache-tomcat-9.0.87
25-May-2026 17:45:07.847 INFO [main] org.apache.catalina.startup.VersionLoggerListener.log CATALINA_HOME:         /home/mumuzinho/www/Trabalho-banco-de-dados-I/backend/apache-tomcat-9.0.87
25-May-2026 17:45:07.854 INFO [main] org.apache.catalina.startup.VersionLoggerListener.log Command line argument: --add-opens=java.base/java.lang=ALL-UNNAMED
25-May-2026 17:45:07.854 INFO [main] org.apache.catalina.startup.VersionLoggerListener.log Command line argument: --add-opens=java.base/java.io=ALL-UNNAMED
25-May-2026 17:45:07.854 INFO [main] org.apache.catalina.startup.VersionLoggerListener.log Command line argument: --add-opens=java.base/java.util=ALL-UNNAMED
25-May-2026 17:45:07.854 INFO [main] org.apache.catalina.startup.VersionLoggerListener.log Command line argument: --add-opens=java.base/java.util.concurrent=ALL-UNNAMED
25-May-2026 17:45:07.854 INFO [main] org.apache.catalina.startup.VersionLoggerListener.log Command line argument: --add-opens=java.rmi/sun.rmi.transport=ALL-UNNAMED
25-May-2026 17:45:07.854 INFO [main] org.apache.catalina.startup.VersionLoggerListener.log Command line argument: -Djava.util.logging.config.file=/home/mumuzinho/www/Trabalho-banco-de-dados-I/backend/apache-tomcat-9.0.87/conf/logging.properties
25-May-2026 17:45:07.854 INFO [main] org.apache.catalina.startup.VersionLoggerListener.log Command line argument: -Djava.util.logging.manager=org.apache.juli.ClassLoaderLogManager
25-May-2026 17:45:07.854 INFO [main] org.apache.catalina.startup.VersionLoggerListener.log Command line argument: -Djdk.tls.ephemeralDHKeySize=2048
25-May-2026 17:45:07.854 INFO [main] org.apache.catalina.startup.VersionLoggerListener.log Command line argument: -Djava.protocol.handler.pkgs=org.apache.catalina.webresources
25-May-2026 17:45:07.854 INFO [main] org.apache.catalina.startup.VersionLoggerListener.log Command line argument: -Dorg.apache.catalina.security.SecurityListener.UMASK=0027
25-May-2026 17:45:07.854 INFO [main] org.apache.catalina.startup.VersionLoggerListener.log Command line argument: -Dignore.endorsed.dirs=
25-May-2026 17:45:07.854 INFO [main] org.apache.catalina.startup.VersionLoggerListener.log Command line argument: -Dcatalina.base=/home/mumuzinho/www/Trabalho-banco-de-dados-I/backend/apache-tomcat-9.0.87
25-May-2026 17:45:07.854 INFO [main] org.apache.catalina.startup.VersionLoggerListener.log Command line argument: -Dcatalina.home=/home/mumuzinho/www/Trabalho-banco-de-dados-I/backend/apache-tomcat-9.0.87
25-May-2026 17:45:07.854 INFO [main] org.apache.catalina.startup.VersionLoggerListener.log Command line argument: -Djava.io.tmpdir=/home/mumuzinho/www/Trabalho-banco-de-dados-I/backend/apache-tomcat-9.0.87/temp
25-May-2026 17:45:07.856 INFO [main] org.apache.catalina.core.AprLifecycleListener.lifecycleEvent The Apache Tomcat Native library which allows using OpenSSL was not found on the java.library.path: [/usr/java/packages/lib:/usr/lib/x86_64-linux-gnu/jni:/lib/x86_64-linux-gnu:/usr/lib/x86_64-linux-gnu:/usr/lib/jni:/lib:/usr/lib]
25-May-2026 17:45:08.296 INFO [main] org.apache.coyote.AbstractProtocol.init Initializing ProtocolHandler ["http-nio-8080"]
25-May-2026 17:45:08.320 INFO [main] org.apache.catalina.startup.Catalina.load Server initialization in [619] milliseconds
25-May-2026 17:45:08.354 INFO [main] org.apache.catalina.core.StandardService.startInternal Starting service [Catalina]
25-May-2026 17:45:08.354 INFO [main] org.apache.catalina.core.StandardEngine.startInternal Starting Servlet engine: [Apache Tomcat/9.0.87]
25-May-2026 17:45:08.365 INFO [main] org.apache.catalina.startup.HostConfig.deployWAR Deploying web application archive [/home/mumuzinho/www/Trabalho-banco-de-dados-I/backend/apache-tomcat-9.0.87/webapps/bd2022.war]
25-May-2026 17:45:08.827 INFO [main] org.apache.jasper.servlet.TldScanner.scanJars At least one JAR was scanned for TLDs yet contained no TLDs. Enable debug logging for this logger for a complete list of JARs that were scanned but no TLDs were found in them. Skipping unneeded JARs during scanning can improve startup time and JSP compilation time.
25-May-2026 17:45:08.860 INFO [main] org.apache.catalina.startup.HostConfig.deployWAR Deployment of web application archive [/home/mumuzinho/www/Trabalho-banco-de-dados-I/backend/apache-tomcat-9.0.87/webapps/bd2022.war] has finished in [495] ms
25-May-2026 17:45:08.861 INFO [main] org.apache.catalina.startup.HostConfig.deployDirectory Deploying web application directory [/home/mumuzinho/www/Trabalho-banco-de-dados-I/backend/apache-tomcat-9.0.87/webapps/manager]
25-May-2026 17:45:08.886 INFO [main] org.apache.catalina.startup.HostConfig.deployDirectory Deployment of web application directory [/home/mumuzinho/www/Trabalho-banco-de-dados-I/backend/apache-tomcat-9.0.87/webapps/manager] has finished in [25] ms
25-May-2026 17:45:08.887 INFO [main] org.apache.catalina.startup.HostConfig.deployDirectory Deploying web application directory [/home/mumuzinho/www/Trabalho-banco-de-dados-I/backend/apache-tomcat-9.0.87/webapps/examples]
25-May-2026 17:45:09.061 INFO [main] org.apache.catalina.startup.HostConfig.deployDirectory Deployment of web application directory [/home/mumuzinho/www/Trabalho-banco-de-dados-I/backend/apache-tomcat-9.0.87/webapps/examples] has finished in [174] ms
25-May-2026 17:45:09.063 INFO [main] org.apache.catalina.startup.HostConfig.deployDirectory Deploying web application directory [/home/mumuzinho/www/Trabalho-banco-de-dados-I/backend/apache-tomcat-9.0.87/webapps/docs]
25-May-2026 17:45:09.097 INFO [main] org.apache.catalina.startup.HostConfig.deployDirectory Deployment of web application directory [/home/mumuzinho/www/Trabalho-banco-de-dados-I/backend/apache-tomcat-9.0.87/webapps/docs] has finished in [34] ms
25-May-2026 17:45:09.098 INFO [main] org.apache.catalina.startup.HostConfig.deployDirectory Deploying web application directory [/home/mumuzinho/www/Trabalho-banco-de-dados-I/backend/apache-tomcat-9.0.87/webapps/ROOT]
25-May-2026 17:45:09.120 INFO [main] org.apache.catalina.startup.HostConfig.deployDirectory Deployment of web application directory [/home/mumuzinho/www/Trabalho-banco-de-dados-I/backend/apache-tomcat-9.0.87/webapps/ROOT] has finished in [23] ms
25-May-2026 17:45:09.123 INFO [main] org.apache.catalina.startup.HostConfig.deployDirectory Deploying web application directory [/home/mumuzinho/www/Trabalho-banco-de-dados-I/backend/apache-tomcat-9.0.87/webapps/host-manager]
25-May-2026 17:45:09.154 INFO [main] org.apache.catalina.startup.HostConfig.deployDirectory Deployment of web application directory [/home/mumuzinho/www/Trabalho-banco-de-dados-I/backend/apache-tomcat-9.0.87/webapps/host-manager] has finished in [32] ms
25-May-2026 17:45:09.163 INFO [main] org.apache.coyote.AbstractProtocol.start Starting ProtocolHandler ["http-nio-8080"]
25-May-2026 17:45:09.172 INFO [main] org.apache.catalina.startup.Catalina.start Server startup in [849] milliseconds
25-May-2026 17:48:49.406 INFO [main] org.apache.catalina.core.StandardServer.await A valid shutdown command was received via the shutdown port. Stopping the Server instance.
25-May-2026 17:48:49.407 INFO [main] org.apache.coyote.AbstractProtocol.pause Pausing ProtocolHandler ["http-nio-8080"]
25-May-2026 17:48:49.411 INFO [main] org.apache.catalina.core.StandardService.stopInternal Stopping service [Catalina]
25-May-2026 17:48:49.435 INFO [main] org.apache.coyote.AbstractProtocol.stop Stopping ProtocolHandler ["http-nio-8080"]
25-May-2026 17:48:49.439 INFO [main] org.apache.coyote.AbstractProtocol.destroy Destroying ProtocolHandler ["http-nio-8080"]
NOTE: Picked up JDK_JAVA_OPTIONS:  --add-opens=java.base/java.lang=ALL-UNNAMED --add-opens=java.base/java.io=ALL-UNNAMED --add-opens=java.base/java.util=ALL-UNNAMED --add-opens=java.base/java.util.concurrent=ALL-UNNAMED --add-opens=java.rmi/sun.rmi.transport=ALL-UNNAMED
25-May-2026 17:49:00.859 INFO [main] org.apache.catalina.startup.VersionLoggerListener.log Server version name:   Apache Tomcat/9.0.87
25-May-2026 17:49:00.862 INFO [main] org.apache.catalina.startup.VersionLoggerListener.log Server built:          Mar 11 2024 10:12:34 UTC
25-May-2026 17:49:00.862 INFO [main] org.apache.catalina.startup.VersionLoggerListener.log Server version number: 9.0.87.0
25-May-2026 17:49:00.862 INFO [main] org.apache.catalina.startup.VersionLoggerListener.log OS Name:               Linux
25-May-2026 17:49:00.862 INFO [main] org.apache.catalina.startup.VersionLoggerListener.log OS Version:            6.6.114.1-microsoft-standard-WSL2
25-May-2026 17:49:00.862 INFO [main] org.apache.catalina.startup.VersionLoggerListener.log Architecture:          amd64
25-May-2026 17:49:00.862 INFO [main] org.apache.catalina.startup.VersionLoggerListener.log Java Home:             /usr/lib/jvm/java-21-openjdk-amd64
25-May-2026 17:49:00.862 INFO [main] org.apache.catalina.startup.VersionLoggerListener.log JVM Version:           21.0.8+9-Ubuntu-0ubuntu122.04.1
25-May-2026 17:49:00.862 INFO [main] org.apache.catalina.startup.VersionLoggerListener.log JVM Vendor:            Ubuntu
25-May-2026 17:49:00.863 INFO [main] org.apache.catalina.startup.VersionLoggerListener.log CATALINA_BASE:         /home/mumuzinho/www/Trabalho-banco-de-dados-I/backend/apache-tomcat-9.0.87
25-May-2026 17:49:00.863 INFO [main] org.apache.catalina.startup.VersionLoggerListener.log CATALINA_HOME:         /home/mumuzinho/www/Trabalho-banco-de-dados-I/backend/apache-tomcat-9.0.87
25-May-2026 17:49:00.871 INFO [main] org.apache.catalina.startup.VersionLoggerListener.log Command line argument: --add-opens=java.base/java.lang=ALL-UNNAMED
25-May-2026 17:49:00.871 INFO [main] org.apache.catalina.startup.VersionLoggerListener.log Command line argument: --add-opens=java.base/java.io=ALL-UNNAMED
25-May-2026 17:49:00.871 INFO [main] org.apache.catalina.startup.VersionLoggerListener.log Command line argument: --add-opens=java.base/java.util=ALL-UNNAMED
25-May-2026 17:49:00.872 INFO [main] org.apache.catalina.startup.VersionLoggerListener.log Command line argument: --add-opens=java.base/java.util.concurrent=ALL-UNNAMED
25-May-2026 17:49:00.872 INFO [main] org.apache.catalina.startup.VersionLoggerListener.log Command line argument: --add-opens=java.rmi/sun.rmi.transport=ALL-UNNAMED
25-May-2026 17:49:00.872 INFO [main] org.apache.catalina.startup.VersionLoggerListener.log Command line argument: -Djava.util.logging.config.file=/home/mumuzinho/www/Trabalho-banco-de-dados-I/backend/apache-tomcat-9.0.87/conf/logging.properties
25-May-2026 17:49:00.872 INFO [main] org.apache.catalina.startup.VersionLoggerListener.log Command line argument: -Djava.util.logging.manager=org.apache.juli.ClassLoaderLogManager
25-May-2026 17:49:00.872 INFO [main] org.apache.catalina.startup.VersionLoggerListener.log Command line argument: -Djdk.tls.ephemeralDHKeySize=2048
25-May-2026 17:49:00.872 INFO [main] org.apache.catalina.startup.VersionLoggerListener.log Command line argument: -Djava.protocol.handler.pkgs=org.apache.catalina.webresources
25-May-2026 17:49:00.872 INFO [main] org.apache.catalina.startup.VersionLoggerListener.log Command line argument: -Dorg.apache.catalina.security.SecurityListener.UMASK=0027
25-May-2026 17:49:00.872 INFO [main] org.apache.catalina.startup.VersionLoggerListener.log Command line argument: -Dignore.endorsed.dirs=
25-May-2026 17:49:00.873 INFO [main] org.apache.catalina.startup.VersionLoggerListener.log Command line argument: -Dcatalina.base=/home/mumuzinho/www/Trabalho-banco-de-dados-I/backend/apache-tomcat-9.0.87
25-May-2026 17:49:00.873 INFO [main] org.apache.catalina.startup.VersionLoggerListener.log Command line argument: -Dcatalina.home=/home/mumuzinho/www/Trabalho-banco-de-dados-I/backend/apache-tomcat-9.0.87
25-May-2026 17:49:00.873 INFO [main] org.apache.catalina.startup.VersionLoggerListener.log Command line argument: -Djava.io.tmpdir=/home/mumuzinho/www/Trabalho-banco-de-dados-I/backend/apache-tomcat-9.0.87/temp
25-May-2026 17:49:00.874 INFO [main] org.apache.catalina.core.AprLifecycleListener.lifecycleEvent The Apache Tomcat Native library which allows using OpenSSL was not found on the java.library.path: [/usr/java/packages/lib:/usr/lib/x86_64-linux-gnu/jni:/lib/x86_64-linux-gnu:/usr/lib/x86_64-linux-gnu:/usr/lib/jni:/lib:/usr/lib]
25-May-2026 17:49:01.162 INFO [main] org.apache.coyote.AbstractProtocol.init Initializing ProtocolHandler ["http-nio-8080"]
25-May-2026 17:49:01.179 INFO [main] org.apache.catalina.startup.Catalina.load Server initialization in [509] milliseconds
25-May-2026 17:49:01.218 INFO [main] org.apache.catalina.core.StandardService.startInternal Starting service [Catalina]
25-May-2026 17:49:01.218 INFO [main] org.apache.catalina.core.StandardEngine.startInternal Starting Servlet engine: [Apache Tomcat/9.0.87]
25-May-2026 17:49:01.232 INFO [main] org.apache.catalina.startup.HostConfig.deployWAR Deploying web application archive [/home/mumuzinho/www/Trabalho-banco-de-dados-I/backend/apache-tomcat-9.0.87/webapps/bd2022.war]
25-May-2026 17:49:01.733 INFO [main] org.apache.jasper.servlet.TldScanner.scanJars At least one JAR was scanned for TLDs yet contained no TLDs. Enable debug logging for this logger for a complete list of JARs that were scanned but no TLDs were found in them. Skipping unneeded JARs during scanning can improve startup time and JSP compilation time.
25-May-2026 17:49:01.773 INFO [main] org.apache.catalina.startup.HostConfig.deployWAR Deployment of web application archive [/home/mumuzinho/www/Trabalho-banco-de-dados-I/backend/apache-tomcat-9.0.87/webapps/bd2022.war] has finished in [541] ms
25-May-2026 17:49:01.774 INFO [main] org.apache.catalina.startup.HostConfig.deployDirectory Deploying web application directory [/home/mumuzinho/www/Trabalho-banco-de-dados-I/backend/apache-tomcat-9.0.87/webapps/manager]
25-May-2026 17:49:01.802 INFO [main] org.apache.catalina.startup.HostConfig.deployDirectory Deployment of web application directory [/home/mumuzinho/www/Trabalho-banco-de-dados-I/backend/apache-tomcat-9.0.87/webapps/manager] has finished in [28] ms
25-May-2026 17:49:01.802 INFO [main] org.apache.catalina.startup.HostConfig.deployDirectory Deploying web application directory [/home/mumuzinho/www/Trabalho-banco-de-dados-I/backend/apache-tomcat-9.0.87/webapps/examples]
25-May-2026 17:49:01.982 INFO [main] org.apache.catalina.startup.HostConfig.deployDirectory Deployment of web application directory [/home/mumuzinho/www/Trabalho-banco-de-dados-I/backend/apache-tomcat-9.0.87/webapps/examples] has finished in [180] ms
25-May-2026 17:49:01.983 INFO [main] org.apache.catalina.startup.HostConfig.deployDirectory Deploying web application directory [/home/mumuzinho/www/Trabalho-banco-de-dados-I/backend/apache-tomcat-9.0.87/webapps/docs]
25-May-2026 17:49:01.997 INFO [main] org.apache.catalina.startup.HostConfig.deployDirectory Deployment of web application directory [/home/mumuzinho/www/Trabalho-banco-de-dados-I/backend/apache-tomcat-9.0.87/webapps/docs] has finished in [13] ms
25-May-2026 17:49:01.997 INFO [main] org.apache.catalina.startup.HostConfig.deployDirectory Deploying web application directory [/home/mumuzinho/www/Trabalho-banco-de-dados-I/backend/apache-tomcat-9.0.87/webapps/ROOT]
25-May-2026 17:49:02.009 INFO [main] org.apache.catalina.startup.HostConfig.deployDirectory Deployment of web application directory [/home/mumuzinho/www/Trabalho-banco-de-dados-I/backend/apache-tomcat-9.0.87/webapps/ROOT] has finished in [12] ms
25-May-2026 17:49:02.010 INFO [main] org.apache.catalina.startup.HostConfig.deployDirectory Deploying web application directory [/home/mumuzinho/www/Trabalho-banco-de-dados-I/backend/apache-tomcat-9.0.87/webapps/host-manager]
25-May-2026 17:49:02.024 INFO [main] org.apache.catalina.startup.HostConfig.deployDirectory Deployment of web application directory [/home/mumuzinho/www/Trabalho-banco-de-dados-I/backend/apache-tomcat-9.0.87/webapps/host-manager] has finished in [14] ms
25-May-2026 17:49:02.030 INFO [main] org.apache.coyote.AbstractProtocol.start Starting ProtocolHandler ["http-nio-8080"]
25-May-2026 17:49:02.052 INFO [main] org.apache.catalina.startup.Catalina.start Server startup in [871] milliseconds
25-May-2026 17:55:59.435 INFO [main] org.apache.catalina.core.StandardServer.await A valid shutdown command was received via the shutdown port. Stopping the Server instance.
25-May-2026 17:55:59.435 INFO [main] org.apache.coyote.AbstractProtocol.pause Pausing ProtocolHandler ["http-nio-8080"]
25-May-2026 17:55:59.443 INFO [main] org.apache.catalina.core.StandardService.stopInternal Stopping service [Catalina]
25-May-2026 17:55:59.472 INFO [main] org.apache.coyote.AbstractProtocol.stop Stopping ProtocolHandler ["http-nio-8080"]
25-May-2026 17:55:59.476 INFO [main] org.apache.coyote.AbstractProtocol.destroy Destroying ProtocolHandler ["http-nio-8080"]
NOTE: Picked up JDK_JAVA_OPTIONS:  --add-opens=java.base/java.lang=ALL-UNNAMED --add-opens=java.base/java.io=ALL-UNNAMED --add-opens=java.base/java.util=ALL-UNNAMED --add-opens=java.base/java.util.concurrent=ALL-UNNAMED --add-opens=java.rmi/sun.rmi.transport=ALL-UNNAMED
25-May-2026 17:56:26.499 INFO [main] org.apache.catalina.startup.VersionLoggerListener.log Server version name:   Apache Tomcat/9.0.87
25-May-2026 17:56:26.502 INFO [main] org.apache.catalina.startup.VersionLoggerListener.log Server built:          Mar 11 2024 10:12:34 UTC
25-May-2026 17:56:26.502 INFO [main] org.apache.catalina.startup.VersionLoggerListener.log Server version number: 9.0.87.0
25-May-2026 17:56:26.502 INFO [main] org.apache.catalina.startup.VersionLoggerListener.log OS Name:               Linux
25-May-2026 17:56:26.502 INFO [main] org.apache.catalina.startup.VersionLoggerListener.log OS Version:            6.6.114.1-microsoft-standard-WSL2
25-May-2026 17:56:26.502 INFO [main] org.apache.catalina.startup.VersionLoggerListener.log Architecture:          amd64
25-May-2026 17:56:26.502 INFO [main] org.apache.catalina.startup.VersionLoggerListener.log Java Home:             /usr/lib/jvm/java-21-openjdk-amd64
25-May-2026 17:56:26.502 INFO [main] org.apache.catalina.startup.VersionLoggerListener.log JVM Version:           21.0.8+9-Ubuntu-0ubuntu122.04.1
25-May-2026 17:56:26.502 INFO [main] org.apache.catalina.startup.VersionLoggerListener.log JVM Vendor:            Ubuntu
25-May-2026 17:56:26.502 INFO [main] org.apache.catalina.startup.VersionLoggerListener.log CATALINA_BASE:         /home/mumuzinho/www/Trabalho-banco-de-dados-I/backend/apache-tomcat-9.0.87
25-May-2026 17:56:26.502 INFO [main] org.apache.catalina.startup.VersionLoggerListener.log CATALINA_HOME:         /home/mumuzinho/www/Trabalho-banco-de-dados-I/backend/apache-tomcat-9.0.87
25-May-2026 17:56:26.517 INFO [main] org.apache.catalina.startup.VersionLoggerListener.log Command line argument: --add-opens=java.base/java.lang=ALL-UNNAMED
25-May-2026 17:56:26.517 INFO [main] org.apache.catalina.startup.VersionLoggerListener.log Command line argument: --add-opens=java.base/java.io=ALL-UNNAMED
25-May-2026 17:56:26.517 INFO [main] org.apache.catalina.startup.VersionLoggerListener.log Command line argument: --add-opens=java.base/java.util=ALL-UNNAMED
25-May-2026 17:56:26.517 INFO [main] org.apache.catalina.startup.VersionLoggerListener.log Command line argument: --add-opens=java.base/java.util.concurrent=ALL-UNNAMED
25-May-2026 17:56:26.517 INFO [main] org.apache.catalina.startup.VersionLoggerListener.log Command line argument: --add-opens=java.rmi/sun.rmi.transport=ALL-UNNAMED
25-May-2026 17:56:26.517 INFO [main] org.apache.catalina.startup.VersionLoggerListener.log Command line argument: -Djava.util.logging.config.file=/home/mumuzinho/www/Trabalho-banco-de-dados-I/backend/apache-tomcat-9.0.87/conf/logging.properties
25-May-2026 17:56:26.517 INFO [main] org.apache.catalina.startup.VersionLoggerListener.log Command line argument: -Djava.util.logging.manager=org.apache.juli.ClassLoaderLogManager
25-May-2026 17:56:26.517 INFO [main] org.apache.catalina.startup.VersionLoggerListener.log Command line argument: -Djdk.tls.ephemeralDHKeySize=2048
25-May-2026 17:56:26.517 INFO [main] org.apache.catalina.startup.VersionLoggerListener.log Command line argument: -Djava.protocol.handler.pkgs=org.apache.catalina.webresources
25-May-2026 17:56:26.517 INFO [main] org.apache.catalina.startup.VersionLoggerListener.log Command line argument: -Dorg.apache.catalina.security.SecurityListener.UMASK=0027
25-May-2026 17:56:26.517 INFO [main] org.apache.catalina.startup.VersionLoggerListener.log Command line argument: -Dignore.endorsed.dirs=
25-May-2026 17:56:26.517 INFO [main] org.apache.catalina.startup.VersionLoggerListener.log Command line argument: -Dcatalina.base=/home/mumuzinho/www/Trabalho-banco-de-dados-I/backend/apache-tomcat-9.0.87
25-May-2026 17:56:26.517 INFO [main] org.apache.catalina.startup.VersionLoggerListener.log Command line argument: -Dcatalina.home=/home/mumuzinho/www/Trabalho-banco-de-dados-I/backend/apache-tomcat-9.0.87
25-May-2026 17:56:26.517 INFO [main] org.apache.catalina.startup.VersionLoggerListener.log Command line argument: -Djava.io.tmpdir=/home/mumuzinho/www/Trabalho-banco-de-dados-I/backend/apache-tomcat-9.0.87/temp
25-May-2026 17:56:26.521 INFO [main] org.apache.catalina.core.AprLifecycleListener.lifecycleEvent The Apache Tomcat Native library which allows using OpenSSL was not found on the java.library.path: [/usr/java/packages/lib:/usr/lib/x86_64-linux-gnu/jni:/lib/x86_64-linux-gnu:/usr/lib/x86_64-linux-gnu:/usr/lib/jni:/lib:/usr/lib]
25-May-2026 17:56:26.847 INFO [main] org.apache.coyote.AbstractProtocol.init Initializing ProtocolHandler ["http-nio-8080"]
25-May-2026 17:56:26.869 INFO [main] org.apache.catalina.startup.Catalina.load Server initialization in [550] milliseconds
25-May-2026 17:56:26.913 INFO [main] org.apache.catalina.core.StandardService.startInternal Starting service [Catalina]
25-May-2026 17:56:26.913 INFO [main] org.apache.catalina.core.StandardEngine.startInternal Starting Servlet engine: [Apache Tomcat/9.0.87]
25-May-2026 17:56:26.932 INFO [main] org.apache.catalina.startup.HostConfig.deployWAR Deploying web application archive [/home/mumuzinho/www/Trabalho-banco-de-dados-I/backend/apache-tomcat-9.0.87/webapps/bd2022.war]
25-May-2026 17:56:27.383 INFO [main] org.apache.jasper.servlet.TldScanner.scanJars At least one JAR was scanned for TLDs yet contained no TLDs. Enable debug logging for this logger for a complete list of JARs that were scanned but no TLDs were found in them. Skipping unneeded JARs during scanning can improve startup time and JSP compilation time.
25-May-2026 17:56:27.426 INFO [main] org.apache.catalina.startup.HostConfig.deployWAR Deployment of web application archive [/home/mumuzinho/www/Trabalho-banco-de-dados-I/backend/apache-tomcat-9.0.87/webapps/bd2022.war] has finished in [494] ms
25-May-2026 17:56:27.427 INFO [main] org.apache.catalina.startup.HostConfig.deployDirectory Deploying web application directory [/home/mumuzinho/www/Trabalho-banco-de-dados-I/backend/apache-tomcat-9.0.87/webapps/manager]
25-May-2026 17:56:27.455 INFO [main] org.apache.catalina.startup.HostConfig.deployDirectory Deployment of web application directory [/home/mumuzinho/www/Trabalho-banco-de-dados-I/backend/apache-tomcat-9.0.87/webapps/manager] has finished in [28] ms
25-May-2026 17:56:27.455 INFO [main] org.apache.catalina.startup.HostConfig.deployDirectory Deploying web application directory [/home/mumuzinho/www/Trabalho-banco-de-dados-I/backend/apache-tomcat-9.0.87/webapps/examples]
25-May-2026 17:56:27.563 INFO [main] org.apache.catalina.startup.HostConfig.deployDirectory Deployment of web application directory [/home/mumuzinho/www/Trabalho-banco-de-dados-I/backend/apache-tomcat-9.0.87/webapps/examples] has finished in [108] ms
25-May-2026 17:56:27.563 INFO [main] org.apache.catalina.startup.HostConfig.deployDirectory Deploying web application directory [/home/mumuzinho/www/Trabalho-banco-de-dados-I/backend/apache-tomcat-9.0.87/webapps/docs]
25-May-2026 17:56:27.577 INFO [main] org.apache.catalina.startup.HostConfig.deployDirectory Deployment of web application directory [/home/mumuzinho/www/Trabalho-banco-de-dados-I/backend/apache-tomcat-9.0.87/webapps/docs] has finished in [13] ms
25-May-2026 17:56:27.577 INFO [main] org.apache.catalina.startup.HostConfig.deployDirectory Deploying web application directory [/home/mumuzinho/www/Trabalho-banco-de-dados-I/backend/apache-tomcat-9.0.87/webapps/ROOT]
25-May-2026 17:56:27.595 INFO [main] org.apache.catalina.startup.HostConfig.deployDirectory Deployment of web application directory [/home/mumuzinho/www/Trabalho-banco-de-dados-I/backend/apache-tomcat-9.0.87/webapps/ROOT] has finished in [18] ms
25-May-2026 17:56:27.595 INFO [main] org.apache.catalina.startup.HostConfig.deployDirectory Deploying web application directory [/home/mumuzinho/www/Trabalho-banco-de-dados-I/backend/apache-tomcat-9.0.87/webapps/host-manager]
25-May-2026 17:56:27.611 INFO [main] org.apache.catalina.startup.HostConfig.deployDirectory Deployment of web application directory [/home/mumuzinho/www/Trabalho-banco-de-dados-I/backend/apache-tomcat-9.0.87/webapps/host-manager] has finished in [16] ms
25-May-2026 17:56:27.615 INFO [main] org.apache.coyote.AbstractProtocol.start Starting ProtocolHandler ["http-nio-8080"]
25-May-2026 17:56:27.631 INFO [main] org.apache.catalina.startup.Catalina.start Server startup in [757] milliseconds
25-May-2026 18:02:11.087 INFO [main] org.apache.catalina.core.StandardServer.await A valid shutdown command was received via the shutdown port. Stopping the Server instance.
25-May-2026 18:02:11.088 INFO [main] org.apache.coyote.AbstractProtocol.pause Pausing ProtocolHandler ["http-nio-8080"]
25-May-2026 18:02:11.095 INFO [main] org.apache.catalina.core.StandardService.stopInternal Stopping service [Catalina]
25-May-2026 18:02:11.132 INFO [main] org.apache.coyote.AbstractProtocol.stop Stopping ProtocolHandler ["http-nio-8080"]
25-May-2026 18:02:11.138 INFO [main] org.apache.coyote.AbstractProtocol.destroy Destroying ProtocolHandler ["http-nio-8080"]
NOTE: Picked up JDK_JAVA_OPTIONS:  --add-opens=java.base/java.lang=ALL-UNNAMED --add-opens=java.base/java.io=ALL-UNNAMED --add-opens=java.base/java.util=ALL-UNNAMED --add-opens=java.base/java.util.concurrent=ALL-UNNAMED --add-opens=java.rmi/sun.rmi.transport=ALL-UNNAMED
25-May-2026 18:02:20.588 INFO [main] org.apache.catalina.startup.VersionLoggerListener.log Server version name:   Apache Tomcat/9.0.87
25-May-2026 18:02:20.592 INFO [main] org.apache.catalina.startup.VersionLoggerListener.log Server built:          Mar 11 2024 10:12:34 UTC
25-May-2026 18:02:20.592 INFO [main] org.apache.catalina.startup.VersionLoggerListener.log Server version number: 9.0.87.0
25-May-2026 18:02:20.592 INFO [main] org.apache.catalina.startup.VersionLoggerListener.log OS Name:               Linux
25-May-2026 18:02:20.592 INFO [main] org.apache.catalina.startup.VersionLoggerListener.log OS Version:            6.6.114.1-microsoft-standard-WSL2
25-May-2026 18:02:20.592 INFO [main] org.apache.catalina.startup.VersionLoggerListener.log Architecture:          amd64
25-May-2026 18:02:20.593 INFO [main] org.apache.catalina.startup.VersionLoggerListener.log Java Home:             /usr/lib/jvm/java-21-openjdk-amd64
25-May-2026 18:02:20.593 INFO [main] org.apache.catalina.startup.VersionLoggerListener.log JVM Version:           21.0.8+9-Ubuntu-0ubuntu122.04.1
25-May-2026 18:02:20.593 INFO [main] org.apache.catalina.startup.VersionLoggerListener.log JVM Vendor:            Ubuntu
25-May-2026 18:02:20.593 INFO [main] org.apache.catalina.startup.VersionLoggerListener.log CATALINA_BASE:         /home/mumuzinho/www/Trabalho-banco-de-dados-I/backend/apache-tomcat-9.0.87
25-May-2026 18:02:20.593 INFO [main] org.apache.catalina.startup.VersionLoggerListener.log CATALINA_HOME:         /home/mumuzinho/www/Trabalho-banco-de-dados-I/backend/apache-tomcat-9.0.87
25-May-2026 18:02:20.603 INFO [main] org.apache.catalina.startup.VersionLoggerListener.log Command line argument: --add-opens=java.base/java.lang=ALL-UNNAMED
25-May-2026 18:02:20.603 INFO [main] org.apache.catalina.startup.VersionLoggerListener.log Command line argument: --add-opens=java.base/java.io=ALL-UNNAMED
25-May-2026 18:02:20.603 INFO [main] org.apache.catalina.startup.VersionLoggerListener.log Command line argument: --add-opens=java.base/java.util=ALL-UNNAMED
25-May-2026 18:02:20.603 INFO [main] org.apache.catalina.startup.VersionLoggerListener.log Command line argument: --add-opens=java.base/java.util.concurrent=ALL-UNNAMED
25-May-2026 18:02:20.603 INFO [main] org.apache.catalina.startup.VersionLoggerListener.log Command line argument: --add-opens=java.rmi/sun.rmi.transport=ALL-UNNAMED
25-May-2026 18:02:20.603 INFO [main] org.apache.catalina.startup.VersionLoggerListener.log Command line argument: -Djava.util.logging.config.file=/home/mumuzinho/www/Trabalho-banco-de-dados-I/backend/apache-tomcat-9.0.87/conf/logging.properties
25-May-2026 18:02:20.603 INFO [main] org.apache.catalina.startup.VersionLoggerListener.log Command line argument: -Djava.util.logging.manager=org.apache.juli.ClassLoaderLogManager
25-May-2026 18:02:20.603 INFO [main] org.apache.catalina.startup.VersionLoggerListener.log Command line argument: -Djdk.tls.ephemeralDHKeySize=2048
25-May-2026 18:02:20.603 INFO [main] org.apache.catalina.startup.VersionLoggerListener.log Command line argument: -Djava.protocol.handler.pkgs=org.apache.catalina.webresources
25-May-2026 18:02:20.603 INFO [main] org.apache.catalina.startup.VersionLoggerListener.log Command line argument: -Dorg.apache.catalina.security.SecurityListener.UMASK=0027
25-May-2026 18:02:20.603 INFO [main] org.apache.catalina.startup.VersionLoggerListener.log Command line argument: -Dignore.endorsed.dirs=
25-May-2026 18:02:20.603 INFO [main] org.apache.catalina.startup.VersionLoggerListener.log Command line argument: -Dcatalina.base=/home/mumuzinho/www/Trabalho-banco-de-dados-I/backend/apache-tomcat-9.0.87
25-May-2026 18:02:20.603 INFO [main] org.apache.catalina.startup.VersionLoggerListener.log Command line argument: -Dcatalina.home=/home/mumuzinho/www/Trabalho-banco-de-dados-I/backend/apache-tomcat-9.0.87
25-May-2026 18:02:20.603 INFO [main] org.apache.catalina.startup.VersionLoggerListener.log Command line argument: -Djava.io.tmpdir=/home/mumuzinho/www/Trabalho-banco-de-dados-I/backend/apache-tomcat-9.0.87/temp
25-May-2026 18:02:20.604 INFO [main] org.apache.catalina.core.AprLifecycleListener.lifecycleEvent The Apache Tomcat Native library which allows using OpenSSL was not found on the java.library.path: [/usr/java/packages/lib:/usr/lib/x86_64-linux-gnu/jni:/lib/x86_64-linux-gnu:/usr/lib/x86_64-linux-gnu:/usr/lib/jni:/lib:/usr/lib]
25-May-2026 18:02:20.961 INFO [main] org.apache.coyote.AbstractProtocol.init Initializing ProtocolHandler ["http-nio-8080"]
25-May-2026 18:02:20.983 INFO [main] org.apache.catalina.startup.Catalina.load Server initialization in [534] milliseconds
25-May-2026 18:02:21.016 INFO [main] org.apache.catalina.core.StandardService.startInternal Starting service [Catalina]
25-May-2026 18:02:21.017 INFO [main] org.apache.catalina.core.StandardEngine.startInternal Starting Servlet engine: [Apache Tomcat/9.0.87]
25-May-2026 18:02:21.027 INFO [main] org.apache.catalina.startup.HostConfig.deployWAR Deploying web application archive [/home/mumuzinho/www/Trabalho-banco-de-dados-I/backend/apache-tomcat-9.0.87/webapps/bd2022.war]
25-May-2026 18:02:21.442 INFO [main] org.apache.jasper.servlet.TldScanner.scanJars At least one JAR was scanned for TLDs yet contained no TLDs. Enable debug logging for this logger for a complete list of JARs that were scanned but no TLDs were found in them. Skipping unneeded JARs during scanning can improve startup time and JSP compilation time.
25-May-2026 18:02:21.475 INFO [main] org.apache.catalina.startup.HostConfig.deployWAR Deployment of web application archive [/home/mumuzinho/www/Trabalho-banco-de-dados-I/backend/apache-tomcat-9.0.87/webapps/bd2022.war] has finished in [448] ms
25-May-2026 18:02:21.476 INFO [main] org.apache.catalina.startup.HostConfig.deployDirectory Deploying web application directory [/home/mumuzinho/www/Trabalho-banco-de-dados-I/backend/apache-tomcat-9.0.87/webapps/manager]
25-May-2026 18:02:21.513 INFO [main] org.apache.catalina.startup.HostConfig.deployDirectory Deployment of web application directory [/home/mumuzinho/www/Trabalho-banco-de-dados-I/backend/apache-tomcat-9.0.87/webapps/manager] has finished in [37] ms
25-May-2026 18:02:21.513 INFO [main] org.apache.catalina.startup.HostConfig.deployDirectory Deploying web application directory [/home/mumuzinho/www/Trabalho-banco-de-dados-I/backend/apache-tomcat-9.0.87/webapps/examples]
25-May-2026 18:02:21.656 INFO [main] org.apache.catalina.startup.HostConfig.deployDirectory Deployment of web application directory [/home/mumuzinho/www/Trabalho-banco-de-dados-I/backend/apache-tomcat-9.0.87/webapps/examples] has finished in [143] ms
25-May-2026 18:02:21.656 INFO [main] org.apache.catalina.startup.HostConfig.deployDirectory Deploying web application directory [/home/mumuzinho/www/Trabalho-banco-de-dados-I/backend/apache-tomcat-9.0.87/webapps/docs]
25-May-2026 18:02:21.668 INFO [main] org.apache.catalina.startup.HostConfig.deployDirectory Deployment of web application directory [/home/mumuzinho/www/Trabalho-banco-de-dados-I/backend/apache-tomcat-9.0.87/webapps/docs] has finished in [12] ms
25-May-2026 18:02:21.668 INFO [main] org.apache.catalina.startup.HostConfig.deployDirectory Deploying web application directory [/home/mumuzinho/www/Trabalho-banco-de-dados-I/backend/apache-tomcat-9.0.87/webapps/ROOT]
25-May-2026 18:02:21.683 INFO [main] org.apache.catalina.startup.HostConfig.deployDirectory Deployment of web application directory [/home/mumuzinho/www/Trabalho-banco-de-dados-I/backend/apache-tomcat-9.0.87/webapps/ROOT] has finished in [15] ms
25-May-2026 18:02:21.683 INFO [main] org.apache.catalina.startup.HostConfig.deployDirectory Deploying web application directory [/home/mumuzinho/www/Trabalho-banco-de-dados-I/backend/apache-tomcat-9.0.87/webapps/host-manager]
25-May-2026 18:02:21.695 INFO [main] org.apache.catalina.startup.HostConfig.deployDirectory Deployment of web application directory [/home/mumuzinho/www/Trabalho-banco-de-dados-I/backend/apache-tomcat-9.0.87/webapps/host-manager] has finished in [12] ms
25-May-2026 18:02:21.707 INFO [main] org.apache.coyote.AbstractProtocol.start Starting ProtocolHandler ["http-nio-8080"]
25-May-2026 18:02:21.718 INFO [main] org.apache.catalina.startup.Catalina.start Server startup in [734] milliseconds
25-May-2026 18:03:01.712 INFO [Catalina-utility-2] org.apache.catalina.startup.HostConfig.undeploy Undeploying context [/bd2022]
25-May-2026 18:03:11.722 INFO [Catalina-utility-2] org.apache.catalina.startup.HostConfig.deployWAR Deploying web application archive [/home/mumuzinho/www/Trabalho-banco-de-dados-I/backend/apache-tomcat-9.0.87/webapps/bd2022-1.0-SNAPSHOT.war]
25-May-2026 18:03:11.998 INFO [Catalina-utility-2] org.apache.jasper.servlet.TldScanner.scanJars At least one JAR was scanned for TLDs yet contained no TLDs. Enable debug logging for this logger for a complete list of JARs that were scanned but no TLDs were found in them. Skipping unneeded JARs during scanning can improve startup time and JSP compilation time.
25-May-2026 18:03:12.003 INFO [Catalina-utility-2] org.apache.catalina.startup.HostConfig.deployWAR Deployment of web application archive [/home/mumuzinho/www/Trabalho-banco-de-dados-I/backend/apache-tomcat-9.0.87/webapps/bd2022-1.0-SNAPSHOT.war] has finished in [281] ms
25-May-2026 18:03:31.703 INFO [main] org.apache.catalina.core.StandardServer.await A valid shutdown command was received via the shutdown port. Stopping the Server instance.
25-May-2026 18:03:31.703 INFO [main] org.apache.coyote.AbstractProtocol.pause Pausing ProtocolHandler ["http-nio-8080"]
25-May-2026 18:03:31.710 INFO [main] org.apache.catalina.core.StandardService.stopInternal Stopping service [Catalina]
25-May-2026 18:03:31.732 INFO [main] org.apache.coyote.AbstractProtocol.stop Stopping ProtocolHandler ["http-nio-8080"]
25-May-2026 18:03:31.747 INFO [main] org.apache.coyote.AbstractProtocol.destroy Destroying ProtocolHandler ["http-nio-8080"]
NOTE: Picked up JDK_JAVA_OPTIONS:  --add-opens=java.base/java.lang=ALL-UNNAMED --add-opens=java.base/java.io=ALL-UNNAMED --add-opens=java.base/java.util=ALL-UNNAMED --add-opens=java.base/java.util.concurrent=ALL-UNNAMED --add-opens=java.rmi/sun.rmi.transport=ALL-UNNAMED
25-May-2026 18:03:40.504 INFO [main] org.apache.catalina.startup.VersionLoggerListener.log Server version name:   Apache Tomcat/9.0.87
25-May-2026 18:03:40.510 INFO [main] org.apache.catalina.startup.VersionLoggerListener.log Server built:          Mar 11 2024 10:12:34 UTC
25-May-2026 18:03:40.510 INFO [main] org.apache.catalina.startup.VersionLoggerListener.log Server version number: 9.0.87.0
25-May-2026 18:03:40.510 INFO [main] org.apache.catalina.startup.VersionLoggerListener.log OS Name:               Linux
25-May-2026 18:03:40.510 INFO [main] org.apache.catalina.startup.VersionLoggerListener.log OS Version:            6.6.114.1-microsoft-standard-WSL2
25-May-2026 18:03:40.511 INFO [main] org.apache.catalina.startup.VersionLoggerListener.log Architecture:          amd64
25-May-2026 18:03:40.511 INFO [main] org.apache.catalina.startup.VersionLoggerListener.log Java Home:             /usr/lib/jvm/java-21-openjdk-amd64
25-May-2026 18:03:40.511 INFO [main] org.apache.catalina.startup.VersionLoggerListener.log JVM Version:           21.0.8+9-Ubuntu-0ubuntu122.04.1
25-May-2026 18:03:40.511 INFO [main] org.apache.catalina.startup.VersionLoggerListener.log JVM Vendor:            Ubuntu
25-May-2026 18:03:40.511 INFO [main] org.apache.catalina.startup.VersionLoggerListener.log CATALINA_BASE:         /home/mumuzinho/www/Trabalho-banco-de-dados-I/backend/apache-tomcat-9.0.87
25-May-2026 18:03:40.511 INFO [main] org.apache.catalina.startup.VersionLoggerListener.log CATALINA_HOME:         /home/mumuzinho/www/Trabalho-banco-de-dados-I/backend/apache-tomcat-9.0.87
25-May-2026 18:03:40.524 INFO [main] org.apache.catalina.startup.VersionLoggerListener.log Command line argument: --add-opens=java.base/java.lang=ALL-UNNAMED
25-May-2026 18:03:40.524 INFO [main] org.apache.catalina.startup.VersionLoggerListener.log Command line argument: --add-opens=java.base/java.io=ALL-UNNAMED
25-May-2026 18:03:40.524 INFO [main] org.apache.catalina.startup.VersionLoggerListener.log Command line argument: --add-opens=java.base/java.util=ALL-UNNAMED
25-May-2026 18:03:40.524 INFO [main] org.apache.catalina.startup.VersionLoggerListener.log Command line argument: --add-opens=java.base/java.util.concurrent=ALL-UNNAMED
25-May-2026 18:03:40.524 INFO [main] org.apache.catalina.startup.VersionLoggerListener.log Command line argument: --add-opens=java.rmi/sun.rmi.transport=ALL-UNNAMED
25-May-2026 18:03:40.524 INFO [main] org.apache.catalina.startup.VersionLoggerListener.log Command line argument: -Djava.util.logging.config.file=/home/mumuzinho/www/Trabalho-banco-de-dados-I/backend/apache-tomcat-9.0.87/conf/logging.properties
25-May-2026 18:03:40.524 INFO [main] org.apache.catalina.startup.VersionLoggerListener.log Command line argument: -Djava.util.logging.manager=org.apache.juli.ClassLoaderLogManager
25-May-2026 18:03:40.524 INFO [main] org.apache.catalina.startup.VersionLoggerListener.log Command line argument: -Djdk.tls.ephemeralDHKeySize=2048
25-May-2026 18:03:40.525 INFO [main] org.apache.catalina.startup.VersionLoggerListener.log Command line argument: -Djava.protocol.handler.pkgs=org.apache.catalina.webresources
25-May-2026 18:03:40.525 INFO [main] org.apache.catalina.startup.VersionLoggerListener.log Command line argument: -Dorg.apache.catalina.security.SecurityListener.UMASK=0027
25-May-2026 18:03:40.525 INFO [main] org.apache.catalina.startup.VersionLoggerListener.log Command line argument: -Dignore.endorsed.dirs=
25-May-2026 18:03:40.525 INFO [main] org.apache.catalina.startup.VersionLoggerListener.log Command line argument: -Dcatalina.base=/home/mumuzinho/www/Trabalho-banco-de-dados-I/backend/apache-tomcat-9.0.87
25-May-2026 18:03:40.525 INFO [main] org.apache.catalina.startup.VersionLoggerListener.log Command line argument: -Dcatalina.home=/home/mumuzinho/www/Trabalho-banco-de-dados-I/backend/apache-tomcat-9.0.87
25-May-2026 18:03:40.525 INFO [main] org.apache.catalina.startup.VersionLoggerListener.log Command line argument: -Djava.io.tmpdir=/home/mumuzinho/www/Trabalho-banco-de-dados-I/backend/apache-tomcat-9.0.87/temp
25-May-2026 18:03:40.529 INFO [main] org.apache.catalina.core.AprLifecycleListener.lifecycleEvent The Apache Tomcat Native library which allows using OpenSSL was not found on the java.library.path: [/usr/java/packages/lib:/usr/lib/x86_64-linux-gnu/jni:/lib/x86_64-linux-gnu:/usr/lib/x86_64-linux-gnu:/usr/lib/jni:/lib:/usr/lib]
25-May-2026 18:03:40.829 INFO [main] org.apache.coyote.AbstractProtocol.init Initializing ProtocolHandler ["http-nio-8080"]
25-May-2026 18:03:40.855 INFO [main] org.apache.catalina.startup.Catalina.load Server initialization in [566] milliseconds
25-May-2026 18:03:40.893 INFO [main] org.apache.catalina.core.StandardService.startInternal Starting service [Catalina]
25-May-2026 18:03:40.894 INFO [main] org.apache.catalina.core.StandardEngine.startInternal Starting Servlet engine: [Apache Tomcat/9.0.87]
25-May-2026 18:03:40.907 INFO [main] org.apache.catalina.startup.HostConfig.deployWAR Deploying web application archive [/home/mumuzinho/www/Trabalho-banco-de-dados-I/backend/apache-tomcat-9.0.87/webapps/bd2022-1.0-SNAPSHOT.war]
25-May-2026 18:03:41.353 INFO [main] org.apache.jasper.servlet.TldScanner.scanJars At least one JAR was scanned for TLDs yet contained no TLDs. Enable debug logging for this logger for a complete list of JARs that were scanned but no TLDs were found in them. Skipping unneeded JARs during scanning can improve startup time and JSP compilation time.
25-May-2026 18:03:41.390 INFO [main] org.apache.catalina.startup.HostConfig.deployWAR Deployment of web application archive [/home/mumuzinho/www/Trabalho-banco-de-dados-I/backend/apache-tomcat-9.0.87/webapps/bd2022-1.0-SNAPSHOT.war] has finished in [482] ms
25-May-2026 18:03:41.390 INFO [main] org.apache.catalina.startup.HostConfig.deployDirectory Deploying web application directory [/home/mumuzinho/www/Trabalho-banco-de-dados-I/backend/apache-tomcat-9.0.87/webapps/manager]
25-May-2026 18:03:41.432 INFO [main] org.apache.catalina.startup.HostConfig.deployDirectory Deployment of web application directory [/home/mumuzinho/www/Trabalho-banco-de-dados-I/backend/apache-tomcat-9.0.87/webapps/manager] has finished in [42] ms
25-May-2026 18:03:41.432 INFO [main] org.apache.catalina.startup.HostConfig.deployDirectory Deploying web application directory [/home/mumuzinho/www/Trabalho-banco-de-dados-I/backend/apache-tomcat-9.0.87/webapps/examples]
25-May-2026 18:03:41.586 INFO [main] org.apache.catalina.startup.HostConfig.deployDirectory Deployment of web application directory [/home/mumuzinho/www/Trabalho-banco-de-dados-I/backend/apache-tomcat-9.0.87/webapps/examples] has finished in [154] ms
25-May-2026 18:03:41.587 INFO [main] org.apache.catalina.startup.HostConfig.deployDirectory Deploying web application directory [/home/mumuzinho/www/Trabalho-banco-de-dados-I/backend/apache-tomcat-9.0.87/webapps/docs]
25-May-2026 18:03:41.611 INFO [main] org.apache.catalina.startup.HostConfig.deployDirectory Deployment of web application directory [/home/mumuzinho/www/Trabalho-banco-de-dados-I/backend/apache-tomcat-9.0.87/webapps/docs] has finished in [24] ms
25-May-2026 18:03:41.612 INFO [main] org.apache.catalina.startup.HostConfig.deployDirectory Deploying web application directory [/home/mumuzinho/www/Trabalho-banco-de-dados-I/backend/apache-tomcat-9.0.87/webapps/ROOT]
25-May-2026 18:03:41.627 INFO [main] org.apache.catalina.startup.HostConfig.deployDirectory Deployment of web application directory [/home/mumuzinho/www/Trabalho-banco-de-dados-I/backend/apache-tomcat-9.0.87/webapps/ROOT] has finished in [14] ms
25-May-2026 18:03:41.627 INFO [main] org.apache.catalina.startup.HostConfig.deployDirectory Deploying web application directory [/home/mumuzinho/www/Trabalho-banco-de-dados-I/backend/apache-tomcat-9.0.87/webapps/host-manager]
25-May-2026 18:03:41.645 INFO [main] org.apache.catalina.startup.HostConfig.deployDirectory Deployment of web application directory [/home/mumuzinho/www/Trabalho-banco-de-dados-I/backend/apache-tomcat-9.0.87/webapps/host-manager] has finished in [18] ms
25-May-2026 18:03:41.651 INFO [main] org.apache.coyote.AbstractProtocol.start Starting ProtocolHandler ["http-nio-8080"]
25-May-2026 18:03:41.657 INFO [main] org.apache.catalina.startup.Catalina.start Server startup in [800] milliseconds
25-May-2026 18:04:23.137 SEVERE [http-nio-8080-exec-3] dao.PgUserDAO.all DAO
	org.postgresql.util.PSQLException: ERROR: relation "j2ee.user" does not exist
  Position: 23
		at org.postgresql.core.v3.QueryExecutorImpl.receiveErrorResponse(QueryExecutorImpl.java:2676)
		at org.postgresql.core.v3.QueryExecutorImpl.processResults(QueryExecutorImpl.java:2366)
		at org.postgresql.core.v3.QueryExecutorImpl.execute(QueryExecutorImpl.java:356)
		at org.postgresql.jdbc.PgStatement.executeInternal(PgStatement.java:496)
		at org.postgresql.jdbc.PgStatement.execute(PgStatement.java:413)
		at org.postgresql.jdbc.PgPreparedStatement.executeWithFlags(PgPreparedStatement.java:190)
		at org.postgresql.jdbc.PgPreparedStatement.executeQuery(PgPreparedStatement.java:134)
		at dao.PgUserDAO.all(PgUserDAO.java:234)
		at controller.UserController.doGet(UserController.java:101)
		at javax.servlet.http.HttpServlet.service(HttpServlet.java:529)
		at javax.servlet.http.HttpServlet.service(HttpServlet.java:623)
		at org.apache.catalina.core.ApplicationFilterChain.internalDoFilter(ApplicationFilterChain.java:210)
		at org.apache.catalina.core.ApplicationFilterChain.doFilter(ApplicationFilterChain.java:154)
		at org.apache.tomcat.websocket.server.WsFilter.doFilter(WsFilter.java:51)
		at org.apache.catalina.core.ApplicationFilterChain.internalDoFilter(ApplicationFilterChain.java:179)
		at org.apache.catalina.core.ApplicationFilterChain.doFilter(ApplicationFilterChain.java:154)
		at org.apache.catalina.core.StandardWrapperValve.invoke(StandardWrapperValve.java:168)
		at org.apache.catalina.core.StandardContextValve.invoke(StandardContextValve.java:90)
		at org.apache.catalina.authenticator.AuthenticatorBase.invoke(AuthenticatorBase.java:481)
		at org.apache.catalina.core.StandardHostValve.invoke(StandardHostValve.java:130)
		at org.apache.catalina.valves.ErrorReportValve.invoke(ErrorReportValve.java:93)
		at org.apache.catalina.valves.AbstractAccessLogValve.invoke(AbstractAccessLogValve.java:670)
		at org.apache.catalina.core.StandardEngineValve.invoke(StandardEngineValve.java:74)
		at org.apache.catalina.connector.CoyoteAdapter.service(CoyoteAdapter.java:346)
		at org.apache.coyote.http11.Http11Processor.service(Http11Processor.java:390)
		at org.apache.coyote.AbstractProcessorLight.process(AbstractProcessorLight.java:63)
		at org.apache.coyote.AbstractProtocol$ConnectionHandler.process(AbstractProtocol.java:928)
		at org.apache.tomcat.util.net.NioEndpoint$SocketProcessor.doRun(NioEndpoint.java:1786)
		at org.apache.tomcat.util.net.SocketProcessorBase.run(SocketProcessorBase.java:52)
		at org.apache.tomcat.util.threads.ThreadPoolExecutor.runWorker(ThreadPoolExecutor.java:1191)
		at org.apache.tomcat.util.threads.ThreadPoolExecutor$Worker.run(ThreadPoolExecutor.java:659)
		at org.apache.tomcat.util.threads.TaskThread$WrappingRunnable.run(TaskThread.java:63)
		at java.base/java.lang.Thread.run(Thread.java:1583)
25-May-2026 18:04:54.645 INFO [main] org.apache.catalina.core.StandardServer.await A valid shutdown command was received via the shutdown port. Stopping the Server instance.
25-May-2026 18:04:54.645 INFO [main] org.apache.coyote.AbstractProtocol.pause Pausing ProtocolHandler ["http-nio-8080"]
25-May-2026 18:04:54.646 INFO [main] org.apache.catalina.core.StandardService.stopInternal Stopping service [Catalina]
25-May-2026 18:04:54.664 WARNING [main] org.apache.catalina.loader.WebappClassLoaderBase.clearReferencesJdbc The web application [bd2022-1.0-SNAPSHOT] registered the JDBC driver [org.postgresql.Driver] but failed to unregister it when the web application was stopped. To prevent a memory leak, the JDBC Driver has been forcibly unregistered.
25-May-2026 18:04:54.674 INFO [main] org.apache.coyote.AbstractProtocol.stop Stopping ProtocolHandler ["http-nio-8080"]
25-May-2026 18:04:54.682 INFO [main] org.apache.coyote.AbstractProtocol.destroy Destroying ProtocolHandler ["http-nio-8080"]
NOTE: Picked up JDK_JAVA_OPTIONS:  --add-opens=java.base/java.lang=ALL-UNNAMED --add-opens=java.base/java.io=ALL-UNNAMED --add-opens=java.base/java.util=ALL-UNNAMED --add-opens=java.base/java.util.concurrent=ALL-UNNAMED --add-opens=java.rmi/sun.rmi.transport=ALL-UNNAMED
25-May-2026 18:05:22.842 INFO [main] org.apache.catalina.startup.VersionLoggerListener.log Server version name:   Apache Tomcat/9.0.87
25-May-2026 18:05:22.847 INFO [main] org.apache.catalina.startup.VersionLoggerListener.log Server built:          Mar 11 2024 10:12:34 UTC
25-May-2026 18:05:22.847 INFO [main] org.apache.catalina.startup.VersionLoggerListener.log Server version number: 9.0.87.0
25-May-2026 18:05:22.847 INFO [main] org.apache.catalina.startup.VersionLoggerListener.log OS Name:               Linux
25-May-2026 18:05:22.847 INFO [main] org.apache.catalina.startup.VersionLoggerListener.log OS Version:            6.6.114.1-microsoft-standard-WSL2
25-May-2026 18:05:22.850 INFO [main] org.apache.catalina.startup.VersionLoggerListener.log Architecture:          amd64
25-May-2026 18:05:22.850 INFO [main] org.apache.catalina.startup.VersionLoggerListener.log Java Home:             /usr/lib/jvm/java-21-openjdk-amd64
25-May-2026 18:05:22.850 INFO [main] org.apache.catalina.startup.VersionLoggerListener.log JVM Version:           21.0.8+9-Ubuntu-0ubuntu122.04.1
25-May-2026 18:05:22.850 INFO [main] org.apache.catalina.startup.VersionLoggerListener.log JVM Vendor:            Ubuntu
25-May-2026 18:05:22.850 INFO [main] org.apache.catalina.startup.VersionLoggerListener.log CATALINA_BASE:         /home/mumuzinho/www/Trabalho-banco-de-dados-I/backend/apache-tomcat-9.0.87
25-May-2026 18:05:22.850 INFO [main] org.apache.catalina.startup.VersionLoggerListener.log CATALINA_HOME:         /home/mumuzinho/www/Trabalho-banco-de-dados-I/backend/apache-tomcat-9.0.87
25-May-2026 18:05:22.855 INFO [main] org.apache.catalina.startup.VersionLoggerListener.log Command line argument: --add-opens=java.base/java.lang=ALL-UNNAMED
25-May-2026 18:05:22.855 INFO [main] org.apache.catalina.startup.VersionLoggerListener.log Command line argument: --add-opens=java.base/java.io=ALL-UNNAMED
25-May-2026 18:05:22.855 INFO [main] org.apache.catalina.startup.VersionLoggerListener.log Command line argument: --add-opens=java.base/java.util=ALL-UNNAMED
25-May-2026 18:05:22.855 INFO [main] org.apache.catalina.startup.VersionLoggerListener.log Command line argument: --add-opens=java.base/java.util.concurrent=ALL-UNNAMED
25-May-2026 18:05:22.855 INFO [main] org.apache.catalina.startup.VersionLoggerListener.log Command line argument: --add-opens=java.rmi/sun.rmi.transport=ALL-UNNAMED
25-May-2026 18:05:22.855 INFO [main] org.apache.catalina.startup.VersionLoggerListener.log Command line argument: -Djava.util.logging.config.file=/home/mumuzinho/www/Trabalho-banco-de-dados-I/backend/apache-tomcat-9.0.87/conf/logging.properties
25-May-2026 18:05:22.856 INFO [main] org.apache.catalina.startup.VersionLoggerListener.log Command line argument: -Djava.util.logging.manager=org.apache.juli.ClassLoaderLogManager
25-May-2026 18:05:22.856 INFO [main] org.apache.catalina.startup.VersionLoggerListener.log Command line argument: -Djdk.tls.ephemeralDHKeySize=2048
25-May-2026 18:05:22.856 INFO [main] org.apache.catalina.startup.VersionLoggerListener.log Command line argument: -Djava.protocol.handler.pkgs=org.apache.catalina.webresources
25-May-2026 18:05:22.856 INFO [main] org.apache.catalina.startup.VersionLoggerListener.log Command line argument: -Dorg.apache.catalina.security.SecurityListener.UMASK=0027
25-May-2026 18:05:22.856 INFO [main] org.apache.catalina.startup.VersionLoggerListener.log Command line argument: -Dignore.endorsed.dirs=
25-May-2026 18:05:22.856 INFO [main] org.apache.catalina.startup.VersionLoggerListener.log Command line argument: -Dcatalina.base=/home/mumuzinho/www/Trabalho-banco-de-dados-I/backend/apache-tomcat-9.0.87
25-May-2026 18:05:22.856 INFO [main] org.apache.catalina.startup.VersionLoggerListener.log Command line argument: -Dcatalina.home=/home/mumuzinho/www/Trabalho-banco-de-dados-I/backend/apache-tomcat-9.0.87
25-May-2026 18:05:22.856 INFO [main] org.apache.catalina.startup.VersionLoggerListener.log Command line argument: -Djava.io.tmpdir=/home/mumuzinho/www/Trabalho-banco-de-dados-I/backend/apache-tomcat-9.0.87/temp
25-May-2026 18:05:22.857 INFO [main] org.apache.catalina.core.AprLifecycleListener.lifecycleEvent The Apache Tomcat Native library which allows using OpenSSL was not found on the java.library.path: [/usr/java/packages/lib:/usr/lib/x86_64-linux-gnu/jni:/lib/x86_64-linux-gnu:/usr/lib/x86_64-linux-gnu:/usr/lib/jni:/lib:/usr/lib]
25-May-2026 18:05:23.185 INFO [main] org.apache.coyote.AbstractProtocol.init Initializing ProtocolHandler ["http-nio-8080"]
25-May-2026 18:05:23.209 INFO [main] org.apache.catalina.startup.Catalina.load Server initialization in [564] milliseconds
25-May-2026 18:05:23.242 INFO [main] org.apache.catalina.core.StandardService.startInternal Starting service [Catalina]
25-May-2026 18:05:23.243 INFO [main] org.apache.catalina.core.StandardEngine.startInternal Starting Servlet engine: [Apache Tomcat/9.0.87]
25-May-2026 18:05:23.255 INFO [main] org.apache.catalina.startup.HostConfig.deployWAR Deploying web application archive [/home/mumuzinho/www/Trabalho-banco-de-dados-I/backend/apache-tomcat-9.0.87/webapps/bd2022.war]
25-May-2026 18:05:23.783 INFO [main] org.apache.jasper.servlet.TldScanner.scanJars At least one JAR was scanned for TLDs yet contained no TLDs. Enable debug logging for this logger for a complete list of JARs that were scanned but no TLDs were found in them. Skipping unneeded JARs during scanning can improve startup time and JSP compilation time.
25-May-2026 18:05:23.909 INFO [main] org.apache.catalina.startup.HostConfig.deployWAR Deployment of web application archive [/home/mumuzinho/www/Trabalho-banco-de-dados-I/backend/apache-tomcat-9.0.87/webapps/bd2022.war] has finished in [653] ms
25-May-2026 18:05:23.910 INFO [main] org.apache.catalina.startup.HostConfig.deployWAR Deploying web application archive [/home/mumuzinho/www/Trabalho-banco-de-dados-I/backend/apache-tomcat-9.0.87/webapps/bd2022-1.0-SNAPSHOT.war]
25-May-2026 18:05:24.375 INFO [main] org.apache.jasper.servlet.TldScanner.scanJars At least one JAR was scanned for TLDs yet contained no TLDs. Enable debug logging for this logger for a complete list of JARs that were scanned but no TLDs were found in them. Skipping unneeded JARs during scanning can improve startup time and JSP compilation time.
25-May-2026 18:05:24.510 INFO [main] org.apache.catalina.startup.HostConfig.deployWAR Deployment of web application archive [/home/mumuzinho/www/Trabalho-banco-de-dados-I/backend/apache-tomcat-9.0.87/webapps/bd2022-1.0-SNAPSHOT.war] has finished in [599] ms
25-May-2026 18:05:24.516 INFO [main] org.apache.catalina.startup.HostConfig.deployDirectory Deploying web application directory [/home/mumuzinho/www/Trabalho-banco-de-dados-I/backend/apache-tomcat-9.0.87/webapps/manager]
25-May-2026 18:05:24.631 INFO [main] org.apache.catalina.startup.HostConfig.deployDirectory Deployment of web application directory [/home/mumuzinho/www/Trabalho-banco-de-dados-I/backend/apache-tomcat-9.0.87/webapps/manager] has finished in [115] ms
25-May-2026 18:05:24.631 INFO [main] org.apache.catalina.startup.HostConfig.deployDirectory Deploying web application directory [/home/mumuzinho/www/Trabalho-banco-de-dados-I/backend/apache-tomcat-9.0.87/webapps/examples]
25-May-2026 18:05:24.831 INFO [main] org.apache.catalina.startup.HostConfig.deployDirectory Deployment of web application directory [/home/mumuzinho/www/Trabalho-banco-de-dados-I/backend/apache-tomcat-9.0.87/webapps/examples] has finished in [200] ms
25-May-2026 18:05:24.831 INFO [main] org.apache.catalina.startup.HostConfig.deployDirectory Deploying web application directory [/home/mumuzinho/www/Trabalho-banco-de-dados-I/backend/apache-tomcat-9.0.87/webapps/docs]
25-May-2026 18:05:24.847 INFO [main] org.apache.catalina.startup.HostConfig.deployDirectory Deployment of web application directory [/home/mumuzinho/www/Trabalho-banco-de-dados-I/backend/apache-tomcat-9.0.87/webapps/docs] has finished in [15] ms
25-May-2026 18:05:24.848 INFO [main] org.apache.catalina.startup.HostConfig.deployDirectory Deploying web application directory [/home/mumuzinho/www/Trabalho-banco-de-dados-I/backend/apache-tomcat-9.0.87/webapps/ROOT]
25-May-2026 18:05:24.863 INFO [main] org.apache.catalina.startup.HostConfig.deployDirectory Deployment of web application directory [/home/mumuzinho/www/Trabalho-banco-de-dados-I/backend/apache-tomcat-9.0.87/webapps/ROOT] has finished in [15] ms
25-May-2026 18:05:24.864 INFO [main] org.apache.catalina.startup.HostConfig.deployDirectory Deploying web application directory [/home/mumuzinho/www/Trabalho-banco-de-dados-I/backend/apache-tomcat-9.0.87/webapps/host-manager]
25-May-2026 18:05:24.883 INFO [main] org.apache.catalina.startup.HostConfig.deployDirectory Deployment of web application directory [/home/mumuzinho/www/Trabalho-banco-de-dados-I/backend/apache-tomcat-9.0.87/webapps/host-manager] has finished in [18] ms
25-May-2026 18:05:24.886 INFO [main] org.apache.coyote.AbstractProtocol.start Starting ProtocolHandler ["http-nio-8080"]
25-May-2026 18:05:24.897 INFO [main] org.apache.catalina.startup.Catalina.start Server startup in [1686] milliseconds
25-May-2026 18:05:25.884 SEVERE [http-nio-8080-exec-1] dao.PgUserDAO.all DAO
	org.postgresql.util.PSQLException: ERROR: relation "j2ee.user" does not exist
  Position: 23
		at org.postgresql.core.v3.QueryExecutorImpl.receiveErrorResponse(QueryExecutorImpl.java:2676)
		at org.postgresql.core.v3.QueryExecutorImpl.processResults(QueryExecutorImpl.java:2366)
		at org.postgresql.core.v3.QueryExecutorImpl.execute(QueryExecutorImpl.java:356)
		at org.postgresql.jdbc.PgStatement.executeInternal(PgStatement.java:496)
		at org.postgresql.jdbc.PgStatement.execute(PgStatement.java:413)
		at org.postgresql.jdbc.PgPreparedStatement.executeWithFlags(PgPreparedStatement.java:190)
		at org.postgresql.jdbc.PgPreparedStatement.executeQuery(PgPreparedStatement.java:134)
		at dao.PgUserDAO.all(PgUserDAO.java:234)
		at controller.UserController.doGet(UserController.java:101)
		at javax.servlet.http.HttpServlet.service(HttpServlet.java:529)
		at javax.servlet.http.HttpServlet.service(HttpServlet.java:623)
		at org.apache.catalina.core.ApplicationFilterChain.internalDoFilter(ApplicationFilterChain.java:210)
		at org.apache.catalina.core.ApplicationFilterChain.doFilter(ApplicationFilterChain.java:154)
		at org.apache.tomcat.websocket.server.WsFilter.doFilter(WsFilter.java:51)
		at org.apache.catalina.core.ApplicationFilterChain.internalDoFilter(ApplicationFilterChain.java:179)
		at org.apache.catalina.core.ApplicationFilterChain.doFilter(ApplicationFilterChain.java:154)
		at org.apache.catalina.core.StandardWrapperValve.invoke(StandardWrapperValve.java:168)
		at org.apache.catalina.core.StandardContextValve.invoke(StandardContextValve.java:90)
		at org.apache.catalina.authenticator.AuthenticatorBase.invoke(AuthenticatorBase.java:481)
		at org.apache.catalina.core.StandardHostValve.invoke(StandardHostValve.java:130)
		at org.apache.catalina.valves.ErrorReportValve.invoke(ErrorReportValve.java:93)
		at org.apache.catalina.valves.AbstractAccessLogValve.invoke(AbstractAccessLogValve.java:670)
		at org.apache.catalina.core.StandardEngineValve.invoke(StandardEngineValve.java:74)
		at org.apache.catalina.connector.CoyoteAdapter.service(CoyoteAdapter.java:346)
		at org.apache.coyote.http11.Http11Processor.service(Http11Processor.java:390)
		at org.apache.coyote.AbstractProcessorLight.process(AbstractProcessorLight.java:63)
		at org.apache.coyote.AbstractProtocol$ConnectionHandler.process(AbstractProtocol.java:928)
		at org.apache.tomcat.util.net.NioEndpoint$SocketProcessor.doRun(NioEndpoint.java:1786)
		at org.apache.tomcat.util.net.SocketProcessorBase.run(SocketProcessorBase.java:52)
		at org.apache.tomcat.util.threads.ThreadPoolExecutor.runWorker(ThreadPoolExecutor.java:1191)
		at org.apache.tomcat.util.threads.ThreadPoolExecutor$Worker.run(ThreadPoolExecutor.java:659)
		at org.apache.tomcat.util.threads.TaskThread$WrappingRunnable.run(TaskThread.java:63)
		at java.base/java.lang.Thread.run(Thread.java:1583)
25-May-2026 18:09:14.709 INFO [main] org.apache.catalina.core.StandardServer.await A valid shutdown command was received via the shutdown port. Stopping the Server instance.
25-May-2026 18:09:14.710 INFO [main] org.apache.coyote.AbstractProtocol.pause Pausing ProtocolHandler ["http-nio-8080"]
25-May-2026 18:09:14.712 INFO [main] org.apache.catalina.core.StandardService.stopInternal Stopping service [Catalina]
25-May-2026 18:09:14.723 WARNING [main] org.apache.catalina.loader.WebappClassLoaderBase.clearReferencesJdbc The web application [bd2022-1.0-SNAPSHOT] registered the JDBC driver [org.postgresql.Driver] but failed to unregister it when the web application was stopped. To prevent a memory leak, the JDBC Driver has been forcibly unregistered.
25-May-2026 18:09:14.734 INFO [main] org.apache.coyote.AbstractProtocol.stop Stopping ProtocolHandler ["http-nio-8080"]
25-May-2026 18:09:14.750 INFO [main] org.apache.coyote.AbstractProtocol.destroy Destroying ProtocolHandler ["http-nio-8080"]
NOTE: Picked up JDK_JAVA_OPTIONS:  --add-opens=java.base/java.lang=ALL-UNNAMED --add-opens=java.base/java.io=ALL-UNNAMED --add-opens=java.base/java.util=ALL-UNNAMED --add-opens=java.base/java.util.concurrent=ALL-UNNAMED --add-opens=java.rmi/sun.rmi.transport=ALL-UNNAMED
25-May-2026 18:09:32.329 INFO [main] org.apache.catalina.startup.VersionLoggerListener.log Server version name:   Apache Tomcat/9.0.87
25-May-2026 18:09:32.334 INFO [main] org.apache.catalina.startup.VersionLoggerListener.log Server built:          Mar 11 2024 10:12:34 UTC
25-May-2026 18:09:32.334 INFO [main] org.apache.catalina.startup.VersionLoggerListener.log Server version number: 9.0.87.0
25-May-2026 18:09:32.334 INFO [main] org.apache.catalina.startup.VersionLoggerListener.log OS Name:               Linux
25-May-2026 18:09:32.334 INFO [main] org.apache.catalina.startup.VersionLoggerListener.log OS Version:            6.6.114.1-microsoft-standard-WSL2
25-May-2026 18:09:32.334 INFO [main] org.apache.catalina.startup.VersionLoggerListener.log Architecture:          amd64
25-May-2026 18:09:32.335 INFO [main] org.apache.catalina.startup.VersionLoggerListener.log Java Home:             /usr/lib/jvm/java-21-openjdk-amd64
25-May-2026 18:09:32.335 INFO [main] org.apache.catalina.startup.VersionLoggerListener.log JVM Version:           21.0.8+9-Ubuntu-0ubuntu122.04.1
25-May-2026 18:09:32.335 INFO [main] org.apache.catalina.startup.VersionLoggerListener.log JVM Vendor:            Ubuntu
25-May-2026 18:09:32.335 INFO [main] org.apache.catalina.startup.VersionLoggerListener.log CATALINA_BASE:         /home/mumuzinho/www/Trabalho-banco-de-dados-I/backend/apache-tomcat-9.0.87
25-May-2026 18:09:32.335 INFO [main] org.apache.catalina.startup.VersionLoggerListener.log CATALINA_HOME:         /home/mumuzinho/www/Trabalho-banco-de-dados-I/backend/apache-tomcat-9.0.87
25-May-2026 18:09:32.343 INFO [main] org.apache.catalina.startup.VersionLoggerListener.log Command line argument: --add-opens=java.base/java.lang=ALL-UNNAMED
25-May-2026 18:09:32.344 INFO [main] org.apache.catalina.startup.VersionLoggerListener.log Command line argument: --add-opens=java.base/java.io=ALL-UNNAMED
25-May-2026 18:09:32.344 INFO [main] org.apache.catalina.startup.VersionLoggerListener.log Command line argument: --add-opens=java.base/java.util=ALL-UNNAMED
25-May-2026 18:09:32.344 INFO [main] org.apache.catalina.startup.VersionLoggerListener.log Command line argument: --add-opens=java.base/java.util.concurrent=ALL-UNNAMED
25-May-2026 18:09:32.344 INFO [main] org.apache.catalina.startup.VersionLoggerListener.log Command line argument: --add-opens=java.rmi/sun.rmi.transport=ALL-UNNAMED
25-May-2026 18:09:32.344 INFO [main] org.apache.catalina.startup.VersionLoggerListener.log Command line argument: -Djava.util.logging.config.file=/home/mumuzinho/www/Trabalho-banco-de-dados-I/backend/apache-tomcat-9.0.87/conf/logging.properties
25-May-2026 18:09:32.344 INFO [main] org.apache.catalina.startup.VersionLoggerListener.log Command line argument: -Djava.util.logging.manager=org.apache.juli.ClassLoaderLogManager
25-May-2026 18:09:32.344 INFO [main] org.apache.catalina.startup.VersionLoggerListener.log Command line argument: -Djdk.tls.ephemeralDHKeySize=2048
25-May-2026 18:09:32.344 INFO [main] org.apache.catalina.startup.VersionLoggerListener.log Command line argument: -Djava.protocol.handler.pkgs=org.apache.catalina.webresources
25-May-2026 18:09:32.344 INFO [main] org.apache.catalina.startup.VersionLoggerListener.log Command line argument: -Dorg.apache.catalina.security.SecurityListener.UMASK=0027
25-May-2026 18:09:32.344 INFO [main] org.apache.catalina.startup.VersionLoggerListener.log Command line argument: -Dignore.endorsed.dirs=
25-May-2026 18:09:32.344 INFO [main] org.apache.catalina.startup.VersionLoggerListener.log Command line argument: -Dcatalina.base=/home/mumuzinho/www/Trabalho-banco-de-dados-I/backend/apache-tomcat-9.0.87
25-May-2026 18:09:32.344 INFO [main] org.apache.catalina.startup.VersionLoggerListener.log Command line argument: -Dcatalina.home=/home/mumuzinho/www/Trabalho-banco-de-dados-I/backend/apache-tomcat-9.0.87
25-May-2026 18:09:32.344 INFO [main] org.apache.catalina.startup.VersionLoggerListener.log Command line argument: -Djava.io.tmpdir=/home/mumuzinho/www/Trabalho-banco-de-dados-I/backend/apache-tomcat-9.0.87/temp
25-May-2026 18:09:32.345 INFO [main] org.apache.catalina.core.AprLifecycleListener.lifecycleEvent The Apache Tomcat Native library which allows using OpenSSL was not found on the java.library.path: [/usr/java/packages/lib:/usr/lib/x86_64-linux-gnu/jni:/lib/x86_64-linux-gnu:/usr/lib/x86_64-linux-gnu:/usr/lib/jni:/lib:/usr/lib]
25-May-2026 18:09:32.658 INFO [main] org.apache.coyote.AbstractProtocol.init Initializing ProtocolHandler ["http-nio-8080"]
25-May-2026 18:09:32.684 INFO [main] org.apache.catalina.startup.Catalina.load Server initialization in [515] milliseconds
25-May-2026 18:09:32.721 INFO [main] org.apache.catalina.core.StandardService.startInternal Starting service [Catalina]
25-May-2026 18:09:32.722 INFO [main] org.apache.catalina.core.StandardEngine.startInternal Starting Servlet engine: [Apache Tomcat/9.0.87]
25-May-2026 18:09:32.737 INFO [main] org.apache.catalina.startup.HostConfig.deployWAR Deploying web application archive [/home/mumuzinho/www/Trabalho-banco-de-dados-I/backend/apache-tomcat-9.0.87/webapps/bd2022.war]
25-May-2026 18:09:32.755 INFO [main] org.apache.catalina.startup.ExpandWar.expand An expanded directory [/home/mumuzinho/www/Trabalho-banco-de-dados-I/backend/apache-tomcat-9.0.87/webapps/bd2022] was found with a last modified time that did not match the associated WAR. It will be deleted.
25-May-2026 18:09:33.219 INFO [main] org.apache.jasper.servlet.TldScanner.scanJars At least one JAR was scanned for TLDs yet contained no TLDs. Enable debug logging for this logger for a complete list of JARs that were scanned but no TLDs were found in them. Skipping unneeded JARs during scanning can improve startup time and JSP compilation time.
25-May-2026 18:09:33.261 INFO [main] org.apache.catalina.startup.HostConfig.deployWAR Deployment of web application archive [/home/mumuzinho/www/Trabalho-banco-de-dados-I/backend/apache-tomcat-9.0.87/webapps/bd2022.war] has finished in [524] ms
25-May-2026 18:09:33.262 INFO [main] org.apache.catalina.startup.HostConfig.deployWAR Deploying web application archive [/home/mumuzinho/www/Trabalho-banco-de-dados-I/backend/apache-tomcat-9.0.87/webapps/bd2022-1.0-SNAPSHOT.war]
25-May-2026 18:09:33.471 INFO [main] org.apache.jasper.servlet.TldScanner.scanJars At least one JAR was scanned for TLDs yet contained no TLDs. Enable debug logging for this logger for a complete list of JARs that were scanned but no TLDs were found in them. Skipping unneeded JARs during scanning can improve startup time and JSP compilation time.
25-May-2026 18:09:33.503 INFO [main] org.apache.catalina.startup.HostConfig.deployWAR Deployment of web application archive [/home/mumuzinho/www/Trabalho-banco-de-dados-I/backend/apache-tomcat-9.0.87/webapps/bd2022-1.0-SNAPSHOT.war] has finished in [240] ms
25-May-2026 18:09:33.504 INFO [main] org.apache.catalina.startup.HostConfig.deployDirectory Deploying web application directory [/home/mumuzinho/www/Trabalho-banco-de-dados-I/backend/apache-tomcat-9.0.87/webapps/manager]
25-May-2026 18:09:33.530 INFO [main] org.apache.catalina.startup.HostConfig.deployDirectory Deployment of web application directory [/home/mumuzinho/www/Trabalho-banco-de-dados-I/backend/apache-tomcat-9.0.87/webapps/manager] has finished in [26] ms
25-May-2026 18:09:33.530 INFO [main] org.apache.catalina.startup.HostConfig.deployDirectory Deploying web application directory [/home/mumuzinho/www/Trabalho-banco-de-dados-I/backend/apache-tomcat-9.0.87/webapps/examples]
25-May-2026 18:09:33.648 INFO [main] org.apache.catalina.startup.HostConfig.deployDirectory Deployment of web application directory [/home/mumuzinho/www/Trabalho-banco-de-dados-I/backend/apache-tomcat-9.0.87/webapps/examples] has finished in [118] ms
25-May-2026 18:09:33.649 INFO [main] org.apache.catalina.startup.HostConfig.deployDirectory Deploying web application directory [/home/mumuzinho/www/Trabalho-banco-de-dados-I/backend/apache-tomcat-9.0.87/webapps/docs]
25-May-2026 18:09:33.670 INFO [main] org.apache.catalina.startup.HostConfig.deployDirectory Deployment of web application directory [/home/mumuzinho/www/Trabalho-banco-de-dados-I/backend/apache-tomcat-9.0.87/webapps/docs] has finished in [21] ms
25-May-2026 18:09:33.671 INFO [main] org.apache.catalina.startup.HostConfig.deployDirectory Deploying web application directory [/home/mumuzinho/www/Trabalho-banco-de-dados-I/backend/apache-tomcat-9.0.87/webapps/ROOT]
25-May-2026 18:09:33.691 INFO [main] org.apache.catalina.startup.HostConfig.deployDirectory Deployment of web application directory [/home/mumuzinho/www/Trabalho-banco-de-dados-I/backend/apache-tomcat-9.0.87/webapps/ROOT] has finished in [20] ms
25-May-2026 18:09:33.692 INFO [main] org.apache.catalina.startup.HostConfig.deployDirectory Deploying web application directory [/home/mumuzinho/www/Trabalho-banco-de-dados-I/backend/apache-tomcat-9.0.87/webapps/host-manager]
25-May-2026 18:09:33.713 INFO [main] org.apache.catalina.startup.HostConfig.deployDirectory Deployment of web application directory [/home/mumuzinho/www/Trabalho-banco-de-dados-I/backend/apache-tomcat-9.0.87/webapps/host-manager] has finished in [21] ms
25-May-2026 18:09:33.718 INFO [main] org.apache.coyote.AbstractProtocol.start Starting ProtocolHandler ["http-nio-8080"]
25-May-2026 18:09:33.758 INFO [main] org.apache.catalina.startup.Catalina.start Server startup in [1072] milliseconds
25-May-2026 18:09:36.674 SEVERE [http-nio-8080-exec-1] dao.PgUserDAO.all DAO
	org.postgresql.util.PSQLException: ERROR: relation "j2ee.user" does not exist
  Position: 23
		at org.postgresql.core.v3.QueryExecutorImpl.receiveErrorResponse(QueryExecutorImpl.java:2676)
		at org.postgresql.core.v3.QueryExecutorImpl.processResults(QueryExecutorImpl.java:2366)
		at org.postgresql.core.v3.QueryExecutorImpl.execute(QueryExecutorImpl.java:356)
		at org.postgresql.jdbc.PgStatement.executeInternal(PgStatement.java:496)
		at org.postgresql.jdbc.PgStatement.execute(PgStatement.java:413)
		at org.postgresql.jdbc.PgPreparedStatement.executeWithFlags(PgPreparedStatement.java:190)
		at org.postgresql.jdbc.PgPreparedStatement.executeQuery(PgPreparedStatement.java:134)
		at dao.PgUserDAO.all(PgUserDAO.java:234)
		at controller.UserController.doGet(UserController.java:101)
		at javax.servlet.http.HttpServlet.service(HttpServlet.java:529)
		at javax.servlet.http.HttpServlet.service(HttpServlet.java:623)
		at org.apache.catalina.core.ApplicationFilterChain.internalDoFilter(ApplicationFilterChain.java:210)
		at org.apache.catalina.core.ApplicationFilterChain.doFilter(ApplicationFilterChain.java:154)
		at org.apache.tomcat.websocket.server.WsFilter.doFilter(WsFilter.java:51)
		at org.apache.catalina.core.ApplicationFilterChain.internalDoFilter(ApplicationFilterChain.java:179)
		at org.apache.catalina.core.ApplicationFilterChain.doFilter(ApplicationFilterChain.java:154)
		at org.apache.catalina.core.StandardWrapperValve.invoke(StandardWrapperValve.java:168)
		at org.apache.catalina.core.StandardContextValve.invoke(StandardContextValve.java:90)
		at org.apache.catalina.authenticator.AuthenticatorBase.invoke(AuthenticatorBase.java:481)
		at org.apache.catalina.core.StandardHostValve.invoke(StandardHostValve.java:130)
		at org.apache.catalina.valves.ErrorReportValve.invoke(ErrorReportValve.java:93)
		at org.apache.catalina.valves.AbstractAccessLogValve.invoke(AbstractAccessLogValve.java:670)
		at org.apache.catalina.core.StandardEngineValve.invoke(StandardEngineValve.java:74)
		at org.apache.catalina.connector.CoyoteAdapter.service(CoyoteAdapter.java:346)
		at org.apache.coyote.http11.Http11Processor.service(Http11Processor.java:390)
		at org.apache.coyote.AbstractProcessorLight.process(AbstractProcessorLight.java:63)
		at org.apache.coyote.AbstractProtocol$ConnectionHandler.process(AbstractProtocol.java:928)
		at org.apache.tomcat.util.net.NioEndpoint$SocketProcessor.doRun(NioEndpoint.java:1786)
		at org.apache.tomcat.util.net.SocketProcessorBase.run(SocketProcessorBase.java:52)
		at org.apache.tomcat.util.threads.ThreadPoolExecutor.runWorker(ThreadPoolExecutor.java:1191)
		at org.apache.tomcat.util.threads.ThreadPoolExecutor$Worker.run(ThreadPoolExecutor.java:659)
		at org.apache.tomcat.util.threads.TaskThread$WrappingRunnable.run(TaskThread.java:63)
		at java.base/java.lang.Thread.run(Thread.java:1583)
25-May-2026 18:09:47.247 SEVERE [http-nio-8080-exec-2] dao.PgUserDAO.all DAO
	org.postgresql.util.PSQLException: ERROR: relation "j2ee.user" does not exist
  Position: 23
		at org.postgresql.core.v3.QueryExecutorImpl.receiveErrorResponse(QueryExecutorImpl.java:2676)
		at org.postgresql.core.v3.QueryExecutorImpl.processResults(QueryExecutorImpl.java:2366)
		at org.postgresql.core.v3.QueryExecutorImpl.execute(QueryExecutorImpl.java:356)
		at org.postgresql.jdbc.PgStatement.executeInternal(PgStatement.java:496)
		at org.postgresql.jdbc.PgStatement.execute(PgStatement.java:413)
		at org.postgresql.jdbc.PgPreparedStatement.executeWithFlags(PgPreparedStatement.java:190)
		at org.postgresql.jdbc.PgPreparedStatement.executeQuery(PgPreparedStatement.java:134)
		at dao.PgUserDAO.all(PgUserDAO.java:234)
		at controller.UserController.doGet(UserController.java:101)
		at javax.servlet.http.HttpServlet.service(HttpServlet.java:529)
		at javax.servlet.http.HttpServlet.service(HttpServlet.java:623)
		at org.apache.catalina.core.ApplicationFilterChain.internalDoFilter(ApplicationFilterChain.java:210)
		at org.apache.catalina.core.ApplicationFilterChain.doFilter(ApplicationFilterChain.java:154)
		at org.apache.tomcat.websocket.server.WsFilter.doFilter(WsFilter.java:51)
		at org.apache.catalina.core.ApplicationFilterChain.internalDoFilter(ApplicationFilterChain.java:179)
		at org.apache.catalina.core.ApplicationFilterChain.doFilter(ApplicationFilterChain.java:154)
		at org.apache.catalina.core.StandardWrapperValve.invoke(StandardWrapperValve.java:168)
		at org.apache.catalina.core.StandardContextValve.invoke(StandardContextValve.java:90)
		at org.apache.catalina.authenticator.AuthenticatorBase.invoke(AuthenticatorBase.java:481)
		at org.apache.catalina.core.StandardHostValve.invoke(StandardHostValve.java:130)
		at org.apache.catalina.valves.ErrorReportValve.invoke(ErrorReportValve.java:93)
		at org.apache.catalina.valves.AbstractAccessLogValve.invoke(AbstractAccessLogValve.java:670)
		at org.apache.catalina.core.StandardEngineValve.invoke(StandardEngineValve.java:74)
		at org.apache.catalina.connector.CoyoteAdapter.service(CoyoteAdapter.java:346)
		at org.apache.coyote.http11.Http11Processor.service(Http11Processor.java:390)
		at org.apache.coyote.AbstractProcessorLight.process(AbstractProcessorLight.java:63)
		at org.apache.coyote.AbstractProtocol$ConnectionHandler.process(AbstractProtocol.java:928)
		at org.apache.tomcat.util.net.NioEndpoint$SocketProcessor.doRun(NioEndpoint.java:1786)
		at org.apache.tomcat.util.net.SocketProcessorBase.run(SocketProcessorBase.java:52)
		at org.apache.tomcat.util.threads.ThreadPoolExecutor.runWorker(ThreadPoolExecutor.java:1191)
		at org.apache.tomcat.util.threads.ThreadPoolExecutor$Worker.run(ThreadPoolExecutor.java:659)
		at org.apache.tomcat.util.threads.TaskThread$WrappingRunnable.run(TaskThread.java:63)
		at java.base/java.lang.Thread.run(Thread.java:1583)
25-May-2026 18:09:58.239 SEVERE [http-nio-8080-exec-3] dao.PgUserDAO.all DAO
	org.postgresql.util.PSQLException: ERROR: relation "j2ee.user" does not exist
  Position: 23
		at org.postgresql.core.v3.QueryExecutorImpl.receiveErrorResponse(QueryExecutorImpl.java:2676)
		at org.postgresql.core.v3.QueryExecutorImpl.processResults(QueryExecutorImpl.java:2366)
		at org.postgresql.core.v3.QueryExecutorImpl.execute(QueryExecutorImpl.java:356)
		at org.postgresql.jdbc.PgStatement.executeInternal(PgStatement.java:496)
		at org.postgresql.jdbc.PgStatement.execute(PgStatement.java:413)
		at org.postgresql.jdbc.PgPreparedStatement.executeWithFlags(PgPreparedStatement.java:190)
		at org.postgresql.jdbc.PgPreparedStatement.executeQuery(PgPreparedStatement.java:134)
		at dao.PgUserDAO.all(PgUserDAO.java:234)
		at controller.UserController.doGet(UserController.java:101)
		at javax.servlet.http.HttpServlet.service(HttpServlet.java:529)
		at javax.servlet.http.HttpServlet.service(HttpServlet.java:623)
		at org.apache.catalina.core.ApplicationFilterChain.internalDoFilter(ApplicationFilterChain.java:210)
		at org.apache.catalina.core.ApplicationFilterChain.doFilter(ApplicationFilterChain.java:154)
		at org.apache.tomcat.websocket.server.WsFilter.doFilter(WsFilter.java:51)
		at org.apache.catalina.core.ApplicationFilterChain.internalDoFilter(ApplicationFilterChain.java:179)
		at org.apache.catalina.core.ApplicationFilterChain.doFilter(ApplicationFilterChain.java:154)
		at org.apache.catalina.core.StandardWrapperValve.invoke(StandardWrapperValve.java:168)
		at org.apache.catalina.core.StandardContextValve.invoke(StandardContextValve.java:90)
		at org.apache.catalina.authenticator.AuthenticatorBase.invoke(AuthenticatorBase.java:481)
		at org.apache.catalina.core.StandardHostValve.invoke(StandardHostValve.java:130)
		at org.apache.catalina.valves.ErrorReportValve.invoke(ErrorReportValve.java:93)
		at org.apache.catalina.valves.AbstractAccessLogValve.invoke(AbstractAccessLogValve.java:670)
		at org.apache.catalina.core.StandardEngineValve.invoke(StandardEngineValve.java:74)
		at org.apache.catalina.connector.CoyoteAdapter.service(CoyoteAdapter.java:346)
		at org.apache.coyote.http11.Http11Processor.service(Http11Processor.java:390)
		at org.apache.coyote.AbstractProcessorLight.process(AbstractProcessorLight.java:63)
		at org.apache.coyote.AbstractProtocol$ConnectionHandler.process(AbstractProtocol.java:928)
		at org.apache.tomcat.util.net.NioEndpoint$SocketProcessor.doRun(NioEndpoint.java:1786)
		at org.apache.tomcat.util.net.SocketProcessorBase.run(SocketProcessorBase.java:52)
		at org.apache.tomcat.util.threads.ThreadPoolExecutor.runWorker(ThreadPoolExecutor.java:1191)
		at org.apache.tomcat.util.threads.ThreadPoolExecutor$Worker.run(ThreadPoolExecutor.java:659)
		at org.apache.tomcat.util.threads.TaskThread$WrappingRunnable.run(TaskThread.java:63)
		at java.base/java.lang.Thread.run(Thread.java:1583)
25-May-2026 18:10:01.249 SEVERE [http-nio-8080-exec-4] dao.PgUserDAO.all DAO
	org.postgresql.util.PSQLException: ERROR: relation "j2ee.user" does not exist
  Position: 23
		at org.postgresql.core.v3.QueryExecutorImpl.receiveErrorResponse(QueryExecutorImpl.java:2676)
		at org.postgresql.core.v3.QueryExecutorImpl.processResults(QueryExecutorImpl.java:2366)
		at org.postgresql.core.v3.QueryExecutorImpl.execute(QueryExecutorImpl.java:356)
		at org.postgresql.jdbc.PgStatement.executeInternal(PgStatement.java:496)
		at org.postgresql.jdbc.PgStatement.execute(PgStatement.java:413)
		at org.postgresql.jdbc.PgPreparedStatement.executeWithFlags(PgPreparedStatement.java:190)
		at org.postgresql.jdbc.PgPreparedStatement.executeQuery(PgPreparedStatement.java:134)
		at dao.PgUserDAO.all(PgUserDAO.java:234)
		at controller.UserController.doGet(UserController.java:101)
		at javax.servlet.http.HttpServlet.service(HttpServlet.java:529)
		at javax.servlet.http.HttpServlet.service(HttpServlet.java:623)
		at org.apache.catalina.core.ApplicationFilterChain.internalDoFilter(ApplicationFilterChain.java:210)
		at org.apache.catalina.core.ApplicationFilterChain.doFilter(ApplicationFilterChain.java:154)
		at org.apache.tomcat.websocket.server.WsFilter.doFilter(WsFilter.java:51)
		at org.apache.catalina.core.ApplicationFilterChain.internalDoFilter(ApplicationFilterChain.java:179)
		at org.apache.catalina.core.ApplicationFilterChain.doFilter(ApplicationFilterChain.java:154)
		at org.apache.catalina.core.StandardWrapperValve.invoke(StandardWrapperValve.java:168)
		at org.apache.catalina.core.StandardContextValve.invoke(StandardContextValve.java:90)
		at org.apache.catalina.authenticator.AuthenticatorBase.invoke(AuthenticatorBase.java:481)
		at org.apache.catalina.core.StandardHostValve.invoke(StandardHostValve.java:130)
		at org.apache.catalina.valves.ErrorReportValve.invoke(ErrorReportValve.java:93)
		at org.apache.catalina.valves.AbstractAccessLogValve.invoke(AbstractAccessLogValve.java:670)
		at org.apache.catalina.core.StandardEngineValve.invoke(StandardEngineValve.java:74)
		at org.apache.catalina.connector.CoyoteAdapter.service(CoyoteAdapter.java:346)
		at org.apache.coyote.http11.Http11Processor.service(Http11Processor.java:390)
		at org.apache.coyote.AbstractProcessorLight.process(AbstractProcessorLight.java:63)
		at org.apache.coyote.AbstractProtocol$ConnectionHandler.process(AbstractProtocol.java:928)
		at org.apache.tomcat.util.net.NioEndpoint$SocketProcessor.doRun(NioEndpoint.java:1786)
		at org.apache.tomcat.util.net.SocketProcessorBase.run(SocketProcessorBase.java:52)
		at org.apache.tomcat.util.threads.ThreadPoolExecutor.runWorker(ThreadPoolExecutor.java:1191)
		at org.apache.tomcat.util.threads.ThreadPoolExecutor$Worker.run(ThreadPoolExecutor.java:659)
		at org.apache.tomcat.util.threads.TaskThread$WrappingRunnable.run(TaskThread.java:63)
		at java.base/java.lang.Thread.run(Thread.java:1583)
25-May-2026 18:10:03.735 INFO [Catalina-utility-1] org.apache.catalina.startup.HostConfig.undeploy Undeploying context [/bd2022-1.0-SNAPSHOT]
25-May-2026 18:10:03.740 WARNING [Catalina-utility-1] org.apache.catalina.loader.WebappClassLoaderBase.clearReferencesJdbc The web application [bd2022-1.0-SNAPSHOT] registered the JDBC driver [org.postgresql.Driver] but failed to unregister it when the web application was stopped. To prevent a memory leak, the JDBC Driver has been forcibly unregistered.
25-May-2026 18:10:05.936 INFO [main] org.apache.catalina.core.StandardServer.await A valid shutdown command was received via the shutdown port. Stopping the Server instance.
25-May-2026 18:10:05.936 INFO [main] org.apache.coyote.AbstractProtocol.pause Pausing ProtocolHandler ["http-nio-8080"]
25-May-2026 18:10:05.938 INFO [main] org.apache.catalina.core.StandardService.stopInternal Stopping service [Catalina]
25-May-2026 18:10:05.947 WARNING [main] org.apache.catalina.loader.WebappClassLoaderBase.clearReferencesJdbc The web application [bd2022] registered the JDBC driver [org.postgresql.Driver] but failed to unregister it when the web application was stopped. To prevent a memory leak, the JDBC Driver has been forcibly unregistered.
25-May-2026 18:10:05.953 INFO [main] org.apache.coyote.AbstractProtocol.stop Stopping ProtocolHandler ["http-nio-8080"]
25-May-2026 18:10:05.965 INFO [main] org.apache.coyote.AbstractProtocol.destroy Destroying ProtocolHandler ["http-nio-8080"]
NOTE: Picked up JDK_JAVA_OPTIONS:  --add-opens=java.base/java.lang=ALL-UNNAMED --add-opens=java.base/java.io=ALL-UNNAMED --add-opens=java.base/java.util=ALL-UNNAMED --add-opens=java.base/java.util.concurrent=ALL-UNNAMED --add-opens=java.rmi/sun.rmi.transport=ALL-UNNAMED
25-May-2026 18:10:07.839 INFO [main] org.apache.catalina.startup.VersionLoggerListener.log Server version name:   Apache Tomcat/9.0.87
25-May-2026 18:10:07.847 INFO [main] org.apache.catalina.startup.VersionLoggerListener.log Server built:          Mar 11 2024 10:12:34 UTC
25-May-2026 18:10:07.848 INFO [main] org.apache.catalina.startup.VersionLoggerListener.log Server version number: 9.0.87.0
25-May-2026 18:10:07.848 INFO [main] org.apache.catalina.startup.VersionLoggerListener.log OS Name:               Linux
25-May-2026 18:10:07.848 INFO [main] org.apache.catalina.startup.VersionLoggerListener.log OS Version:            6.6.114.1-microsoft-standard-WSL2
25-May-2026 18:10:07.848 INFO [main] org.apache.catalina.startup.VersionLoggerListener.log Architecture:          amd64
25-May-2026 18:10:07.848 INFO [main] org.apache.catalina.startup.VersionLoggerListener.log Java Home:             /usr/lib/jvm/java-21-openjdk-amd64
25-May-2026 18:10:07.848 INFO [main] org.apache.catalina.startup.VersionLoggerListener.log JVM Version:           21.0.8+9-Ubuntu-0ubuntu122.04.1
25-May-2026 18:10:07.848 INFO [main] org.apache.catalina.startup.VersionLoggerListener.log JVM Vendor:            Ubuntu
25-May-2026 18:10:07.848 INFO [main] org.apache.catalina.startup.VersionLoggerListener.log CATALINA_BASE:         /home/mumuzinho/www/Trabalho-banco-de-dados-I/backend/apache-tomcat-9.0.87
25-May-2026 18:10:07.848 INFO [main] org.apache.catalina.startup.VersionLoggerListener.log CATALINA_HOME:         /home/mumuzinho/www/Trabalho-banco-de-dados-I/backend/apache-tomcat-9.0.87
25-May-2026 18:10:07.875 INFO [main] org.apache.catalina.startup.VersionLoggerListener.log Command line argument: --add-opens=java.base/java.lang=ALL-UNNAMED
25-May-2026 18:10:07.875 INFO [main] org.apache.catalina.startup.VersionLoggerListener.log Command line argument: --add-opens=java.base/java.io=ALL-UNNAMED
25-May-2026 18:10:07.876 INFO [main] org.apache.catalina.startup.VersionLoggerListener.log Command line argument: --add-opens=java.base/java.util=ALL-UNNAMED
25-May-2026 18:10:07.876 INFO [main] org.apache.catalina.startup.VersionLoggerListener.log Command line argument: --add-opens=java.base/java.util.concurrent=ALL-UNNAMED
25-May-2026 18:10:07.876 INFO [main] org.apache.catalina.startup.VersionLoggerListener.log Command line argument: --add-opens=java.rmi/sun.rmi.transport=ALL-UNNAMED
25-May-2026 18:10:07.876 INFO [main] org.apache.catalina.startup.VersionLoggerListener.log Command line argument: -Djava.util.logging.config.file=/home/mumuzinho/www/Trabalho-banco-de-dados-I/backend/apache-tomcat-9.0.87/conf/logging.properties
25-May-2026 18:10:07.876 INFO [main] org.apache.catalina.startup.VersionLoggerListener.log Command line argument: -Djava.util.logging.manager=org.apache.juli.ClassLoaderLogManager
25-May-2026 18:10:07.876 INFO [main] org.apache.catalina.startup.VersionLoggerListener.log Command line argument: -Djdk.tls.ephemeralDHKeySize=2048
25-May-2026 18:10:07.876 INFO [main] org.apache.catalina.startup.VersionLoggerListener.log Command line argument: -Djava.protocol.handler.pkgs=org.apache.catalina.webresources
25-May-2026 18:10:07.876 INFO [main] org.apache.catalina.startup.VersionLoggerListener.log Command line argument: -Dorg.apache.catalina.security.SecurityListener.UMASK=0027
25-May-2026 18:10:07.876 INFO [main] org.apache.catalina.startup.VersionLoggerListener.log Command line argument: -Dignore.endorsed.dirs=
25-May-2026 18:10:07.876 INFO [main] org.apache.catalina.startup.VersionLoggerListener.log Command line argument: -Dcatalina.base=/home/mumuzinho/www/Trabalho-banco-de-dados-I/backend/apache-tomcat-9.0.87
25-May-2026 18:10:07.876 INFO [main] org.apache.catalina.startup.VersionLoggerListener.log Command line argument: -Dcatalina.home=/home/mumuzinho/www/Trabalho-banco-de-dados-I/backend/apache-tomcat-9.0.87
25-May-2026 18:10:07.876 INFO [main] org.apache.catalina.startup.VersionLoggerListener.log Command line argument: -Djava.io.tmpdir=/home/mumuzinho/www/Trabalho-banco-de-dados-I/backend/apache-tomcat-9.0.87/temp
25-May-2026 18:10:07.877 INFO [main] org.apache.catalina.core.AprLifecycleListener.lifecycleEvent The Apache Tomcat Native library which allows using OpenSSL was not found on the java.library.path: [/usr/java/packages/lib:/usr/lib/x86_64-linux-gnu/jni:/lib/x86_64-linux-gnu:/usr/lib/x86_64-linux-gnu:/usr/lib/jni:/lib:/usr/lib]
25-May-2026 18:10:08.368 INFO [main] org.apache.coyote.AbstractProtocol.init Initializing ProtocolHandler ["http-nio-8080"]
25-May-2026 18:10:08.392 INFO [main] org.apache.catalina.startup.Catalina.load Server initialization in [747] milliseconds
25-May-2026 18:10:08.434 INFO [main] org.apache.catalina.core.StandardService.startInternal Starting service [Catalina]
25-May-2026 18:10:08.438 INFO [main] org.apache.catalina.core.StandardEngine.startInternal Starting Servlet engine: [Apache Tomcat/9.0.87]
25-May-2026 18:10:08.464 INFO [main] org.apache.catalina.startup.HostConfig.deployWAR Deploying web application archive [/home/mumuzinho/www/Trabalho-banco-de-dados-I/backend/apache-tomcat-9.0.87/webapps/bd2022.war]
25-May-2026 18:10:09.089 INFO [main] org.apache.jasper.servlet.TldScanner.scanJars At least one JAR was scanned for TLDs yet contained no TLDs. Enable debug logging for this logger for a complete list of JARs that were scanned but no TLDs were found in them. Skipping unneeded JARs during scanning can improve startup time and JSP compilation time.
25-May-2026 18:10:09.157 INFO [main] org.apache.catalina.startup.HostConfig.deployWAR Deployment of web application archive [/home/mumuzinho/www/Trabalho-banco-de-dados-I/backend/apache-tomcat-9.0.87/webapps/bd2022.war] has finished in [693] ms
25-May-2026 18:10:09.159 INFO [main] org.apache.catalina.startup.HostConfig.deployDirectory Deploying web application directory [/home/mumuzinho/www/Trabalho-banco-de-dados-I/backend/apache-tomcat-9.0.87/webapps/manager]
25-May-2026 18:10:09.217 INFO [main] org.apache.catalina.startup.HostConfig.deployDirectory Deployment of web application directory [/home/mumuzinho/www/Trabalho-banco-de-dados-I/backend/apache-tomcat-9.0.87/webapps/manager] has finished in [58] ms
25-May-2026 18:10:09.218 INFO [main] org.apache.catalina.startup.HostConfig.deployDirectory Deploying web application directory [/home/mumuzinho/www/Trabalho-banco-de-dados-I/backend/apache-tomcat-9.0.87/webapps/examples]
25-May-2026 18:10:09.410 INFO [main] org.apache.catalina.startup.HostConfig.deployDirectory Deployment of web application directory [/home/mumuzinho/www/Trabalho-banco-de-dados-I/backend/apache-tomcat-9.0.87/webapps/examples] has finished in [192] ms
25-May-2026 18:10:09.410 INFO [main] org.apache.catalina.startup.HostConfig.deployDirectory Deploying web application directory [/home/mumuzinho/www/Trabalho-banco-de-dados-I/backend/apache-tomcat-9.0.87/webapps/docs]
25-May-2026 18:10:09.427 INFO [main] org.apache.catalina.startup.HostConfig.deployDirectory Deployment of web application directory [/home/mumuzinho/www/Trabalho-banco-de-dados-I/backend/apache-tomcat-9.0.87/webapps/docs] has finished in [17] ms
25-May-2026 18:10:09.428 INFO [main] org.apache.catalina.startup.HostConfig.deployDirectory Deploying web application directory [/home/mumuzinho/www/Trabalho-banco-de-dados-I/backend/apache-tomcat-9.0.87/webapps/ROOT]
25-May-2026 18:10:09.441 INFO [main] org.apache.catalina.startup.HostConfig.deployDirectory Deployment of web application directory [/home/mumuzinho/www/Trabalho-banco-de-dados-I/backend/apache-tomcat-9.0.87/webapps/ROOT] has finished in [13] ms
25-May-2026 18:10:09.441 INFO [main] org.apache.catalina.startup.HostConfig.deployDirectory Deploying web application directory [/home/mumuzinho/www/Trabalho-banco-de-dados-I/backend/apache-tomcat-9.0.87/webapps/host-manager]
25-May-2026 18:10:09.461 INFO [main] org.apache.catalina.startup.HostConfig.deployDirectory Deployment of web application directory [/home/mumuzinho/www/Trabalho-banco-de-dados-I/backend/apache-tomcat-9.0.87/webapps/host-manager] has finished in [20] ms
25-May-2026 18:10:09.465 INFO [main] org.apache.coyote.AbstractProtocol.start Starting ProtocolHandler ["http-nio-8080"]
25-May-2026 18:10:09.475 INFO [main] org.apache.catalina.startup.Catalina.start Server startup in [1082] milliseconds
25-May-2026 18:10:10.395 SEVERE [http-nio-8080-exec-1] dao.PgUserDAO.all DAO
	org.postgresql.util.PSQLException: ERROR: relation "j2ee.user" does not exist
  Position: 23
		at org.postgresql.core.v3.QueryExecutorImpl.receiveErrorResponse(QueryExecutorImpl.java:2676)
		at org.postgresql.core.v3.QueryExecutorImpl.processResults(QueryExecutorImpl.java:2366)
		at org.postgresql.core.v3.QueryExecutorImpl.execute(QueryExecutorImpl.java:356)
		at org.postgresql.jdbc.PgStatement.executeInternal(PgStatement.java:496)
		at org.postgresql.jdbc.PgStatement.execute(PgStatement.java:413)
		at org.postgresql.jdbc.PgPreparedStatement.executeWithFlags(PgPreparedStatement.java:190)
		at org.postgresql.jdbc.PgPreparedStatement.executeQuery(PgPreparedStatement.java:134)
		at dao.PgUserDAO.all(PgUserDAO.java:234)
		at controller.UserController.doGet(UserController.java:101)
		at javax.servlet.http.HttpServlet.service(HttpServlet.java:529)
		at javax.servlet.http.HttpServlet.service(HttpServlet.java:623)
		at org.apache.catalina.core.ApplicationFilterChain.internalDoFilter(ApplicationFilterChain.java:210)
		at org.apache.catalina.core.ApplicationFilterChain.doFilter(ApplicationFilterChain.java:154)
		at org.apache.tomcat.websocket.server.WsFilter.doFilter(WsFilter.java:51)
		at org.apache.catalina.core.ApplicationFilterChain.internalDoFilter(ApplicationFilterChain.java:179)
		at org.apache.catalina.core.ApplicationFilterChain.doFilter(ApplicationFilterChain.java:154)
		at org.apache.catalina.core.StandardWrapperValve.invoke(StandardWrapperValve.java:168)
		at org.apache.catalina.core.StandardContextValve.invoke(StandardContextValve.java:90)
		at org.apache.catalina.authenticator.AuthenticatorBase.invoke(AuthenticatorBase.java:481)
		at org.apache.catalina.core.StandardHostValve.invoke(StandardHostValve.java:130)
		at org.apache.catalina.valves.ErrorReportValve.invoke(ErrorReportValve.java:93)
		at org.apache.catalina.valves.AbstractAccessLogValve.invoke(AbstractAccessLogValve.java:670)
		at org.apache.catalina.core.StandardEngineValve.invoke(StandardEngineValve.java:74)
		at org.apache.catalina.connector.CoyoteAdapter.service(CoyoteAdapter.java:346)
		at org.apache.coyote.http11.Http11Processor.service(Http11Processor.java:390)
		at org.apache.coyote.AbstractProcessorLight.process(AbstractProcessorLight.java:63)
		at org.apache.coyote.AbstractProtocol$ConnectionHandler.process(AbstractProtocol.java:928)
		at org.apache.tomcat.util.net.NioEndpoint$SocketProcessor.doRun(NioEndpoint.java:1786)
		at org.apache.tomcat.util.net.SocketProcessorBase.run(SocketProcessorBase.java:52)
		at org.apache.tomcat.util.threads.ThreadPoolExecutor.runWorker(ThreadPoolExecutor.java:1191)
		at org.apache.tomcat.util.threads.ThreadPoolExecutor$Worker.run(ThreadPoolExecutor.java:659)
		at org.apache.tomcat.util.threads.TaskThread$WrappingRunnable.run(TaskThread.java:63)
		at java.base/java.lang.Thread.run(Thread.java:1583)
25-May-2026 18:10:20.108 INFO [main] org.apache.catalina.core.StandardServer.await A valid shutdown command was received via the shutdown port. Stopping the Server instance.
25-May-2026 18:10:20.110 INFO [main] org.apache.coyote.AbstractProtocol.pause Pausing ProtocolHandler ["http-nio-8080"]
25-May-2026 18:10:20.112 INFO [main] org.apache.catalina.core.StandardService.stopInternal Stopping service [Catalina]
25-May-2026 18:10:20.145 WARNING [main] org.apache.catalina.loader.WebappClassLoaderBase.clearReferencesJdbc The web application [bd2022] registered the JDBC driver [org.postgresql.Driver] but failed to unregister it when the web application was stopped. To prevent a memory leak, the JDBC Driver has been forcibly unregistered.
25-May-2026 18:10:20.167 INFO [main] org.apache.coyote.AbstractProtocol.stop Stopping ProtocolHandler ["http-nio-8080"]
25-May-2026 18:10:20.179 INFO [main] org.apache.coyote.AbstractProtocol.destroy Destroying ProtocolHandler ["http-nio-8080"]
NOTE: Picked up JDK_JAVA_OPTIONS:  --add-opens=java.base/java.lang=ALL-UNNAMED --add-opens=java.base/java.io=ALL-UNNAMED --add-opens=java.base/java.util=ALL-UNNAMED --add-opens=java.base/java.util.concurrent=ALL-UNNAMED --add-opens=java.rmi/sun.rmi.transport=ALL-UNNAMED
25-May-2026 18:10:23.379 INFO [main] org.apache.catalina.startup.VersionLoggerListener.log Server version name:   Apache Tomcat/9.0.87
25-May-2026 18:10:23.382 INFO [main] org.apache.catalina.startup.VersionLoggerListener.log Server built:          Mar 11 2024 10:12:34 UTC
25-May-2026 18:10:23.382 INFO [main] org.apache.catalina.startup.VersionLoggerListener.log Server version number: 9.0.87.0
25-May-2026 18:10:23.382 INFO [main] org.apache.catalina.startup.VersionLoggerListener.log OS Name:               Linux
25-May-2026 18:10:23.382 INFO [main] org.apache.catalina.startup.VersionLoggerListener.log OS Version:            6.6.114.1-microsoft-standard-WSL2
25-May-2026 18:10:23.382 INFO [main] org.apache.catalina.startup.VersionLoggerListener.log Architecture:          amd64
25-May-2026 18:10:23.382 INFO [main] org.apache.catalina.startup.VersionLoggerListener.log Java Home:             /usr/lib/jvm/java-21-openjdk-amd64
25-May-2026 18:10:23.382 INFO [main] org.apache.catalina.startup.VersionLoggerListener.log JVM Version:           21.0.8+9-Ubuntu-0ubuntu122.04.1
25-May-2026 18:10:23.383 INFO [main] org.apache.catalina.startup.VersionLoggerListener.log JVM Vendor:            Ubuntu
25-May-2026 18:10:23.383 INFO [main] org.apache.catalina.startup.VersionLoggerListener.log CATALINA_BASE:         /home/mumuzinho/www/Trabalho-banco-de-dados-I/backend/apache-tomcat-9.0.87
25-May-2026 18:10:23.383 INFO [main] org.apache.catalina.startup.VersionLoggerListener.log CATALINA_HOME:         /home/mumuzinho/www/Trabalho-banco-de-dados-I/backend/apache-tomcat-9.0.87
25-May-2026 18:10:23.388 INFO [main] org.apache.catalina.startup.VersionLoggerListener.log Command line argument: --add-opens=java.base/java.lang=ALL-UNNAMED
25-May-2026 18:10:23.388 INFO [main] org.apache.catalina.startup.VersionLoggerListener.log Command line argument: --add-opens=java.base/java.io=ALL-UNNAMED
25-May-2026 18:10:23.388 INFO [main] org.apache.catalina.startup.VersionLoggerListener.log Command line argument: --add-opens=java.base/java.util=ALL-UNNAMED
25-May-2026 18:10:23.388 INFO [main] org.apache.catalina.startup.VersionLoggerListener.log Command line argument: --add-opens=java.base/java.util.concurrent=ALL-UNNAMED
25-May-2026 18:10:23.388 INFO [main] org.apache.catalina.startup.VersionLoggerListener.log Command line argument: --add-opens=java.rmi/sun.rmi.transport=ALL-UNNAMED
25-May-2026 18:10:23.388 INFO [main] org.apache.catalina.startup.VersionLoggerListener.log Command line argument: -Djava.util.logging.config.file=/home/mumuzinho/www/Trabalho-banco-de-dados-I/backend/apache-tomcat-9.0.87/conf/logging.properties
25-May-2026 18:10:23.389 INFO [main] org.apache.catalina.startup.VersionLoggerListener.log Command line argument: -Djava.util.logging.manager=org.apache.juli.ClassLoaderLogManager
25-May-2026 18:10:23.389 INFO [main] org.apache.catalina.startup.VersionLoggerListener.log Command line argument: -Djdk.tls.ephemeralDHKeySize=2048
25-May-2026 18:10:23.389 INFO [main] org.apache.catalina.startup.VersionLoggerListener.log Command line argument: -Djava.protocol.handler.pkgs=org.apache.catalina.webresources
25-May-2026 18:10:23.389 INFO [main] org.apache.catalina.startup.VersionLoggerListener.log Command line argument: -Dorg.apache.catalina.security.SecurityListener.UMASK=0027
25-May-2026 18:10:23.389 INFO [main] org.apache.catalina.startup.VersionLoggerListener.log Command line argument: -Dignore.endorsed.dirs=
25-May-2026 18:10:23.389 INFO [main] org.apache.catalina.startup.VersionLoggerListener.log Command line argument: -Dcatalina.base=/home/mumuzinho/www/Trabalho-banco-de-dados-I/backend/apache-tomcat-9.0.87
25-May-2026 18:10:23.389 INFO [main] org.apache.catalina.startup.VersionLoggerListener.log Command line argument: -Dcatalina.home=/home/mumuzinho/www/Trabalho-banco-de-dados-I/backend/apache-tomcat-9.0.87
25-May-2026 18:10:23.389 INFO [main] org.apache.catalina.startup.VersionLoggerListener.log Command line argument: -Djava.io.tmpdir=/home/mumuzinho/www/Trabalho-banco-de-dados-I/backend/apache-tomcat-9.0.87/temp
25-May-2026 18:10:23.392 INFO [main] org.apache.catalina.core.AprLifecycleListener.lifecycleEvent The Apache Tomcat Native library which allows using OpenSSL was not found on the java.library.path: [/usr/java/packages/lib:/usr/lib/x86_64-linux-gnu/jni:/lib/x86_64-linux-gnu:/usr/lib/x86_64-linux-gnu:/usr/lib/jni:/lib:/usr/lib]
25-May-2026 18:10:23.719 INFO [main] org.apache.coyote.AbstractProtocol.init Initializing ProtocolHandler ["http-nio-8080"]
25-May-2026 18:10:23.744 INFO [main] org.apache.catalina.startup.Catalina.load Server initialization in [504] milliseconds
25-May-2026 18:10:23.777 INFO [main] org.apache.catalina.core.StandardService.startInternal Starting service [Catalina]
25-May-2026 18:10:23.777 INFO [main] org.apache.catalina.core.StandardEngine.startInternal Starting Servlet engine: [Apache Tomcat/9.0.87]
25-May-2026 18:10:23.787 INFO [main] org.apache.catalina.startup.HostConfig.deployWAR Deploying web application archive [/home/mumuzinho/www/Trabalho-banco-de-dados-I/backend/apache-tomcat-9.0.87/webapps/bd2022.war]
25-May-2026 18:10:24.234 INFO [main] org.apache.jasper.servlet.TldScanner.scanJars At least one JAR was scanned for TLDs yet contained no TLDs. Enable debug logging for this logger for a complete list of JARs that were scanned but no TLDs were found in them. Skipping unneeded JARs during scanning can improve startup time and JSP compilation time.
25-May-2026 18:10:24.277 INFO [main] org.apache.catalina.startup.HostConfig.deployWAR Deployment of web application archive [/home/mumuzinho/www/Trabalho-banco-de-dados-I/backend/apache-tomcat-9.0.87/webapps/bd2022.war] has finished in [489] ms
25-May-2026 18:10:24.277 INFO [main] org.apache.catalina.startup.HostConfig.deployDirectory Deploying web application directory [/home/mumuzinho/www/Trabalho-banco-de-dados-I/backend/apache-tomcat-9.0.87/webapps/manager]
25-May-2026 18:10:24.315 INFO [main] org.apache.catalina.startup.HostConfig.deployDirectory Deployment of web application directory [/home/mumuzinho/www/Trabalho-banco-de-dados-I/backend/apache-tomcat-9.0.87/webapps/manager] has finished in [38] ms
25-May-2026 18:10:24.316 INFO [main] org.apache.catalina.startup.HostConfig.deployDirectory Deploying web application directory [/home/mumuzinho/www/Trabalho-banco-de-dados-I/backend/apache-tomcat-9.0.87/webapps/examples]
25-May-2026 18:10:24.455 INFO [main] org.apache.catalina.startup.HostConfig.deployDirectory Deployment of web application directory [/home/mumuzinho/www/Trabalho-banco-de-dados-I/backend/apache-tomcat-9.0.87/webapps/examples] has finished in [139] ms
25-May-2026 18:10:24.455 INFO [main] org.apache.catalina.startup.HostConfig.deployDirectory Deploying web application directory [/home/mumuzinho/www/Trabalho-banco-de-dados-I/backend/apache-tomcat-9.0.87/webapps/docs]
25-May-2026 18:10:24.468 INFO [main] org.apache.catalina.startup.HostConfig.deployDirectory Deployment of web application directory [/home/mumuzinho/www/Trabalho-banco-de-dados-I/backend/apache-tomcat-9.0.87/webapps/docs] has finished in [13] ms
25-May-2026 18:10:24.469 INFO [main] org.apache.catalina.startup.HostConfig.deployDirectory Deploying web application directory [/home/mumuzinho/www/Trabalho-banco-de-dados-I/backend/apache-tomcat-9.0.87/webapps/ROOT]
25-May-2026 18:10:24.494 INFO [main] org.apache.catalina.startup.HostConfig.deployDirectory Deployment of web application directory [/home/mumuzinho/www/Trabalho-banco-de-dados-I/backend/apache-tomcat-9.0.87/webapps/ROOT] has finished in [26] ms
25-May-2026 18:10:24.494 INFO [main] org.apache.catalina.startup.HostConfig.deployDirectory Deploying web application directory [/home/mumuzinho/www/Trabalho-banco-de-dados-I/backend/apache-tomcat-9.0.87/webapps/host-manager]
25-May-2026 18:10:24.518 INFO [main] org.apache.catalina.startup.HostConfig.deployDirectory Deployment of web application directory [/home/mumuzinho/www/Trabalho-banco-de-dados-I/backend/apache-tomcat-9.0.87/webapps/host-manager] has finished in [24] ms
25-May-2026 18:10:24.524 INFO [main] org.apache.coyote.AbstractProtocol.start Starting ProtocolHandler ["http-nio-8080"]
25-May-2026 18:10:24.539 INFO [main] org.apache.catalina.startup.Catalina.start Server startup in [794] milliseconds
25-May-2026 18:10:25.820 SEVERE [http-nio-8080-exec-1] dao.PgUserDAO.all DAO
	org.postgresql.util.PSQLException: ERROR: relation "j2ee.user" does not exist
  Position: 23
		at org.postgresql.core.v3.QueryExecutorImpl.receiveErrorResponse(QueryExecutorImpl.java:2676)
		at org.postgresql.core.v3.QueryExecutorImpl.processResults(QueryExecutorImpl.java:2366)
		at org.postgresql.core.v3.QueryExecutorImpl.execute(QueryExecutorImpl.java:356)
		at org.postgresql.jdbc.PgStatement.executeInternal(PgStatement.java:496)
		at org.postgresql.jdbc.PgStatement.execute(PgStatement.java:413)
		at org.postgresql.jdbc.PgPreparedStatement.executeWithFlags(PgPreparedStatement.java:190)
		at org.postgresql.jdbc.PgPreparedStatement.executeQuery(PgPreparedStatement.java:134)
		at dao.PgUserDAO.all(PgUserDAO.java:234)
		at controller.UserController.doGet(UserController.java:101)
		at javax.servlet.http.HttpServlet.service(HttpServlet.java:529)
		at javax.servlet.http.HttpServlet.service(HttpServlet.java:623)
		at org.apache.catalina.core.ApplicationFilterChain.internalDoFilter(ApplicationFilterChain.java:210)
		at org.apache.catalina.core.ApplicationFilterChain.doFilter(ApplicationFilterChain.java:154)
		at org.apache.tomcat.websocket.server.WsFilter.doFilter(WsFilter.java:51)
		at org.apache.catalina.core.ApplicationFilterChain.internalDoFilter(ApplicationFilterChain.java:179)
		at org.apache.catalina.core.ApplicationFilterChain.doFilter(ApplicationFilterChain.java:154)
		at org.apache.catalina.core.StandardWrapperValve.invoke(StandardWrapperValve.java:168)
		at org.apache.catalina.core.StandardContextValve.invoke(StandardContextValve.java:90)
		at org.apache.catalina.authenticator.AuthenticatorBase.invoke(AuthenticatorBase.java:481)
		at org.apache.catalina.core.StandardHostValve.invoke(StandardHostValve.java:130)
		at org.apache.catalina.valves.ErrorReportValve.invoke(ErrorReportValve.java:93)
		at org.apache.catalina.valves.AbstractAccessLogValve.invoke(AbstractAccessLogValve.java:670)
		at org.apache.catalina.core.StandardEngineValve.invoke(StandardEngineValve.java:74)
		at org.apache.catalina.connector.CoyoteAdapter.service(CoyoteAdapter.java:346)
		at org.apache.coyote.http11.Http11Processor.service(Http11Processor.java:390)
		at org.apache.coyote.AbstractProcessorLight.process(AbstractProcessorLight.java:63)
		at org.apache.coyote.AbstractProtocol$ConnectionHandler.process(AbstractProtocol.java:928)
		at org.apache.tomcat.util.net.NioEndpoint$SocketProcessor.doRun(NioEndpoint.java:1786)
		at org.apache.tomcat.util.net.SocketProcessorBase.run(SocketProcessorBase.java:52)
		at org.apache.tomcat.util.threads.ThreadPoolExecutor.runWorker(ThreadPoolExecutor.java:1191)
		at org.apache.tomcat.util.threads.ThreadPoolExecutor$Worker.run(ThreadPoolExecutor.java:659)
		at org.apache.tomcat.util.threads.TaskThread$WrappingRunnable.run(TaskThread.java:63)
		at java.base/java.lang.Thread.run(Thread.java:1583)
25-May-2026 18:12:36.904 INFO [main] org.apache.catalina.core.StandardServer.await A valid shutdown command was received via the shutdown port. Stopping the Server instance.
25-May-2026 18:12:36.905 INFO [main] org.apache.coyote.AbstractProtocol.pause Pausing ProtocolHandler ["http-nio-8080"]
25-May-2026 18:12:36.908 INFO [main] org.apache.catalina.core.StandardService.stopInternal Stopping service [Catalina]
25-May-2026 18:12:36.929 WARNING [main] org.apache.catalina.loader.WebappClassLoaderBase.clearReferencesJdbc The web application [bd2022] registered the JDBC driver [org.postgresql.Driver] but failed to unregister it when the web application was stopped. To prevent a memory leak, the JDBC Driver has been forcibly unregistered.
25-May-2026 18:12:36.934 INFO [main] org.apache.coyote.AbstractProtocol.stop Stopping ProtocolHandler ["http-nio-8080"]
25-May-2026 18:12:36.943 INFO [main] org.apache.coyote.AbstractProtocol.destroy Destroying ProtocolHandler ["http-nio-8080"]
NOTE: Picked up JDK_JAVA_OPTIONS:  --add-opens=java.base/java.lang=ALL-UNNAMED --add-opens=java.base/java.io=ALL-UNNAMED --add-opens=java.base/java.util=ALL-UNNAMED --add-opens=java.base/java.util.concurrent=ALL-UNNAMED --add-opens=java.rmi/sun.rmi.transport=ALL-UNNAMED
25-May-2026 18:34:17.912 INFO [main] org.apache.catalina.startup.VersionLoggerListener.log Server version name:   Apache Tomcat/9.0.87
25-May-2026 18:34:17.918 INFO [main] org.apache.catalina.startup.VersionLoggerListener.log Server built:          Mar 11 2024 10:12:34 UTC
25-May-2026 18:34:17.918 INFO [main] org.apache.catalina.startup.VersionLoggerListener.log Server version number: 9.0.87.0
25-May-2026 18:34:17.918 INFO [main] org.apache.catalina.startup.VersionLoggerListener.log OS Name:               Linux
25-May-2026 18:34:17.918 INFO [main] org.apache.catalina.startup.VersionLoggerListener.log OS Version:            6.6.114.1-microsoft-standard-WSL2
25-May-2026 18:34:17.918 INFO [main] org.apache.catalina.startup.VersionLoggerListener.log Architecture:          amd64
25-May-2026 18:34:17.918 INFO [main] org.apache.catalina.startup.VersionLoggerListener.log Java Home:             /usr/lib/jvm/java-21-openjdk-amd64
25-May-2026 18:34:17.918 INFO [main] org.apache.catalina.startup.VersionLoggerListener.log JVM Version:           21.0.8+9-Ubuntu-0ubuntu122.04.1
25-May-2026 18:34:17.918 INFO [main] org.apache.catalina.startup.VersionLoggerListener.log JVM Vendor:            Ubuntu
25-May-2026 18:34:17.918 INFO [main] org.apache.catalina.startup.VersionLoggerListener.log CATALINA_BASE:         /home/mumuzinho/www/Trabalho-banco-de-dados-I/backend/apache-tomcat-9.0.87
25-May-2026 18:34:17.919 INFO [main] org.apache.catalina.startup.VersionLoggerListener.log CATALINA_HOME:         /home/mumuzinho/www/Trabalho-banco-de-dados-I/backend/apache-tomcat-9.0.87
25-May-2026 18:34:17.927 INFO [main] org.apache.catalina.startup.VersionLoggerListener.log Command line argument: --add-opens=java.base/java.lang=ALL-UNNAMED
25-May-2026 18:34:17.927 INFO [main] org.apache.catalina.startup.VersionLoggerListener.log Command line argument: --add-opens=java.base/java.io=ALL-UNNAMED
25-May-2026 18:34:17.927 INFO [main] org.apache.catalina.startup.VersionLoggerListener.log Command line argument: --add-opens=java.base/java.util=ALL-UNNAMED
25-May-2026 18:34:17.927 INFO [main] org.apache.catalina.startup.VersionLoggerListener.log Command line argument: --add-opens=java.base/java.util.concurrent=ALL-UNNAMED
25-May-2026 18:34:17.927 INFO [main] org.apache.catalina.startup.VersionLoggerListener.log Command line argument: --add-opens=java.rmi/sun.rmi.transport=ALL-UNNAMED
25-May-2026 18:34:17.927 INFO [main] org.apache.catalina.startup.VersionLoggerListener.log Command line argument: -Djava.util.logging.config.file=/home/mumuzinho/www/Trabalho-banco-de-dados-I/backend/apache-tomcat-9.0.87/conf/logging.properties
25-May-2026 18:34:17.927 INFO [main] org.apache.catalina.startup.VersionLoggerListener.log Command line argument: -Djava.util.logging.manager=org.apache.juli.ClassLoaderLogManager
25-May-2026 18:34:17.928 INFO [main] org.apache.catalina.startup.VersionLoggerListener.log Command line argument: -Djdk.tls.ephemeralDHKeySize=2048
25-May-2026 18:34:17.928 INFO [main] org.apache.catalina.startup.VersionLoggerListener.log Command line argument: -Djava.protocol.handler.pkgs=org.apache.catalina.webresources
25-May-2026 18:34:17.928 INFO [main] org.apache.catalina.startup.VersionLoggerListener.log Command line argument: -Dorg.apache.catalina.security.SecurityListener.UMASK=0027
25-May-2026 18:34:17.928 INFO [main] org.apache.catalina.startup.VersionLoggerListener.log Command line argument: -Dignore.endorsed.dirs=
25-May-2026 18:34:17.928 INFO [main] org.apache.catalina.startup.VersionLoggerListener.log Command line argument: -Dcatalina.base=/home/mumuzinho/www/Trabalho-banco-de-dados-I/backend/apache-tomcat-9.0.87
25-May-2026 18:34:17.928 INFO [main] org.apache.catalina.startup.VersionLoggerListener.log Command line argument: -Dcatalina.home=/home/mumuzinho/www/Trabalho-banco-de-dados-I/backend/apache-tomcat-9.0.87
25-May-2026 18:34:17.928 INFO [main] org.apache.catalina.startup.VersionLoggerListener.log Command line argument: -Djava.io.tmpdir=/home/mumuzinho/www/Trabalho-banco-de-dados-I/backend/apache-tomcat-9.0.87/temp
25-May-2026 18:34:17.929 INFO [main] org.apache.catalina.core.AprLifecycleListener.lifecycleEvent The Apache Tomcat Native library which allows using OpenSSL was not found on the java.library.path: [/usr/java/packages/lib:/usr/lib/x86_64-linux-gnu/jni:/lib/x86_64-linux-gnu:/usr/lib/x86_64-linux-gnu:/usr/lib/jni:/lib:/usr/lib]
25-May-2026 18:34:18.268 INFO [main] org.apache.coyote.AbstractProtocol.init Initializing ProtocolHandler ["http-nio-8080"]
25-May-2026 18:34:18.284 INFO [main] org.apache.catalina.startup.Catalina.load Server initialization in [581] milliseconds
25-May-2026 18:34:18.309 INFO [main] org.apache.catalina.core.StandardService.startInternal Starting service [Catalina]
25-May-2026 18:34:18.310 INFO [main] org.apache.catalina.core.StandardEngine.startInternal Starting Servlet engine: [Apache Tomcat/9.0.87]
25-May-2026 18:34:18.320 INFO [main] org.apache.catalina.startup.HostConfig.deployWAR Deploying web application archive [/home/mumuzinho/www/Trabalho-banco-de-dados-I/backend/apache-tomcat-9.0.87/webapps/ROOT.war]
25-May-2026 18:34:18.499 INFO [main] org.apache.catalina.startup.HostConfig.deployWAR Deployment of web application archive [/home/mumuzinho/www/Trabalho-banco-de-dados-I/backend/apache-tomcat-9.0.87/webapps/ROOT.war] has finished in [179] ms
25-May-2026 18:34:18.500 INFO [main] org.apache.catalina.startup.HostConfig.deployDirectory Deploying web application directory [/home/mumuzinho/www/Trabalho-banco-de-dados-I/backend/apache-tomcat-9.0.87/webapps/bd2022]
25-May-2026 18:34:18.508 SEVERE [main] org.apache.catalina.startup.HostConfig.deployDirectory Error deploying web application directory [/home/mumuzinho/www/Trabalho-banco-de-dados-I/backend/apache-tomcat-9.0.87/webapps/bd2022]
	java.lang.IllegalStateException: Error starting child
		at org.apache.catalina.core.ContainerBase.addChildInternal(ContainerBase.java:686)
		at org.apache.catalina.core.ContainerBase.addChild(ContainerBase.java:658)
		at org.apache.catalina.core.StandardHost.addChild(StandardHost.java:661)
		at org.apache.catalina.startup.HostConfig.deployDirectory(HostConfig.java:1175)
		at org.apache.catalina.startup.HostConfig$DeployDirectory.run(HostConfig.java:1888)
		at java.base/java.util.concurrent.Executors$RunnableAdapter.call(Executors.java:572)
		at java.base/java.util.concurrent.FutureTask.run(FutureTask.java:317)
		at org.apache.tomcat.util.threads.InlineExecutorService.execute(InlineExecutorService.java:75)
		at java.base/java.util.concurrent.AbstractExecutorService.submit(AbstractExecutorService.java:123)
		at org.apache.catalina.startup.HostConfig.deployDirectories(HostConfig.java:1086)
		at org.apache.catalina.startup.HostConfig.deployApps(HostConfig.java:470)
		at org.apache.catalina.startup.HostConfig.start(HostConfig.java:1584)
		at org.apache.catalina.startup.HostConfig.lifecycleEvent(HostConfig.java:312)
		at org.apache.catalina.util.LifecycleBase.fireLifecycleEvent(LifecycleBase.java:114)
		at org.apache.catalina.util.LifecycleBase.setStateInternal(LifecycleBase.java:402)
		at org.apache.catalina.util.LifecycleBase.setState(LifecycleBase.java:345)
		at org.apache.catalina.core.ContainerBase.startInternal(ContainerBase.java:893)
		at org.apache.catalina.core.StandardHost.startInternal(StandardHost.java:794)
		at org.apache.catalina.util.LifecycleBase.start(LifecycleBase.java:171)
		at org.apache.catalina.core.ContainerBase$StartChild.call(ContainerBase.java:1332)
		at org.apache.catalina.core.ContainerBase$StartChild.call(ContainerBase.java:1322)
		at java.base/java.util.concurrent.FutureTask.run(FutureTask.java:317)
		at org.apache.tomcat.util.threads.InlineExecutorService.execute(InlineExecutorService.java:75)
		at java.base/java.util.concurrent.AbstractExecutorService.submit(AbstractExecutorService.java:145)
		at org.apache.catalina.core.ContainerBase.startInternal(ContainerBase.java:866)
		at org.apache.catalina.core.StandardEngine.startInternal(StandardEngine.java:248)
		at org.apache.catalina.util.LifecycleBase.start(LifecycleBase.java:171)
		at org.apache.catalina.core.StandardService.startInternal(StandardService.java:433)
		at org.apache.catalina.util.LifecycleBase.start(LifecycleBase.java:171)
		at org.apache.catalina.core.StandardServer.startInternal(StandardServer.java:925)
		at org.apache.catalina.util.LifecycleBase.start(LifecycleBase.java:171)
		at org.apache.catalina.startup.Catalina.start(Catalina.java:735)
		at java.base/jdk.internal.reflect.DirectMethodHandleAccessor.invoke(DirectMethodHandleAccessor.java:103)
		at java.base/java.lang.reflect.Method.invoke(Method.java:580)
		at org.apache.catalina.startup.Bootstrap.start(Bootstrap.java:345)
		at org.apache.catalina.startup.Bootstrap.main(Bootstrap.java:473)
	Caused by: org.apache.catalina.LifecycleException: Failed to initialize component [org.apache.catalina.webresources.JarResourceSet@3243b914]
		at org.apache.catalina.util.LifecycleBase.handleSubClassException(LifecycleBase.java:419)
		at org.apache.catalina.util.LifecycleBase.init(LifecycleBase.java:130)
		at org.apache.catalina.util.LifecycleBase.start(LifecycleBase.java:161)
		at org.apache.catalina.webresources.StandardRoot.startInternal(StandardRoot.java:725)
		at org.apache.catalina.util.LifecycleBase.start(LifecycleBase.java:171)
		at org.apache.catalina.core.StandardContext.resourcesStart(StandardContext.java:4575)
		at org.apache.catalina.core.StandardContext.startInternal(StandardContext.java:4708)
		at org.apache.catalina.util.LifecycleBase.start(LifecycleBase.java:171)
		at org.apache.catalina.core.ContainerBase.addChildInternal(ContainerBase.java:683)
		... 35 more
	Caused by: java.lang.IllegalArgumentException: java.io.IOException: java.lang.reflect.InvocationTargetException
		at org.apache.catalina.webresources.AbstractSingleArchiveResourceSet.initInternal(AbstractSingleArchiveResourceSet.java:141)
		at org.apache.catalina.util.LifecycleBase.init(LifecycleBase.java:127)
		... 42 more
	Caused by: java.io.IOException: java.lang.reflect.InvocationTargetException
		at org.apache.tomcat.util.compat.Jre9Compat.jarFileNewInstance(Jre9Compat.java:209)
		at org.apache.tomcat.util.compat.Jre19Compat.jarFileNewInstance(Jre19Compat.java:25)
		at org.apache.tomcat.util.compat.JreCompat.jarFileNewInstance(JreCompat.java:275)
		at org.apache.catalina.webresources.AbstractSingleArchiveResourceSet.initInternal(AbstractSingleArchiveResourceSet.java:138)
		... 43 more
	Caused by: java.lang.reflect.InvocationTargetException
		at java.base/jdk.internal.reflect.DirectConstructorHandleAccessor.newInstance(DirectConstructorHandleAccessor.java:74)
		at java.base/java.lang.reflect.Constructor.newInstanceWithCaller(Constructor.java:502)
		at java.base/java.lang.reflect.Constructor.newInstance(Constructor.java:486)
		at org.apache.tomcat.util.compat.Jre9Compat.jarFileNewInstance(Jre9Compat.java:206)
		... 46 more
	Caused by: java.util.zip.ZipException: zip file is empty
		at java.base/java.util.zip.ZipFile$Source.zerror(ZipFile.java:1781)
		at java.base/java.util.zip.ZipFile$Source.findEND(ZipFile.java:1562)
		at java.base/java.util.zip.ZipFile$Source.initCEN(ZipFile.java:1657)
		at java.base/java.util.zip.ZipFile$Source.<init>(ZipFile.java:1495)
		at java.base/java.util.zip.ZipFile$Source.get(ZipFile.java:1458)
		at java.base/java.util.zip.ZipFile$CleanableResource.<init>(ZipFile.java:724)
		at java.base/java.util.zip.ZipFile.<init>(ZipFile.java:251)
		at java.base/java.util.zip.ZipFile.<init>(ZipFile.java:180)
		at java.base/java.util.jar.JarFile.<init>(JarFile.java:345)
		at java.base/jdk.internal.reflect.DirectConstructorHandleAccessor.newInstance(DirectConstructorHandleAccessor.java:62)
		... 49 more
25-May-2026 18:34:18.509 INFO [main] org.apache.catalina.startup.HostConfig.deployDirectory Deployment of web application directory [/home/mumuzinho/www/Trabalho-banco-de-dados-I/backend/apache-tomcat-9.0.87/webapps/bd2022] has finished in [9] ms
25-May-2026 18:34:18.510 INFO [main] org.apache.catalina.startup.HostConfig.deployDirectory Deploying web application directory [/home/mumuzinho/www/Trabalho-banco-de-dados-I/backend/apache-tomcat-9.0.87/webapps/manager]
25-May-2026 18:34:18.541 INFO [main] org.apache.catalina.startup.HostConfig.deployDirectory Deployment of web application directory [/home/mumuzinho/www/Trabalho-banco-de-dados-I/backend/apache-tomcat-9.0.87/webapps/manager] has finished in [31] ms
25-May-2026 18:34:18.541 INFO [main] org.apache.catalina.startup.HostConfig.deployDirectory Deploying web application directory [/home/mumuzinho/www/Trabalho-banco-de-dados-I/backend/apache-tomcat-9.0.87/webapps/examples]
25-May-2026 18:34:18.703 INFO [main] org.apache.catalina.startup.HostConfig.deployDirectory Deployment of web application directory [/home/mumuzinho/www/Trabalho-banco-de-dados-I/backend/apache-tomcat-9.0.87/webapps/examples] has finished in [162] ms
25-May-2026 18:34:18.704 INFO [main] org.apache.catalina.startup.HostConfig.deployDirectory Deploying web application directory [/home/mumuzinho/www/Trabalho-banco-de-dados-I/backend/apache-tomcat-9.0.87/webapps/docs]
25-May-2026 18:34:18.724 INFO [main] org.apache.catalina.startup.HostConfig.deployDirectory Deployment of web application directory [/home/mumuzinho/www/Trabalho-banco-de-dados-I/backend/apache-tomcat-9.0.87/webapps/docs] has finished in [20] ms
25-May-2026 18:34:18.725 INFO [main] org.apache.catalina.startup.HostConfig.deployDirectory Deploying web application directory [/home/mumuzinho/www/Trabalho-banco-de-dados-I/backend/apache-tomcat-9.0.87/webapps/host-manager]
25-May-2026 18:34:18.741 INFO [main] org.apache.catalina.startup.HostConfig.deployDirectory Deployment of web application directory [/home/mumuzinho/www/Trabalho-banco-de-dados-I/backend/apache-tomcat-9.0.87/webapps/host-manager] has finished in [16] ms
25-May-2026 18:34:18.744 INFO [main] org.apache.coyote.AbstractProtocol.start Starting ProtocolHandler ["http-nio-8080"]
25-May-2026 18:34:18.757 INFO [main] org.apache.catalina.startup.Catalina.start Server startup in [472] milliseconds
25-May-2026 18:36:38.761 INFO [Catalina-utility-1] org.apache.catalina.startup.HostConfig.undeploy Undeploying context []
25-May-2026 18:36:38.771 INFO [Catalina-utility-1] org.apache.catalina.startup.HostConfig.deployWAR Deploying web application archive [/home/mumuzinho/www/Trabalho-banco-de-dados-I/backend/apache-tomcat-9.0.87/webapps/ROOT.war]
25-May-2026 18:36:39.016 INFO [Catalina-utility-1] org.apache.jasper.servlet.TldScanner.scanJars At least one JAR was scanned for TLDs yet contained no TLDs. Enable debug logging for this logger for a complete list of JARs that were scanned but no TLDs were found in them. Skipping unneeded JARs during scanning can improve startup time and JSP compilation time.
25-May-2026 18:36:39.025 INFO [Catalina-utility-1] org.apache.catalina.startup.HostConfig.deployWAR Deployment of web application archive [/home/mumuzinho/www/Trabalho-banco-de-dados-I/backend/apache-tomcat-9.0.87/webapps/ROOT.war] has finished in [254] ms
NOTE: Picked up JDK_JAVA_OPTIONS:  --add-opens=java.base/java.lang=ALL-UNNAMED --add-opens=java.base/java.io=ALL-UNNAMED --add-opens=java.base/java.util=ALL-UNNAMED --add-opens=java.base/java.util.concurrent=ALL-UNNAMED --add-opens=java.rmi/sun.rmi.transport=ALL-UNNAMED
25-May-2026 18:37:07.464 INFO [main] org.apache.catalina.startup.VersionLoggerListener.log Server version name:   Apache Tomcat/9.0.87
25-May-2026 18:37:07.471 INFO [main] org.apache.catalina.startup.VersionLoggerListener.log Server built:          Mar 11 2024 10:12:34 UTC
25-May-2026 18:37:07.472 INFO [main] org.apache.catalina.startup.VersionLoggerListener.log Server version number: 9.0.87.0
25-May-2026 18:37:07.472 INFO [main] org.apache.catalina.startup.VersionLoggerListener.log OS Name:               Linux
25-May-2026 18:37:07.472 INFO [main] org.apache.catalina.startup.VersionLoggerListener.log OS Version:            6.6.114.1-microsoft-standard-WSL2
25-May-2026 18:37:07.472 INFO [main] org.apache.catalina.startup.VersionLoggerListener.log Architecture:          amd64
25-May-2026 18:37:07.472 INFO [main] org.apache.catalina.startup.VersionLoggerListener.log Java Home:             /usr/lib/jvm/java-21-openjdk-amd64
25-May-2026 18:37:07.472 INFO [main] org.apache.catalina.startup.VersionLoggerListener.log JVM Version:           21.0.8+9-Ubuntu-0ubuntu122.04.1
25-May-2026 18:37:07.472 INFO [main] org.apache.catalina.startup.VersionLoggerListener.log JVM Vendor:            Ubuntu
25-May-2026 18:37:07.472 INFO [main] org.apache.catalina.startup.VersionLoggerListener.log CATALINA_BASE:         /home/mumuzinho/www/Trabalho-banco-de-dados-I/backend/apache-tomcat-9.0.87
25-May-2026 18:37:07.472 INFO [main] org.apache.catalina.startup.VersionLoggerListener.log CATALINA_HOME:         /home/mumuzinho/www/Trabalho-banco-de-dados-I/backend/apache-tomcat-9.0.87
25-May-2026 18:37:07.480 INFO [main] org.apache.catalina.startup.VersionLoggerListener.log Command line argument: --add-opens=java.base/java.lang=ALL-UNNAMED
25-May-2026 18:37:07.480 INFO [main] org.apache.catalina.startup.VersionLoggerListener.log Command line argument: --add-opens=java.base/java.io=ALL-UNNAMED
25-May-2026 18:37:07.480 INFO [main] org.apache.catalina.startup.VersionLoggerListener.log Command line argument: --add-opens=java.base/java.util=ALL-UNNAMED
25-May-2026 18:37:07.480 INFO [main] org.apache.catalina.startup.VersionLoggerListener.log Command line argument: --add-opens=java.base/java.util.concurrent=ALL-UNNAMED
25-May-2026 18:37:07.480 INFO [main] org.apache.catalina.startup.VersionLoggerListener.log Command line argument: --add-opens=java.rmi/sun.rmi.transport=ALL-UNNAMED
25-May-2026 18:37:07.481 INFO [main] org.apache.catalina.startup.VersionLoggerListener.log Command line argument: -Djava.util.logging.config.file=/home/mumuzinho/www/Trabalho-banco-de-dados-I/backend/apache-tomcat-9.0.87/conf/logging.properties
25-May-2026 18:37:07.481 INFO [main] org.apache.catalina.startup.VersionLoggerListener.log Command line argument: -Djava.util.logging.manager=org.apache.juli.ClassLoaderLogManager
25-May-2026 18:37:07.481 INFO [main] org.apache.catalina.startup.VersionLoggerListener.log Command line argument: -Djdk.tls.ephemeralDHKeySize=2048
25-May-2026 18:37:07.481 INFO [main] org.apache.catalina.startup.VersionLoggerListener.log Command line argument: -Djava.protocol.handler.pkgs=org.apache.catalina.webresources
25-May-2026 18:37:07.481 INFO [main] org.apache.catalina.startup.VersionLoggerListener.log Command line argument: -Dorg.apache.catalina.security.SecurityListener.UMASK=0027
25-May-2026 18:37:07.481 INFO [main] org.apache.catalina.startup.VersionLoggerListener.log Command line argument: -Dignore.endorsed.dirs=
25-May-2026 18:37:07.481 INFO [main] org.apache.catalina.startup.VersionLoggerListener.log Command line argument: -Dcatalina.base=/home/mumuzinho/www/Trabalho-banco-de-dados-I/backend/apache-tomcat-9.0.87
25-May-2026 18:37:07.481 INFO [main] org.apache.catalina.startup.VersionLoggerListener.log Command line argument: -Dcatalina.home=/home/mumuzinho/www/Trabalho-banco-de-dados-I/backend/apache-tomcat-9.0.87
25-May-2026 18:37:07.481 INFO [main] org.apache.catalina.startup.VersionLoggerListener.log Command line argument: -Djava.io.tmpdir=/home/mumuzinho/www/Trabalho-banco-de-dados-I/backend/apache-tomcat-9.0.87/temp
25-May-2026 18:37:07.484 INFO [main] org.apache.catalina.core.AprLifecycleListener.lifecycleEvent The Apache Tomcat Native library which allows using OpenSSL was not found on the java.library.path: [/usr/java/packages/lib:/usr/lib/x86_64-linux-gnu/jni:/lib/x86_64-linux-gnu:/usr/lib/x86_64-linux-gnu:/usr/lib/jni:/lib:/usr/lib]
25-May-2026 18:37:07.845 INFO [main] org.apache.coyote.AbstractProtocol.init Initializing ProtocolHandler ["http-nio-8080"]
25-May-2026 18:37:07.857 SEVERE [main] org.apache.catalina.util.LifecycleBase.handleSubClassException Failed to initialize component [Connector["http-nio-8080"]]
	org.apache.catalina.LifecycleException: Protocol handler initialization failed
		at org.apache.catalina.connector.Connector.initInternal(Connector.java:1011)
		at org.apache.catalina.util.LifecycleBase.init(LifecycleBase.java:127)
		at org.apache.catalina.core.StandardService.initInternal(StandardService.java:554)
		at org.apache.catalina.util.LifecycleBase.init(LifecycleBase.java:127)
		at org.apache.catalina.core.StandardServer.initInternal(StandardServer.java:1046)
		at org.apache.catalina.util.LifecycleBase.init(LifecycleBase.java:127)
		at org.apache.catalina.startup.Catalina.load(Catalina.java:686)
		at org.apache.catalina.startup.Catalina.load(Catalina.java:709)
		at java.base/jdk.internal.reflect.DirectMethodHandleAccessor.invoke(DirectMethodHandleAccessor.java:103)
		at java.base/java.lang.reflect.Method.invoke(Method.java:580)
		at org.apache.catalina.startup.Bootstrap.load(Bootstrap.java:302)
		at org.apache.catalina.startup.Bootstrap.main(Bootstrap.java:472)
	Caused by: java.net.BindException: Address already in use
		at java.base/sun.nio.ch.Net.bind0(Native Method)
		at java.base/sun.nio.ch.Net.bind(Net.java:565)
		at java.base/sun.nio.ch.ServerSocketChannelImpl.netBind(ServerSocketChannelImpl.java:344)
		at java.base/sun.nio.ch.ServerSocketChannelImpl.bind(ServerSocketChannelImpl.java:301)
		at org.apache.tomcat.util.net.NioEndpoint.initServerSocket(NioEndpoint.java:268)
		at org.apache.tomcat.util.net.NioEndpoint.bind(NioEndpoint.java:223)
		at org.apache.tomcat.util.net.AbstractEndpoint.bindWithCleanup(AbstractEndpoint.java:1334)
		at org.apache.tomcat.util.net.AbstractEndpoint.init(AbstractEndpoint.java:1347)
		at org.apache.coyote.AbstractProtocol.init(AbstractProtocol.java:654)
		at org.apache.coyote.http11.AbstractHttp11Protocol.init(AbstractHttp11Protocol.java:75)
		at org.apache.catalina.connector.Connector.initInternal(Connector.java:1009)
		... 11 more
25-May-2026 18:37:07.859 INFO [main] org.apache.catalina.startup.Catalina.load Server initialization in [563] milliseconds
25-May-2026 18:37:07.894 INFO [main] org.apache.catalina.core.StandardService.startInternal Starting service [Catalina]
25-May-2026 18:37:07.895 INFO [main] org.apache.catalina.core.StandardEngine.startInternal Starting Servlet engine: [Apache Tomcat/9.0.87]
25-May-2026 18:37:07.907 INFO [main] org.apache.catalina.startup.HostConfig.deployWAR Deploying web application archive [/home/mumuzinho/www/Trabalho-banco-de-dados-I/backend/apache-tomcat-9.0.87/webapps/ROOT.war]
25-May-2026 18:37:08.414 INFO [main] org.apache.jasper.servlet.TldScanner.scanJars At least one JAR was scanned for TLDs yet contained no TLDs. Enable debug logging for this logger for a complete list of JARs that were scanned but no TLDs were found in them. Skipping unneeded JARs during scanning can improve startup time and JSP compilation time.
25-May-2026 18:37:08.456 INFO [main] org.apache.catalina.startup.HostConfig.deployWAR Deployment of web application archive [/home/mumuzinho/www/Trabalho-banco-de-dados-I/backend/apache-tomcat-9.0.87/webapps/ROOT.war] has finished in [548] ms
25-May-2026 18:37:08.456 INFO [main] org.apache.catalina.startup.HostConfig.deployDirectory Deploying web application directory [/home/mumuzinho/www/Trabalho-banco-de-dados-I/backend/apache-tomcat-9.0.87/webapps/bd2022]
25-May-2026 18:37:08.461 SEVERE [main] org.apache.catalina.startup.HostConfig.deployDirectory Error deploying web application directory [/home/mumuzinho/www/Trabalho-banco-de-dados-I/backend/apache-tomcat-9.0.87/webapps/bd2022]
	java.lang.IllegalStateException: Error starting child
		at org.apache.catalina.core.ContainerBase.addChildInternal(ContainerBase.java:686)
		at org.apache.catalina.core.ContainerBase.addChild(ContainerBase.java:658)
		at org.apache.catalina.core.StandardHost.addChild(StandardHost.java:661)
		at org.apache.catalina.startup.HostConfig.deployDirectory(HostConfig.java:1175)
		at org.apache.catalina.startup.HostConfig$DeployDirectory.run(HostConfig.java:1888)
		at java.base/java.util.concurrent.Executors$RunnableAdapter.call(Executors.java:572)
		at java.base/java.util.concurrent.FutureTask.run(FutureTask.java:317)
		at org.apache.tomcat.util.threads.InlineExecutorService.execute(InlineExecutorService.java:75)
		at java.base/java.util.concurrent.AbstractExecutorService.submit(AbstractExecutorService.java:123)
		at org.apache.catalina.startup.HostConfig.deployDirectories(HostConfig.java:1086)
		at org.apache.catalina.startup.HostConfig.deployApps(HostConfig.java:470)
		at org.apache.catalina.startup.HostConfig.start(HostConfig.java:1584)
		at org.apache.catalina.startup.HostConfig.lifecycleEvent(HostConfig.java:312)
		at org.apache.catalina.util.LifecycleBase.fireLifecycleEvent(LifecycleBase.java:114)
		at org.apache.catalina.util.LifecycleBase.setStateInternal(LifecycleBase.java:402)
		at org.apache.catalina.util.LifecycleBase.setState(LifecycleBase.java:345)
		at org.apache.catalina.core.ContainerBase.startInternal(ContainerBase.java:893)
		at org.apache.catalina.core.StandardHost.startInternal(StandardHost.java:794)
		at org.apache.catalina.util.LifecycleBase.start(LifecycleBase.java:171)
		at org.apache.catalina.core.ContainerBase$StartChild.call(ContainerBase.java:1332)
		at org.apache.catalina.core.ContainerBase$StartChild.call(ContainerBase.java:1322)
		at java.base/java.util.concurrent.FutureTask.run(FutureTask.java:317)
		at org.apache.tomcat.util.threads.InlineExecutorService.execute(InlineExecutorService.java:75)
		at java.base/java.util.concurrent.AbstractExecutorService.submit(AbstractExecutorService.java:145)
		at org.apache.catalina.core.ContainerBase.startInternal(ContainerBase.java:866)
		at org.apache.catalina.core.StandardEngine.startInternal(StandardEngine.java:248)
		at org.apache.catalina.util.LifecycleBase.start(LifecycleBase.java:171)
		at org.apache.catalina.core.StandardService.startInternal(StandardService.java:433)
		at org.apache.catalina.util.LifecycleBase.start(LifecycleBase.java:171)
		at org.apache.catalina.core.StandardServer.startInternal(StandardServer.java:925)
		at org.apache.catalina.util.LifecycleBase.start(LifecycleBase.java:171)
		at org.apache.catalina.startup.Catalina.start(Catalina.java:735)
		at java.base/jdk.internal.reflect.DirectMethodHandleAccessor.invoke(DirectMethodHandleAccessor.java:103)
		at java.base/java.lang.reflect.Method.invoke(Method.java:580)
		at org.apache.catalina.startup.Bootstrap.start(Bootstrap.java:345)
		at org.apache.catalina.startup.Bootstrap.main(Bootstrap.java:473)
	Caused by: org.apache.catalina.LifecycleException: Failed to initialize component [org.apache.catalina.webresources.JarResourceSet@6331250e]
		at org.apache.catalina.util.LifecycleBase.handleSubClassException(LifecycleBase.java:419)
		at org.apache.catalina.util.LifecycleBase.init(LifecycleBase.java:130)
		at org.apache.catalina.util.LifecycleBase.start(LifecycleBase.java:161)
		at org.apache.catalina.webresources.StandardRoot.startInternal(StandardRoot.java:725)
		at org.apache.catalina.util.LifecycleBase.start(LifecycleBase.java:171)
		at org.apache.catalina.core.StandardContext.resourcesStart(StandardContext.java:4575)
		at org.apache.catalina.core.StandardContext.startInternal(StandardContext.java:4708)
		at org.apache.catalina.util.LifecycleBase.start(LifecycleBase.java:171)
		at org.apache.catalina.core.ContainerBase.addChildInternal(ContainerBase.java:683)
		... 35 more
	Caused by: java.lang.IllegalArgumentException: java.io.IOException: java.lang.reflect.InvocationTargetException
		at org.apache.catalina.webresources.AbstractSingleArchiveResourceSet.initInternal(AbstractSingleArchiveResourceSet.java:141)
		at org.apache.catalina.util.LifecycleBase.init(LifecycleBase.java:127)
		... 42 more
	Caused by: java.io.IOException: java.lang.reflect.InvocationTargetException
		at org.apache.tomcat.util.compat.Jre9Compat.jarFileNewInstance(Jre9Compat.java:209)
		at org.apache.tomcat.util.compat.Jre19Compat.jarFileNewInstance(Jre19Compat.java:25)
		at org.apache.tomcat.util.compat.JreCompat.jarFileNewInstance(JreCompat.java:275)
		at org.apache.catalina.webresources.AbstractSingleArchiveResourceSet.initInternal(AbstractSingleArchiveResourceSet.java:138)
		... 43 more
	Caused by: java.lang.reflect.InvocationTargetException
		at java.base/jdk.internal.reflect.DirectConstructorHandleAccessor.newInstance(DirectConstructorHandleAccessor.java:74)
		at java.base/java.lang.reflect.Constructor.newInstanceWithCaller(Constructor.java:502)
		at java.base/java.lang.reflect.Constructor.newInstance(Constructor.java:486)
		at org.apache.tomcat.util.compat.Jre9Compat.jarFileNewInstance(Jre9Compat.java:206)
		... 46 more
	Caused by: java.util.zip.ZipException: zip file is empty
		at java.base/java.util.zip.ZipFile$Source.zerror(ZipFile.java:1781)
		at java.base/java.util.zip.ZipFile$Source.findEND(ZipFile.java:1562)
		at java.base/java.util.zip.ZipFile$Source.initCEN(ZipFile.java:1657)
		at java.base/java.util.zip.ZipFile$Source.<init>(ZipFile.java:1495)
		at java.base/java.util.zip.ZipFile$Source.get(ZipFile.java:1458)
		at java.base/java.util.zip.ZipFile$CleanableResource.<init>(ZipFile.java:724)
		at java.base/java.util.zip.ZipFile.<init>(ZipFile.java:251)
		at java.base/java.util.zip.ZipFile.<init>(ZipFile.java:180)
		at java.base/java.util.jar.JarFile.<init>(JarFile.java:345)
		at java.base/jdk.internal.reflect.DirectConstructorHandleAccessor.newInstance(DirectConstructorHandleAccessor.java:62)
		... 49 more
25-May-2026 18:37:08.464 INFO [main] org.apache.catalina.startup.HostConfig.deployDirectory Deployment of web application directory [/home/mumuzinho/www/Trabalho-banco-de-dados-I/backend/apache-tomcat-9.0.87/webapps/bd2022] has finished in [8] ms
25-May-2026 18:37:08.464 INFO [main] org.apache.catalina.startup.HostConfig.deployDirectory Deploying web application directory [/home/mumuzinho/www/Trabalho-banco-de-dados-I/backend/apache-tomcat-9.0.87/webapps/manager]
25-May-2026 18:37:08.501 INFO [main] org.apache.catalina.startup.HostConfig.deployDirectory Deployment of web application directory [/home/mumuzinho/www/Trabalho-banco-de-dados-I/backend/apache-tomcat-9.0.87/webapps/manager] has finished in [37] ms
25-May-2026 18:37:08.504 INFO [main] org.apache.catalina.startup.HostConfig.deployDirectory Deploying web application directory [/home/mumuzinho/www/Trabalho-banco-de-dados-I/backend/apache-tomcat-9.0.87/webapps/examples]
25-May-2026 18:37:08.656 INFO [main] org.apache.catalina.startup.HostConfig.deployDirectory Deployment of web application directory [/home/mumuzinho/www/Trabalho-banco-de-dados-I/backend/apache-tomcat-9.0.87/webapps/examples] has finished in [152] ms
25-May-2026 18:37:08.662 INFO [main] org.apache.catalina.startup.HostConfig.deployDirectory Deploying web application directory [/home/mumuzinho/www/Trabalho-banco-de-dados-I/backend/apache-tomcat-9.0.87/webapps/docs]
25-May-2026 18:37:08.680 INFO [main] org.apache.catalina.startup.HostConfig.deployDirectory Deployment of web application directory [/home/mumuzinho/www/Trabalho-banco-de-dados-I/backend/apache-tomcat-9.0.87/webapps/docs] has finished in [18] ms
25-May-2026 18:37:08.680 INFO [main] org.apache.catalina.startup.HostConfig.deployDirectory Deploying web application directory [/home/mumuzinho/www/Trabalho-banco-de-dados-I/backend/apache-tomcat-9.0.87/webapps/host-manager]
25-May-2026 18:37:08.703 INFO [main] org.apache.catalina.startup.HostConfig.deployDirectory Deployment of web application directory [/home/mumuzinho/www/Trabalho-banco-de-dados-I/backend/apache-tomcat-9.0.87/webapps/host-manager] has finished in [23] ms
25-May-2026 18:37:08.707 INFO [main] org.apache.catalina.startup.Catalina.start Server startup in [847] milliseconds
25-May-2026 18:37:08.709 SEVERE [main] org.apache.catalina.core.StandardServer.await Failed to create server shutdown socket on address [localhost] and port [8005] (base port [8005] and offset [0])
	java.net.BindException: Address already in use
		at java.base/sun.nio.ch.Net.bind0(Native Method)
		at java.base/sun.nio.ch.Net.bind(Net.java:565)
		at java.base/sun.nio.ch.Net.bind(Net.java:554)
		at java.base/sun.nio.ch.NioSocketImpl.bind(NioSocketImpl.java:636)
		at java.base/java.net.ServerSocket.bind(ServerSocket.java:391)
		at java.base/java.net.ServerSocket.<init>(ServerSocket.java:278)
		at org.apache.catalina.core.StandardServer.await(StandardServer.java:581)
		at org.apache.catalina.startup.Catalina.await(Catalina.java:825)
		at org.apache.catalina.startup.Catalina.start(Catalina.java:773)
		at java.base/jdk.internal.reflect.DirectMethodHandleAccessor.invoke(DirectMethodHandleAccessor.java:103)
		at java.base/java.lang.reflect.Method.invoke(Method.java:580)
		at org.apache.catalina.startup.Bootstrap.start(Bootstrap.java:345)
		at org.apache.catalina.startup.Bootstrap.main(Bootstrap.java:473)
25-May-2026 18:37:08.710 INFO [main] org.apache.coyote.AbstractProtocol.pause Pausing ProtocolHandler ["http-nio-8080"]
25-May-2026 18:37:08.710 INFO [main] org.apache.catalina.core.StandardService.stopInternal Stopping service [Catalina]
25-May-2026 18:37:08.737 INFO [main] org.apache.coyote.AbstractProtocol.stop Stopping ProtocolHandler ["http-nio-8080"]
25-May-2026 18:37:08.738 INFO [main] org.apache.coyote.AbstractProtocol.destroy Destroying ProtocolHandler ["http-nio-8080"]
25-May-2026 18:37:19.693 INFO [main] org.apache.catalina.core.StandardServer.await A valid shutdown command was received via the shutdown port. Stopping the Server instance.
25-May-2026 18:37:19.695 INFO [main] org.apache.coyote.AbstractProtocol.pause Pausing ProtocolHandler ["http-nio-8080"]
25-May-2026 18:37:19.702 INFO [main] org.apache.catalina.core.StandardService.stopInternal Stopping service [Catalina]
25-May-2026 18:37:19.720 INFO [main] org.apache.coyote.AbstractProtocol.stop Stopping ProtocolHandler ["http-nio-8080"]
25-May-2026 18:37:19.724 INFO [main] org.apache.coyote.AbstractProtocol.destroy Destroying ProtocolHandler ["http-nio-8080"]
NOTE: Picked up JDK_JAVA_OPTIONS:  --add-opens=java.base/java.lang=ALL-UNNAMED --add-opens=java.base/java.io=ALL-UNNAMED --add-opens=java.base/java.util=ALL-UNNAMED --add-opens=java.base/java.util.concurrent=ALL-UNNAMED --add-opens=java.rmi/sun.rmi.transport=ALL-UNNAMED
25-May-2026 18:44:40.195 INFO [main] org.apache.catalina.startup.VersionLoggerListener.log Server version name:   Apache Tomcat/9.0.87
25-May-2026 18:44:40.199 INFO [main] org.apache.catalina.startup.VersionLoggerListener.log Server built:          Mar 11 2024 10:12:34 UTC
25-May-2026 18:44:40.199 INFO [main] org.apache.catalina.startup.VersionLoggerListener.log Server version number: 9.0.87.0
25-May-2026 18:44:40.199 INFO [main] org.apache.catalina.startup.VersionLoggerListener.log OS Name:               Linux
25-May-2026 18:44:40.199 INFO [main] org.apache.catalina.startup.VersionLoggerListener.log OS Version:            6.6.114.1-microsoft-standard-WSL2
25-May-2026 18:44:40.199 INFO [main] org.apache.catalina.startup.VersionLoggerListener.log Architecture:          amd64
25-May-2026 18:44:40.199 INFO [main] org.apache.catalina.startup.VersionLoggerListener.log Java Home:             /usr/lib/jvm/java-21-openjdk-amd64
25-May-2026 18:44:40.199 INFO [main] org.apache.catalina.startup.VersionLoggerListener.log JVM Version:           21.0.8+9-Ubuntu-0ubuntu122.04.1
25-May-2026 18:44:40.199 INFO [main] org.apache.catalina.startup.VersionLoggerListener.log JVM Vendor:            Ubuntu
25-May-2026 18:44:40.200 INFO [main] org.apache.catalina.startup.VersionLoggerListener.log CATALINA_BASE:         /home/mumuzinho/www/Trabalho-banco-de-dados-I/backend/apache-tomcat-9.0.87
25-May-2026 18:44:40.200 INFO [main] org.apache.catalina.startup.VersionLoggerListener.log CATALINA_HOME:         /home/mumuzinho/www/Trabalho-banco-de-dados-I/backend/apache-tomcat-9.0.87
25-May-2026 18:44:40.207 INFO [main] org.apache.catalina.startup.VersionLoggerListener.log Command line argument: --add-opens=java.base/java.lang=ALL-UNNAMED
25-May-2026 18:44:40.207 INFO [main] org.apache.catalina.startup.VersionLoggerListener.log Command line argument: --add-opens=java.base/java.io=ALL-UNNAMED
25-May-2026 18:44:40.209 INFO [main] org.apache.catalina.startup.VersionLoggerListener.log Command line argument: --add-opens=java.base/java.util=ALL-UNNAMED
25-May-2026 18:44:40.209 INFO [main] org.apache.catalina.startup.VersionLoggerListener.log Command line argument: --add-opens=java.base/java.util.concurrent=ALL-UNNAMED
25-May-2026 18:44:40.209 INFO [main] org.apache.catalina.startup.VersionLoggerListener.log Command line argument: --add-opens=java.rmi/sun.rmi.transport=ALL-UNNAMED
25-May-2026 18:44:40.209 INFO [main] org.apache.catalina.startup.VersionLoggerListener.log Command line argument: -Djava.util.logging.config.file=/home/mumuzinho/www/Trabalho-banco-de-dados-I/backend/apache-tomcat-9.0.87/conf/logging.properties
25-May-2026 18:44:40.209 INFO [main] org.apache.catalina.startup.VersionLoggerListener.log Command line argument: -Djava.util.logging.manager=org.apache.juli.ClassLoaderLogManager
25-May-2026 18:44:40.209 INFO [main] org.apache.catalina.startup.VersionLoggerListener.log Command line argument: -Djdk.tls.ephemeralDHKeySize=2048
25-May-2026 18:44:40.209 INFO [main] org.apache.catalina.startup.VersionLoggerListener.log Command line argument: -Djava.protocol.handler.pkgs=org.apache.catalina.webresources
25-May-2026 18:44:40.209 INFO [main] org.apache.catalina.startup.VersionLoggerListener.log Command line argument: -Dorg.apache.catalina.security.SecurityListener.UMASK=0027
25-May-2026 18:44:40.210 INFO [main] org.apache.catalina.startup.VersionLoggerListener.log Command line argument: -Dignore.endorsed.dirs=
25-May-2026 18:44:40.210 INFO [main] org.apache.catalina.startup.VersionLoggerListener.log Command line argument: -Dcatalina.base=/home/mumuzinho/www/Trabalho-banco-de-dados-I/backend/apache-tomcat-9.0.87
25-May-2026 18:44:40.210 INFO [main] org.apache.catalina.startup.VersionLoggerListener.log Command line argument: -Dcatalina.home=/home/mumuzinho/www/Trabalho-banco-de-dados-I/backend/apache-tomcat-9.0.87
25-May-2026 18:44:40.210 INFO [main] org.apache.catalina.startup.VersionLoggerListener.log Command line argument: -Djava.io.tmpdir=/home/mumuzinho/www/Trabalho-banco-de-dados-I/backend/apache-tomcat-9.0.87/temp
25-May-2026 18:44:40.211 INFO [main] org.apache.catalina.core.AprLifecycleListener.lifecycleEvent The Apache Tomcat Native library which allows using OpenSSL was not found on the java.library.path: [/usr/java/packages/lib:/usr/lib/x86_64-linux-gnu/jni:/lib/x86_64-linux-gnu:/usr/lib/x86_64-linux-gnu:/usr/lib/jni:/lib:/usr/lib]
25-May-2026 18:44:40.523 INFO [main] org.apache.coyote.AbstractProtocol.init Initializing ProtocolHandler ["http-nio-8080"]
25-May-2026 18:44:40.550 INFO [main] org.apache.catalina.startup.Catalina.load Server initialization in [544] milliseconds
25-May-2026 18:44:40.586 INFO [main] org.apache.catalina.core.StandardService.startInternal Starting service [Catalina]
25-May-2026 18:44:40.587 INFO [main] org.apache.catalina.core.StandardEngine.startInternal Starting Servlet engine: [Apache Tomcat/9.0.87]
25-May-2026 18:44:40.601 INFO [main] org.apache.catalina.startup.HostConfig.deployWAR Deploying web application archive [/home/mumuzinho/www/Trabalho-banco-de-dados-I/backend/apache-tomcat-9.0.87/webapps/ROOT.war]
25-May-2026 18:44:41.000 INFO [main] org.apache.jasper.servlet.TldScanner.scanJars At least one JAR was scanned for TLDs yet contained no TLDs. Enable debug logging for this logger for a complete list of JARs that were scanned but no TLDs were found in them. Skipping unneeded JARs during scanning can improve startup time and JSP compilation time.
25-May-2026 18:44:41.037 INFO [main] org.apache.catalina.startup.HostConfig.deployWAR Deployment of web application archive [/home/mumuzinho/www/Trabalho-banco-de-dados-I/backend/apache-tomcat-9.0.87/webapps/ROOT.war] has finished in [435] ms
25-May-2026 18:44:41.038 INFO [main] org.apache.catalina.startup.HostConfig.deployDirectory Deploying web application directory [/home/mumuzinho/www/Trabalho-banco-de-dados-I/backend/apache-tomcat-9.0.87/webapps/bd2022]
25-May-2026 18:44:41.041 SEVERE [main] org.apache.catalina.startup.HostConfig.deployDirectory Error deploying web application directory [/home/mumuzinho/www/Trabalho-banco-de-dados-I/backend/apache-tomcat-9.0.87/webapps/bd2022]
	java.lang.IllegalStateException: Error starting child
		at org.apache.catalina.core.ContainerBase.addChildInternal(ContainerBase.java:686)
		at org.apache.catalina.core.ContainerBase.addChild(ContainerBase.java:658)
		at org.apache.catalina.core.StandardHost.addChild(StandardHost.java:661)
		at org.apache.catalina.startup.HostConfig.deployDirectory(HostConfig.java:1175)
		at org.apache.catalina.startup.HostConfig$DeployDirectory.run(HostConfig.java:1888)
		at java.base/java.util.concurrent.Executors$RunnableAdapter.call(Executors.java:572)
		at java.base/java.util.concurrent.FutureTask.run(FutureTask.java:317)
		at org.apache.tomcat.util.threads.InlineExecutorService.execute(InlineExecutorService.java:75)
		at java.base/java.util.concurrent.AbstractExecutorService.submit(AbstractExecutorService.java:123)
		at org.apache.catalina.startup.HostConfig.deployDirectories(HostConfig.java:1086)
		at org.apache.catalina.startup.HostConfig.deployApps(HostConfig.java:470)
		at org.apache.catalina.startup.HostConfig.start(HostConfig.java:1584)
		at org.apache.catalina.startup.HostConfig.lifecycleEvent(HostConfig.java:312)
		at org.apache.catalina.util.LifecycleBase.fireLifecycleEvent(LifecycleBase.java:114)
		at org.apache.catalina.util.LifecycleBase.setStateInternal(LifecycleBase.java:402)
		at org.apache.catalina.util.LifecycleBase.setState(LifecycleBase.java:345)
		at org.apache.catalina.core.ContainerBase.startInternal(ContainerBase.java:893)
		at org.apache.catalina.core.StandardHost.startInternal(StandardHost.java:794)
		at org.apache.catalina.util.LifecycleBase.start(LifecycleBase.java:171)
		at org.apache.catalina.core.ContainerBase$StartChild.call(ContainerBase.java:1332)
		at org.apache.catalina.core.ContainerBase$StartChild.call(ContainerBase.java:1322)
		at java.base/java.util.concurrent.FutureTask.run(FutureTask.java:317)
		at org.apache.tomcat.util.threads.InlineExecutorService.execute(InlineExecutorService.java:75)
		at java.base/java.util.concurrent.AbstractExecutorService.submit(AbstractExecutorService.java:145)
		at org.apache.catalina.core.ContainerBase.startInternal(ContainerBase.java:866)
		at org.apache.catalina.core.StandardEngine.startInternal(StandardEngine.java:248)
		at org.apache.catalina.util.LifecycleBase.start(LifecycleBase.java:171)
		at org.apache.catalina.core.StandardService.startInternal(StandardService.java:433)
		at org.apache.catalina.util.LifecycleBase.start(LifecycleBase.java:171)
		at org.apache.catalina.core.StandardServer.startInternal(StandardServer.java:925)
		at org.apache.catalina.util.LifecycleBase.start(LifecycleBase.java:171)
		at org.apache.catalina.startup.Catalina.start(Catalina.java:735)
		at java.base/jdk.internal.reflect.DirectMethodHandleAccessor.invoke(DirectMethodHandleAccessor.java:103)
		at java.base/java.lang.reflect.Method.invoke(Method.java:580)
		at org.apache.catalina.startup.Bootstrap.start(Bootstrap.java:345)
		at org.apache.catalina.startup.Bootstrap.main(Bootstrap.java:473)
	Caused by: org.apache.catalina.LifecycleException: Failed to initialize component [org.apache.catalina.webresources.JarResourceSet@15723761]
		at org.apache.catalina.util.LifecycleBase.handleSubClassException(LifecycleBase.java:419)
		at org.apache.catalina.util.LifecycleBase.init(LifecycleBase.java:130)
		at org.apache.catalina.util.LifecycleBase.start(LifecycleBase.java:161)
		at org.apache.catalina.webresources.StandardRoot.startInternal(StandardRoot.java:725)
		at org.apache.catalina.util.LifecycleBase.start(LifecycleBase.java:171)
		at org.apache.catalina.core.StandardContext.resourcesStart(StandardContext.java:4575)
		at org.apache.catalina.core.StandardContext.startInternal(StandardContext.java:4708)
		at org.apache.catalina.util.LifecycleBase.start(LifecycleBase.java:171)
		at org.apache.catalina.core.ContainerBase.addChildInternal(ContainerBase.java:683)
		... 35 more
	Caused by: java.lang.IllegalArgumentException: java.io.IOException: java.lang.reflect.InvocationTargetException
		at org.apache.catalina.webresources.AbstractSingleArchiveResourceSet.initInternal(AbstractSingleArchiveResourceSet.java:141)
		at org.apache.catalina.util.LifecycleBase.init(LifecycleBase.java:127)
		... 42 more
	Caused by: java.io.IOException: java.lang.reflect.InvocationTargetException
		at org.apache.tomcat.util.compat.Jre9Compat.jarFileNewInstance(Jre9Compat.java:209)
		at org.apache.tomcat.util.compat.Jre19Compat.jarFileNewInstance(Jre19Compat.java:25)
		at org.apache.tomcat.util.compat.JreCompat.jarFileNewInstance(JreCompat.java:275)
		at org.apache.catalina.webresources.AbstractSingleArchiveResourceSet.initInternal(AbstractSingleArchiveResourceSet.java:138)
		... 43 more
	Caused by: java.lang.reflect.InvocationTargetException
		at java.base/jdk.internal.reflect.DirectConstructorHandleAccessor.newInstance(DirectConstructorHandleAccessor.java:74)
		at java.base/java.lang.reflect.Constructor.newInstanceWithCaller(Constructor.java:502)
		at java.base/java.lang.reflect.Constructor.newInstance(Constructor.java:486)
		at org.apache.tomcat.util.compat.Jre9Compat.jarFileNewInstance(Jre9Compat.java:206)
		... 46 more
	Caused by: java.util.zip.ZipException: zip file is empty
		at java.base/java.util.zip.ZipFile$Source.zerror(ZipFile.java:1781)
		at java.base/java.util.zip.ZipFile$Source.findEND(ZipFile.java:1562)
		at java.base/java.util.zip.ZipFile$Source.initCEN(ZipFile.java:1657)
		at java.base/java.util.zip.ZipFile$Source.<init>(ZipFile.java:1495)
		at java.base/java.util.zip.ZipFile$Source.get(ZipFile.java:1458)
		at java.base/java.util.zip.ZipFile$CleanableResource.<init>(ZipFile.java:724)
		at java.base/java.util.zip.ZipFile.<init>(ZipFile.java:251)
		at java.base/java.util.zip.ZipFile.<init>(ZipFile.java:180)
		at java.base/java.util.jar.JarFile.<init>(JarFile.java:345)
		at java.base/jdk.internal.reflect.DirectConstructorHandleAccessor.newInstance(DirectConstructorHandleAccessor.java:62)
		... 49 more
25-May-2026 18:44:41.044 INFO [main] org.apache.catalina.startup.HostConfig.deployDirectory Deployment of web application directory [/home/mumuzinho/www/Trabalho-banco-de-dados-I/backend/apache-tomcat-9.0.87/webapps/bd2022] has finished in [5] ms
25-May-2026 18:44:41.044 INFO [main] org.apache.catalina.startup.HostConfig.deployDirectory Deploying web application directory [/home/mumuzinho/www/Trabalho-banco-de-dados-I/backend/apache-tomcat-9.0.87/webapps/manager]
25-May-2026 18:44:41.071 INFO [main] org.apache.catalina.startup.HostConfig.deployDirectory Deployment of web application directory [/home/mumuzinho/www/Trabalho-banco-de-dados-I/backend/apache-tomcat-9.0.87/webapps/manager] has finished in [27] ms
25-May-2026 18:44:41.072 INFO [main] org.apache.catalina.startup.HostConfig.deployDirectory Deploying web application directory [/home/mumuzinho/www/Trabalho-banco-de-dados-I/backend/apache-tomcat-9.0.87/webapps/examples]
25-May-2026 18:44:41.250 INFO [main] org.apache.catalina.startup.HostConfig.deployDirectory Deployment of web application directory [/home/mumuzinho/www/Trabalho-banco-de-dados-I/backend/apache-tomcat-9.0.87/webapps/examples] has finished in [178] ms
25-May-2026 18:44:41.251 INFO [main] org.apache.catalina.startup.HostConfig.deployDirectory Deploying web application directory [/home/mumuzinho/www/Trabalho-banco-de-dados-I/backend/apache-tomcat-9.0.87/webapps/docs]
25-May-2026 18:44:41.275 INFO [main] org.apache.catalina.startup.HostConfig.deployDirectory Deployment of web application directory [/home/mumuzinho/www/Trabalho-banco-de-dados-I/backend/apache-tomcat-9.0.87/webapps/docs] has finished in [24] ms
25-May-2026 18:44:41.276 INFO [main] org.apache.catalina.startup.HostConfig.deployDirectory Deploying web application directory [/home/mumuzinho/www/Trabalho-banco-de-dados-I/backend/apache-tomcat-9.0.87/webapps/host-manager]
25-May-2026 18:44:41.297 INFO [main] org.apache.catalina.startup.HostConfig.deployDirectory Deployment of web application directory [/home/mumuzinho/www/Trabalho-banco-de-dados-I/backend/apache-tomcat-9.0.87/webapps/host-manager] has finished in [21] ms
25-May-2026 18:44:41.300 INFO [main] org.apache.coyote.AbstractProtocol.start Starting ProtocolHandler ["http-nio-8080"]
25-May-2026 18:44:41.311 INFO [main] org.apache.catalina.startup.Catalina.start Server startup in [759] milliseconds
25-May-2026 18:45:42.642 INFO [main] org.apache.catalina.core.StandardServer.await A valid shutdown command was received via the shutdown port. Stopping the Server instance.
25-May-2026 18:45:42.643 INFO [main] org.apache.coyote.AbstractProtocol.pause Pausing ProtocolHandler ["http-nio-8080"]
25-May-2026 18:45:42.652 INFO [main] org.apache.catalina.core.StandardService.stopInternal Stopping service [Catalina]
25-May-2026 18:45:42.676 INFO [main] org.apache.coyote.AbstractProtocol.stop Stopping ProtocolHandler ["http-nio-8080"]
25-May-2026 18:45:42.684 INFO [main] org.apache.coyote.AbstractProtocol.destroy Destroying ProtocolHandler ["http-nio-8080"]
NOTE: Picked up JDK_JAVA_OPTIONS:  --add-opens=java.base/java.lang=ALL-UNNAMED --add-opens=java.base/java.io=ALL-UNNAMED --add-opens=java.base/java.util=ALL-UNNAMED --add-opens=java.base/java.util.concurrent=ALL-UNNAMED --add-opens=java.rmi/sun.rmi.transport=ALL-UNNAMED
25-May-2026 18:45:53.031 INFO [main] org.apache.catalina.startup.VersionLoggerListener.log Server version name:   Apache Tomcat/9.0.87
25-May-2026 18:45:53.034 INFO [main] org.apache.catalina.startup.VersionLoggerListener.log Server built:          Mar 11 2024 10:12:34 UTC
25-May-2026 18:45:53.034 INFO [main] org.apache.catalina.startup.VersionLoggerListener.log Server version number: 9.0.87.0
25-May-2026 18:45:53.034 INFO [main] org.apache.catalina.startup.VersionLoggerListener.log OS Name:               Linux
25-May-2026 18:45:53.034 INFO [main] org.apache.catalina.startup.VersionLoggerListener.log OS Version:            6.6.114.1-microsoft-standard-WSL2
25-May-2026 18:45:53.034 INFO [main] org.apache.catalina.startup.VersionLoggerListener.log Architecture:          amd64
25-May-2026 18:45:53.034 INFO [main] org.apache.catalina.startup.VersionLoggerListener.log Java Home:             /usr/lib/jvm/java-21-openjdk-amd64
25-May-2026 18:45:53.035 INFO [main] org.apache.catalina.startup.VersionLoggerListener.log JVM Version:           21.0.8+9-Ubuntu-0ubuntu122.04.1
25-May-2026 18:45:53.035 INFO [main] org.apache.catalina.startup.VersionLoggerListener.log JVM Vendor:            Ubuntu
25-May-2026 18:45:53.035 INFO [main] org.apache.catalina.startup.VersionLoggerListener.log CATALINA_BASE:         /home/mumuzinho/www/Trabalho-banco-de-dados-I/backend/apache-tomcat-9.0.87
25-May-2026 18:45:53.035 INFO [main] org.apache.catalina.startup.VersionLoggerListener.log CATALINA_HOME:         /home/mumuzinho/www/Trabalho-banco-de-dados-I/backend/apache-tomcat-9.0.87
25-May-2026 18:45:53.041 INFO [main] org.apache.catalina.startup.VersionLoggerListener.log Command line argument: --add-opens=java.base/java.lang=ALL-UNNAMED
25-May-2026 18:45:53.042 INFO [main] org.apache.catalina.startup.VersionLoggerListener.log Command line argument: --add-opens=java.base/java.io=ALL-UNNAMED
25-May-2026 18:45:53.043 INFO [main] org.apache.catalina.startup.VersionLoggerListener.log Command line argument: --add-opens=java.base/java.util=ALL-UNNAMED
25-May-2026 18:45:53.043 INFO [main] org.apache.catalina.startup.VersionLoggerListener.log Command line argument: --add-opens=java.base/java.util.concurrent=ALL-UNNAMED
25-May-2026 18:45:53.043 INFO [main] org.apache.catalina.startup.VersionLoggerListener.log Command line argument: --add-opens=java.rmi/sun.rmi.transport=ALL-UNNAMED
25-May-2026 18:45:53.043 INFO [main] org.apache.catalina.startup.VersionLoggerListener.log Command line argument: -Djava.util.logging.config.file=/home/mumuzinho/www/Trabalho-banco-de-dados-I/backend/apache-tomcat-9.0.87/conf/logging.properties
25-May-2026 18:45:53.043 INFO [main] org.apache.catalina.startup.VersionLoggerListener.log Command line argument: -Djava.util.logging.manager=org.apache.juli.ClassLoaderLogManager
25-May-2026 18:45:53.043 INFO [main] org.apache.catalina.startup.VersionLoggerListener.log Command line argument: -Djdk.tls.ephemeralDHKeySize=2048
25-May-2026 18:45:53.043 INFO [main] org.apache.catalina.startup.VersionLoggerListener.log Command line argument: -Djava.protocol.handler.pkgs=org.apache.catalina.webresources
25-May-2026 18:45:53.043 INFO [main] org.apache.catalina.startup.VersionLoggerListener.log Command line argument: -Dorg.apache.catalina.security.SecurityListener.UMASK=0027
25-May-2026 18:45:53.043 INFO [main] org.apache.catalina.startup.VersionLoggerListener.log Command line argument: -Dignore.endorsed.dirs=
25-May-2026 18:45:53.043 INFO [main] org.apache.catalina.startup.VersionLoggerListener.log Command line argument: -Dcatalina.base=/home/mumuzinho/www/Trabalho-banco-de-dados-I/backend/apache-tomcat-9.0.87
25-May-2026 18:45:53.043 INFO [main] org.apache.catalina.startup.VersionLoggerListener.log Command line argument: -Dcatalina.home=/home/mumuzinho/www/Trabalho-banco-de-dados-I/backend/apache-tomcat-9.0.87
25-May-2026 18:45:53.043 INFO [main] org.apache.catalina.startup.VersionLoggerListener.log Command line argument: -Djava.io.tmpdir=/home/mumuzinho/www/Trabalho-banco-de-dados-I/backend/apache-tomcat-9.0.87/temp
25-May-2026 18:45:53.044 INFO [main] org.apache.catalina.core.AprLifecycleListener.lifecycleEvent The Apache Tomcat Native library which allows using OpenSSL was not found on the java.library.path: [/usr/java/packages/lib:/usr/lib/x86_64-linux-gnu/jni:/lib/x86_64-linux-gnu:/usr/lib/x86_64-linux-gnu:/usr/lib/jni:/lib:/usr/lib]
25-May-2026 18:45:53.309 INFO [main] org.apache.coyote.AbstractProtocol.init Initializing ProtocolHandler ["http-nio-8080"]
25-May-2026 18:45:53.328 INFO [main] org.apache.catalina.startup.Catalina.load Server initialization in [416] milliseconds
25-May-2026 18:45:53.357 INFO [main] org.apache.catalina.core.StandardService.startInternal Starting service [Catalina]
25-May-2026 18:45:53.358 INFO [main] org.apache.catalina.core.StandardEngine.startInternal Starting Servlet engine: [Apache Tomcat/9.0.87]
25-May-2026 18:45:53.368 INFO [main] org.apache.catalina.startup.HostConfig.deployWAR Deploying web application archive [/home/mumuzinho/www/Trabalho-banco-de-dados-I/backend/apache-tomcat-9.0.87/webapps/ROOT.war]
25-May-2026 18:45:53.379 INFO [main] org.apache.catalina.startup.ExpandWar.expand An expanded directory [/home/mumuzinho/www/Trabalho-banco-de-dados-I/backend/apache-tomcat-9.0.87/webapps/ROOT] was found with a last modified time that did not match the associated WAR. It will be deleted.
25-May-2026 18:45:53.866 INFO [main] org.apache.jasper.servlet.TldScanner.scanJars At least one JAR was scanned for TLDs yet contained no TLDs. Enable debug logging for this logger for a complete list of JARs that were scanned but no TLDs were found in them. Skipping unneeded JARs during scanning can improve startup time and JSP compilation time.
25-May-2026 18:45:53.917 INFO [main] org.apache.catalina.startup.HostConfig.deployWAR Deployment of web application archive [/home/mumuzinho/www/Trabalho-banco-de-dados-I/backend/apache-tomcat-9.0.87/webapps/ROOT.war] has finished in [549] ms
25-May-2026 18:45:53.919 INFO [main] org.apache.catalina.startup.HostConfig.deployDirectory Deploying web application directory [/home/mumuzinho/www/Trabalho-banco-de-dados-I/backend/apache-tomcat-9.0.87/webapps/bd2022]
25-May-2026 18:45:53.921 SEVERE [main] org.apache.catalina.startup.HostConfig.deployDirectory Error deploying web application directory [/home/mumuzinho/www/Trabalho-banco-de-dados-I/backend/apache-tomcat-9.0.87/webapps/bd2022]
	java.lang.IllegalStateException: Error starting child
		at org.apache.catalina.core.ContainerBase.addChildInternal(ContainerBase.java:686)
		at org.apache.catalina.core.ContainerBase.addChild(ContainerBase.java:658)
		at org.apache.catalina.core.StandardHost.addChild(StandardHost.java:661)
		at org.apache.catalina.startup.HostConfig.deployDirectory(HostConfig.java:1175)
		at org.apache.catalina.startup.HostConfig$DeployDirectory.run(HostConfig.java:1888)
		at java.base/java.util.concurrent.Executors$RunnableAdapter.call(Executors.java:572)
		at java.base/java.util.concurrent.FutureTask.run(FutureTask.java:317)
		at org.apache.tomcat.util.threads.InlineExecutorService.execute(InlineExecutorService.java:75)
		at java.base/java.util.concurrent.AbstractExecutorService.submit(AbstractExecutorService.java:123)
		at org.apache.catalina.startup.HostConfig.deployDirectories(HostConfig.java:1086)
		at org.apache.catalina.startup.HostConfig.deployApps(HostConfig.java:470)
		at org.apache.catalina.startup.HostConfig.start(HostConfig.java:1584)
		at org.apache.catalina.startup.HostConfig.lifecycleEvent(HostConfig.java:312)
		at org.apache.catalina.util.LifecycleBase.fireLifecycleEvent(LifecycleBase.java:114)
		at org.apache.catalina.util.LifecycleBase.setStateInternal(LifecycleBase.java:402)
		at org.apache.catalina.util.LifecycleBase.setState(LifecycleBase.java:345)
		at org.apache.catalina.core.ContainerBase.startInternal(ContainerBase.java:893)
		at org.apache.catalina.core.StandardHost.startInternal(StandardHost.java:794)
		at org.apache.catalina.util.LifecycleBase.start(LifecycleBase.java:171)
		at org.apache.catalina.core.ContainerBase$StartChild.call(ContainerBase.java:1332)
		at org.apache.catalina.core.ContainerBase$StartChild.call(ContainerBase.java:1322)
		at java.base/java.util.concurrent.FutureTask.run(FutureTask.java:317)
		at org.apache.tomcat.util.threads.InlineExecutorService.execute(InlineExecutorService.java:75)
		at java.base/java.util.concurrent.AbstractExecutorService.submit(AbstractExecutorService.java:145)
		at org.apache.catalina.core.ContainerBase.startInternal(ContainerBase.java:866)
		at org.apache.catalina.core.StandardEngine.startInternal(StandardEngine.java:248)
		at org.apache.catalina.util.LifecycleBase.start(LifecycleBase.java:171)
		at org.apache.catalina.core.StandardService.startInternal(StandardService.java:433)
		at org.apache.catalina.util.LifecycleBase.start(LifecycleBase.java:171)
		at org.apache.catalina.core.StandardServer.startInternal(StandardServer.java:925)
		at org.apache.catalina.util.LifecycleBase.start(LifecycleBase.java:171)
		at org.apache.catalina.startup.Catalina.start(Catalina.java:735)
		at java.base/jdk.internal.reflect.DirectMethodHandleAccessor.invoke(DirectMethodHandleAccessor.java:103)
		at java.base/java.lang.reflect.Method.invoke(Method.java:580)
		at org.apache.catalina.startup.Bootstrap.start(Bootstrap.java:345)
		at org.apache.catalina.startup.Bootstrap.main(Bootstrap.java:473)
	Caused by: org.apache.catalina.LifecycleException: Failed to initialize component [org.apache.catalina.webresources.JarResourceSet@7004e3d]
		at org.apache.catalina.util.LifecycleBase.handleSubClassException(LifecycleBase.java:419)
		at org.apache.catalina.util.LifecycleBase.init(LifecycleBase.java:130)
		at org.apache.catalina.util.LifecycleBase.start(LifecycleBase.java:161)
		at org.apache.catalina.webresources.StandardRoot.startInternal(StandardRoot.java:725)
		at org.apache.catalina.util.LifecycleBase.start(LifecycleBase.java:171)
		at org.apache.catalina.core.StandardContext.resourcesStart(StandardContext.java:4575)
		at org.apache.catalina.core.StandardContext.startInternal(StandardContext.java:4708)
		at org.apache.catalina.util.LifecycleBase.start(LifecycleBase.java:171)
		at org.apache.catalina.core.ContainerBase.addChildInternal(ContainerBase.java:683)
		... 35 more
	Caused by: java.lang.IllegalArgumentException: java.io.IOException: java.lang.reflect.InvocationTargetException
		at org.apache.catalina.webresources.AbstractSingleArchiveResourceSet.initInternal(AbstractSingleArchiveResourceSet.java:141)
		at org.apache.catalina.util.LifecycleBase.init(LifecycleBase.java:127)
		... 42 more
	Caused by: java.io.IOException: java.lang.reflect.InvocationTargetException
		at org.apache.tomcat.util.compat.Jre9Compat.jarFileNewInstance(Jre9Compat.java:209)
		at org.apache.tomcat.util.compat.Jre19Compat.jarFileNewInstance(Jre19Compat.java:25)
		at org.apache.tomcat.util.compat.JreCompat.jarFileNewInstance(JreCompat.java:275)
		at org.apache.catalina.webresources.AbstractSingleArchiveResourceSet.initInternal(AbstractSingleArchiveResourceSet.java:138)
		... 43 more
	Caused by: java.lang.reflect.InvocationTargetException
		at java.base/jdk.internal.reflect.DirectConstructorHandleAccessor.newInstance(DirectConstructorHandleAccessor.java:74)
		at java.base/java.lang.reflect.Constructor.newInstanceWithCaller(Constructor.java:502)
		at java.base/java.lang.reflect.Constructor.newInstance(Constructor.java:486)
		at org.apache.tomcat.util.compat.Jre9Compat.jarFileNewInstance(Jre9Compat.java:206)
		... 46 more
	Caused by: java.util.zip.ZipException: zip file is empty
		at java.base/java.util.zip.ZipFile$Source.zerror(ZipFile.java:1781)
		at java.base/java.util.zip.ZipFile$Source.findEND(ZipFile.java:1562)
		at java.base/java.util.zip.ZipFile$Source.initCEN(ZipFile.java:1657)
		at java.base/java.util.zip.ZipFile$Source.<init>(ZipFile.java:1495)
		at java.base/java.util.zip.ZipFile$Source.get(ZipFile.java:1458)
		at java.base/java.util.zip.ZipFile$CleanableResource.<init>(ZipFile.java:724)
		at java.base/java.util.zip.ZipFile.<init>(ZipFile.java:251)
		at java.base/java.util.zip.ZipFile.<init>(ZipFile.java:180)
		at java.base/java.util.jar.JarFile.<init>(JarFile.java:345)
		at java.base/jdk.internal.reflect.DirectConstructorHandleAccessor.newInstance(DirectConstructorHandleAccessor.java:62)
		... 49 more
25-May-2026 18:45:53.925 INFO [main] org.apache.catalina.startup.HostConfig.deployDirectory Deployment of web application directory [/home/mumuzinho/www/Trabalho-banco-de-dados-I/backend/apache-tomcat-9.0.87/webapps/bd2022] has finished in [6] ms
25-May-2026 18:45:53.925 INFO [main] org.apache.catalina.startup.HostConfig.deployDirectory Deploying web application directory [/home/mumuzinho/www/Trabalho-banco-de-dados-I/backend/apache-tomcat-9.0.87/webapps/manager]
25-May-2026 18:45:53.966 INFO [main] org.apache.catalina.startup.HostConfig.deployDirectory Deployment of web application directory [/home/mumuzinho/www/Trabalho-banco-de-dados-I/backend/apache-tomcat-9.0.87/webapps/manager] has finished in [41] ms
25-May-2026 18:45:53.967 INFO [main] org.apache.catalina.startup.HostConfig.deployDirectory Deploying web application directory [/home/mumuzinho/www/Trabalho-banco-de-dados-I/backend/apache-tomcat-9.0.87/webapps/examples]
25-May-2026 18:45:54.158 INFO [main] org.apache.catalina.startup.HostConfig.deployDirectory Deployment of web application directory [/home/mumuzinho/www/Trabalho-banco-de-dados-I/backend/apache-tomcat-9.0.87/webapps/examples] has finished in [190] ms
25-May-2026 18:45:54.158 INFO [main] org.apache.catalina.startup.HostConfig.deployDirectory Deploying web application directory [/home/mumuzinho/www/Trabalho-banco-de-dados-I/backend/apache-tomcat-9.0.87/webapps/docs]
25-May-2026 18:45:54.173 INFO [main] org.apache.catalina.startup.HostConfig.deployDirectory Deployment of web application directory [/home/mumuzinho/www/Trabalho-banco-de-dados-I/backend/apache-tomcat-9.0.87/webapps/docs] has finished in [15] ms
25-May-2026 18:45:54.173 INFO [main] org.apache.catalina.startup.HostConfig.deployDirectory Deploying web application directory [/home/mumuzinho/www/Trabalho-banco-de-dados-I/backend/apache-tomcat-9.0.87/webapps/host-manager]
25-May-2026 18:45:54.188 INFO [main] org.apache.catalina.startup.HostConfig.deployDirectory Deployment of web application directory [/home/mumuzinho/www/Trabalho-banco-de-dados-I/backend/apache-tomcat-9.0.87/webapps/host-manager] has finished in [14] ms
25-May-2026 18:45:54.190 INFO [main] org.apache.coyote.AbstractProtocol.start Starting ProtocolHandler ["http-nio-8080"]
25-May-2026 18:45:54.202 INFO [main] org.apache.catalina.startup.Catalina.start Server startup in [873] milliseconds
25-May-2026 18:46:06.066 SEVERE [http-nio-8080-exec-3] dao.PgUserDAO.all DAO
	org.postgresql.util.PSQLException: ERROR: relation "j2ee.user" does not exist
  Position: 23
		at org.postgresql.core.v3.QueryExecutorImpl.receiveErrorResponse(QueryExecutorImpl.java:2676)
		at org.postgresql.core.v3.QueryExecutorImpl.processResults(QueryExecutorImpl.java:2366)
		at org.postgresql.core.v3.QueryExecutorImpl.execute(QueryExecutorImpl.java:356)
		at org.postgresql.jdbc.PgStatement.executeInternal(PgStatement.java:496)
		at org.postgresql.jdbc.PgStatement.execute(PgStatement.java:413)
		at org.postgresql.jdbc.PgPreparedStatement.executeWithFlags(PgPreparedStatement.java:190)
		at org.postgresql.jdbc.PgPreparedStatement.executeQuery(PgPreparedStatement.java:134)
		at dao.PgUserDAO.all(PgUserDAO.java:234)
		at controller.UserController.doGet(UserController.java:102)
		at javax.servlet.http.HttpServlet.service(HttpServlet.java:529)
		at javax.servlet.http.HttpServlet.service(HttpServlet.java:623)
		at org.apache.catalina.core.ApplicationFilterChain.internalDoFilter(ApplicationFilterChain.java:210)
		at org.apache.catalina.core.ApplicationFilterChain.doFilter(ApplicationFilterChain.java:154)
		at org.apache.tomcat.websocket.server.WsFilter.doFilter(WsFilter.java:51)
		at org.apache.catalina.core.ApplicationFilterChain.internalDoFilter(ApplicationFilterChain.java:179)
		at org.apache.catalina.core.ApplicationFilterChain.doFilter(ApplicationFilterChain.java:154)
		at org.apache.catalina.core.StandardWrapperValve.invoke(StandardWrapperValve.java:168)
		at org.apache.catalina.core.StandardContextValve.invoke(StandardContextValve.java:90)
		at org.apache.catalina.authenticator.AuthenticatorBase.invoke(AuthenticatorBase.java:481)
		at org.apache.catalina.core.StandardHostValve.invoke(StandardHostValve.java:130)
		at org.apache.catalina.valves.ErrorReportValve.invoke(ErrorReportValve.java:93)
		at org.apache.catalina.valves.AbstractAccessLogValve.invoke(AbstractAccessLogValve.java:670)
		at org.apache.catalina.core.StandardEngineValve.invoke(StandardEngineValve.java:74)
		at org.apache.catalina.connector.CoyoteAdapter.service(CoyoteAdapter.java:346)
		at org.apache.coyote.http11.Http11Processor.service(Http11Processor.java:390)
		at org.apache.coyote.AbstractProcessorLight.process(AbstractProcessorLight.java:63)
		at org.apache.coyote.AbstractProtocol$ConnectionHandler.process(AbstractProtocol.java:928)
		at org.apache.tomcat.util.net.NioEndpoint$SocketProcessor.doRun(NioEndpoint.java:1786)
		at org.apache.tomcat.util.net.SocketProcessorBase.run(SocketProcessorBase.java:52)
		at org.apache.tomcat.util.threads.ThreadPoolExecutor.runWorker(ThreadPoolExecutor.java:1191)
		at org.apache.tomcat.util.threads.ThreadPoolExecutor$Worker.run(ThreadPoolExecutor.java:659)
		at org.apache.tomcat.util.threads.TaskThread$WrappingRunnable.run(TaskThread.java:63)
		at java.base/java.lang.Thread.run(Thread.java:1583)
25-May-2026 18:47:10.358 INFO [main] org.apache.catalina.core.StandardServer.await A valid shutdown command was received via the shutdown port. Stopping the Server instance.
25-May-2026 18:47:10.359 INFO [main] org.apache.coyote.AbstractProtocol.pause Pausing ProtocolHandler ["http-nio-8080"]
25-May-2026 18:47:10.362 INFO [main] org.apache.catalina.core.StandardService.stopInternal Stopping service [Catalina]
25-May-2026 18:47:10.383 WARNING [main] org.apache.catalina.loader.WebappClassLoaderBase.clearReferencesJdbc The web application [ROOT] registered the JDBC driver [org.postgresql.Driver] but failed to unregister it when the web application was stopped. To prevent a memory leak, the JDBC Driver has been forcibly unregistered.
25-May-2026 18:47:10.408 INFO [main] org.apache.coyote.AbstractProtocol.stop Stopping ProtocolHandler ["http-nio-8080"]
25-May-2026 18:47:10.415 INFO [main] org.apache.coyote.AbstractProtocol.destroy Destroying ProtocolHandler ["http-nio-8080"]
NOTE: Picked up JDK_JAVA_OPTIONS:  --add-opens=java.base/java.lang=ALL-UNNAMED --add-opens=java.base/java.io=ALL-UNNAMED --add-opens=java.base/java.util=ALL-UNNAMED --add-opens=java.base/java.util.concurrent=ALL-UNNAMED --add-opens=java.rmi/sun.rmi.transport=ALL-UNNAMED
25-May-2026 18:47:17.766 INFO [main] org.apache.catalina.startup.VersionLoggerListener.log Server version name:   Apache Tomcat/9.0.87
25-May-2026 18:47:17.771 INFO [main] org.apache.catalina.startup.VersionLoggerListener.log Server built:          Mar 11 2024 10:12:34 UTC
25-May-2026 18:47:17.771 INFO [main] org.apache.catalina.startup.VersionLoggerListener.log Server version number: 9.0.87.0
25-May-2026 18:47:17.772 INFO [main] org.apache.catalina.startup.VersionLoggerListener.log OS Name:               Linux
25-May-2026 18:47:17.772 INFO [main] org.apache.catalina.startup.VersionLoggerListener.log OS Version:            6.6.114.1-microsoft-standard-WSL2
25-May-2026 18:47:17.772 INFO [main] org.apache.catalina.startup.VersionLoggerListener.log Architecture:          amd64
25-May-2026 18:47:17.772 INFO [main] org.apache.catalina.startup.VersionLoggerListener.log Java Home:             /usr/lib/jvm/java-21-openjdk-amd64
25-May-2026 18:47:17.772 INFO [main] org.apache.catalina.startup.VersionLoggerListener.log JVM Version:           21.0.8+9-Ubuntu-0ubuntu122.04.1
25-May-2026 18:47:17.774 INFO [main] org.apache.catalina.startup.VersionLoggerListener.log JVM Vendor:            Ubuntu
25-May-2026 18:47:17.774 INFO [main] org.apache.catalina.startup.VersionLoggerListener.log CATALINA_BASE:         /home/mumuzinho/www/Trabalho-banco-de-dados-I/backend/apache-tomcat-9.0.87
25-May-2026 18:47:17.774 INFO [main] org.apache.catalina.startup.VersionLoggerListener.log CATALINA_HOME:         /home/mumuzinho/www/Trabalho-banco-de-dados-I/backend/apache-tomcat-9.0.87
25-May-2026 18:47:17.784 INFO [main] org.apache.catalina.startup.VersionLoggerListener.log Command line argument: --add-opens=java.base/java.lang=ALL-UNNAMED
25-May-2026 18:47:17.784 INFO [main] org.apache.catalina.startup.VersionLoggerListener.log Command line argument: --add-opens=java.base/java.io=ALL-UNNAMED
25-May-2026 18:47:17.784 INFO [main] org.apache.catalina.startup.VersionLoggerListener.log Command line argument: --add-opens=java.base/java.util=ALL-UNNAMED
25-May-2026 18:47:17.784 INFO [main] org.apache.catalina.startup.VersionLoggerListener.log Command line argument: --add-opens=java.base/java.util.concurrent=ALL-UNNAMED
25-May-2026 18:47:17.784 INFO [main] org.apache.catalina.startup.VersionLoggerListener.log Command line argument: --add-opens=java.rmi/sun.rmi.transport=ALL-UNNAMED
25-May-2026 18:47:17.784 INFO [main] org.apache.catalina.startup.VersionLoggerListener.log Command line argument: -Djava.util.logging.config.file=/home/mumuzinho/www/Trabalho-banco-de-dados-I/backend/apache-tomcat-9.0.87/conf/logging.properties
25-May-2026 18:47:17.784 INFO [main] org.apache.catalina.startup.VersionLoggerListener.log Command line argument: -Djava.util.logging.manager=org.apache.juli.ClassLoaderLogManager
25-May-2026 18:47:17.784 INFO [main] org.apache.catalina.startup.VersionLoggerListener.log Command line argument: -Djdk.tls.ephemeralDHKeySize=2048
25-May-2026 18:47:17.784 INFO [main] org.apache.catalina.startup.VersionLoggerListener.log Command line argument: -Djava.protocol.handler.pkgs=org.apache.catalina.webresources
25-May-2026 18:47:17.784 INFO [main] org.apache.catalina.startup.VersionLoggerListener.log Command line argument: -Dorg.apache.catalina.security.SecurityListener.UMASK=0027
25-May-2026 18:47:17.785 INFO [main] org.apache.catalina.startup.VersionLoggerListener.log Command line argument: -Dignore.endorsed.dirs=
25-May-2026 18:47:17.785 INFO [main] org.apache.catalina.startup.VersionLoggerListener.log Command line argument: -Dcatalina.base=/home/mumuzinho/www/Trabalho-banco-de-dados-I/backend/apache-tomcat-9.0.87
25-May-2026 18:47:17.785 INFO [main] org.apache.catalina.startup.VersionLoggerListener.log Command line argument: -Dcatalina.home=/home/mumuzinho/www/Trabalho-banco-de-dados-I/backend/apache-tomcat-9.0.87
25-May-2026 18:47:17.785 INFO [main] org.apache.catalina.startup.VersionLoggerListener.log Command line argument: -Djava.io.tmpdir=/home/mumuzinho/www/Trabalho-banco-de-dados-I/backend/apache-tomcat-9.0.87/temp
25-May-2026 18:47:17.787 INFO [main] org.apache.catalina.core.AprLifecycleListener.lifecycleEvent The Apache Tomcat Native library which allows using OpenSSL was not found on the java.library.path: [/usr/java/packages/lib:/usr/lib/x86_64-linux-gnu/jni:/lib/x86_64-linux-gnu:/usr/lib/x86_64-linux-gnu:/usr/lib/jni:/lib:/usr/lib]
25-May-2026 18:47:18.101 INFO [main] org.apache.coyote.AbstractProtocol.init Initializing ProtocolHandler ["http-nio-8080"]
25-May-2026 18:47:18.128 INFO [main] org.apache.catalina.startup.Catalina.load Server initialization in [493] milliseconds
25-May-2026 18:47:18.161 INFO [main] org.apache.catalina.core.StandardService.startInternal Starting service [Catalina]
25-May-2026 18:47:18.163 INFO [main] org.apache.catalina.core.StandardEngine.startInternal Starting Servlet engine: [Apache Tomcat/9.0.87]
25-May-2026 18:47:18.177 INFO [main] org.apache.catalina.startup.HostConfig.deployWAR Deploying web application archive [/home/mumuzinho/www/Trabalho-banco-de-dados-I/backend/apache-tomcat-9.0.87/webapps/ROOT.war]
25-May-2026 18:47:18.653 INFO [main] org.apache.jasper.servlet.TldScanner.scanJars At least one JAR was scanned for TLDs yet contained no TLDs. Enable debug logging for this logger for a complete list of JARs that were scanned but no TLDs were found in them. Skipping unneeded JARs during scanning can improve startup time and JSP compilation time.
25-May-2026 18:47:18.712 INFO [main] org.apache.catalina.startup.HostConfig.deployWAR Deployment of web application archive [/home/mumuzinho/www/Trabalho-banco-de-dados-I/backend/apache-tomcat-9.0.87/webapps/ROOT.war] has finished in [535] ms
25-May-2026 18:47:18.713 INFO [main] org.apache.catalina.startup.HostConfig.deployDirectory Deploying web application directory [/home/mumuzinho/www/Trabalho-banco-de-dados-I/backend/apache-tomcat-9.0.87/webapps/bd2022]
25-May-2026 18:47:18.716 SEVERE [main] org.apache.catalina.startup.HostConfig.deployDirectory Error deploying web application directory [/home/mumuzinho/www/Trabalho-banco-de-dados-I/backend/apache-tomcat-9.0.87/webapps/bd2022]
	java.lang.IllegalStateException: Error starting child
		at org.apache.catalina.core.ContainerBase.addChildInternal(ContainerBase.java:686)
		at org.apache.catalina.core.ContainerBase.addChild(ContainerBase.java:658)
		at org.apache.catalina.core.StandardHost.addChild(StandardHost.java:661)
		at org.apache.catalina.startup.HostConfig.deployDirectory(HostConfig.java:1175)
		at org.apache.catalina.startup.HostConfig$DeployDirectory.run(HostConfig.java:1888)
		at java.base/java.util.concurrent.Executors$RunnableAdapter.call(Executors.java:572)
		at java.base/java.util.concurrent.FutureTask.run(FutureTask.java:317)
		at org.apache.tomcat.util.threads.InlineExecutorService.execute(InlineExecutorService.java:75)
		at java.base/java.util.concurrent.AbstractExecutorService.submit(AbstractExecutorService.java:123)
		at org.apache.catalina.startup.HostConfig.deployDirectories(HostConfig.java:1086)
		at org.apache.catalina.startup.HostConfig.deployApps(HostConfig.java:470)
		at org.apache.catalina.startup.HostConfig.start(HostConfig.java:1584)
		at org.apache.catalina.startup.HostConfig.lifecycleEvent(HostConfig.java:312)
		at org.apache.catalina.util.LifecycleBase.fireLifecycleEvent(LifecycleBase.java:114)
		at org.apache.catalina.util.LifecycleBase.setStateInternal(LifecycleBase.java:402)
		at org.apache.catalina.util.LifecycleBase.setState(LifecycleBase.java:345)
		at org.apache.catalina.core.ContainerBase.startInternal(ContainerBase.java:893)
		at org.apache.catalina.core.StandardHost.startInternal(StandardHost.java:794)
		at org.apache.catalina.util.LifecycleBase.start(LifecycleBase.java:171)
		at org.apache.catalina.core.ContainerBase$StartChild.call(ContainerBase.java:1332)
		at org.apache.catalina.core.ContainerBase$StartChild.call(ContainerBase.java:1322)
		at java.base/java.util.concurrent.FutureTask.run(FutureTask.java:317)
		at org.apache.tomcat.util.threads.InlineExecutorService.execute(InlineExecutorService.java:75)
		at java.base/java.util.concurrent.AbstractExecutorService.submit(AbstractExecutorService.java:145)
		at org.apache.catalina.core.ContainerBase.startInternal(ContainerBase.java:866)
		at org.apache.catalina.core.StandardEngine.startInternal(StandardEngine.java:248)
		at org.apache.catalina.util.LifecycleBase.start(LifecycleBase.java:171)
		at org.apache.catalina.core.StandardService.startInternal(StandardService.java:433)
		at org.apache.catalina.util.LifecycleBase.start(LifecycleBase.java:171)
		at org.apache.catalina.core.StandardServer.startInternal(StandardServer.java:925)
		at org.apache.catalina.util.LifecycleBase.start(LifecycleBase.java:171)
		at org.apache.catalina.startup.Catalina.start(Catalina.java:735)
		at java.base/jdk.internal.reflect.DirectMethodHandleAccessor.invoke(DirectMethodHandleAccessor.java:103)
		at java.base/java.lang.reflect.Method.invoke(Method.java:580)
		at org.apache.catalina.startup.Bootstrap.start(Bootstrap.java:345)
		at org.apache.catalina.startup.Bootstrap.main(Bootstrap.java:473)
	Caused by: org.apache.catalina.LifecycleException: Failed to initialize component [org.apache.catalina.webresources.JarResourceSet@cda0432]
		at org.apache.catalina.util.LifecycleBase.handleSubClassException(LifecycleBase.java:419)
		at org.apache.catalina.util.LifecycleBase.init(LifecycleBase.java:130)
		at org.apache.catalina.util.LifecycleBase.start(LifecycleBase.java:161)
		at org.apache.catalina.webresources.StandardRoot.startInternal(StandardRoot.java:725)
		at org.apache.catalina.util.LifecycleBase.start(LifecycleBase.java:171)
		at org.apache.catalina.core.StandardContext.resourcesStart(StandardContext.java:4575)
		at org.apache.catalina.core.StandardContext.startInternal(StandardContext.java:4708)
		at org.apache.catalina.util.LifecycleBase.start(LifecycleBase.java:171)
		at org.apache.catalina.core.ContainerBase.addChildInternal(ContainerBase.java:683)
		... 35 more
	Caused by: java.lang.IllegalArgumentException: java.io.IOException: java.lang.reflect.InvocationTargetException
		at org.apache.catalina.webresources.AbstractSingleArchiveResourceSet.initInternal(AbstractSingleArchiveResourceSet.java:141)
		at org.apache.catalina.util.LifecycleBase.init(LifecycleBase.java:127)
		... 42 more
	Caused by: java.io.IOException: java.lang.reflect.InvocationTargetException
		at org.apache.tomcat.util.compat.Jre9Compat.jarFileNewInstance(Jre9Compat.java:209)
		at org.apache.tomcat.util.compat.Jre19Compat.jarFileNewInstance(Jre19Compat.java:25)
		at org.apache.tomcat.util.compat.JreCompat.jarFileNewInstance(JreCompat.java:275)
		at org.apache.catalina.webresources.AbstractSingleArchiveResourceSet.initInternal(AbstractSingleArchiveResourceSet.java:138)
		... 43 more
	Caused by: java.lang.reflect.InvocationTargetException
		at java.base/jdk.internal.reflect.DirectConstructorHandleAccessor.newInstance(DirectConstructorHandleAccessor.java:74)
		at java.base/java.lang.reflect.Constructor.newInstanceWithCaller(Constructor.java:502)
		at java.base/java.lang.reflect.Constructor.newInstance(Constructor.java:486)
		at org.apache.tomcat.util.compat.Jre9Compat.jarFileNewInstance(Jre9Compat.java:206)
		... 46 more
	Caused by: java.util.zip.ZipException: zip file is empty
		at java.base/java.util.zip.ZipFile$Source.zerror(ZipFile.java:1781)
		at java.base/java.util.zip.ZipFile$Source.findEND(ZipFile.java:1562)
		at java.base/java.util.zip.ZipFile$Source.initCEN(ZipFile.java:1657)
		at java.base/java.util.zip.ZipFile$Source.<init>(ZipFile.java:1495)
		at java.base/java.util.zip.ZipFile$Source.get(ZipFile.java:1458)
		at java.base/java.util.zip.ZipFile$CleanableResource.<init>(ZipFile.java:724)
		at java.base/java.util.zip.ZipFile.<init>(ZipFile.java:251)
		at java.base/java.util.zip.ZipFile.<init>(ZipFile.java:180)
		at java.base/java.util.jar.JarFile.<init>(JarFile.java:345)
		at java.base/jdk.internal.reflect.DirectConstructorHandleAccessor.newInstance(DirectConstructorHandleAccessor.java:62)
		... 49 more
25-May-2026 18:47:18.720 INFO [main] org.apache.catalina.startup.HostConfig.deployDirectory Deployment of web application directory [/home/mumuzinho/www/Trabalho-banco-de-dados-I/backend/apache-tomcat-9.0.87/webapps/bd2022] has finished in [7] ms
25-May-2026 18:47:18.720 INFO [main] org.apache.catalina.startup.HostConfig.deployDirectory Deploying web application directory [/home/mumuzinho/www/Trabalho-banco-de-dados-I/backend/apache-tomcat-9.0.87/webapps/manager]
25-May-2026 18:47:18.760 INFO [main] org.apache.catalina.startup.HostConfig.deployDirectory Deployment of web application directory [/home/mumuzinho/www/Trabalho-banco-de-dados-I/backend/apache-tomcat-9.0.87/webapps/manager] has finished in [40] ms
25-May-2026 18:47:18.761 INFO [main] org.apache.catalina.startup.HostConfig.deployDirectory Deploying web application directory [/home/mumuzinho/www/Trabalho-banco-de-dados-I/backend/apache-tomcat-9.0.87/webapps/examples]
25-May-2026 18:47:18.956 INFO [main] org.apache.catalina.startup.HostConfig.deployDirectory Deployment of web application directory [/home/mumuzinho/www/Trabalho-banco-de-dados-I/backend/apache-tomcat-9.0.87/webapps/examples] has finished in [195] ms
25-May-2026 18:47:18.956 INFO [main] org.apache.catalina.startup.HostConfig.deployDirectory Deploying web application directory [/home/mumuzinho/www/Trabalho-banco-de-dados-I/backend/apache-tomcat-9.0.87/webapps/docs]
25-May-2026 18:47:18.970 INFO [main] org.apache.catalina.startup.HostConfig.deployDirectory Deployment of web application directory [/home/mumuzinho/www/Trabalho-banco-de-dados-I/backend/apache-tomcat-9.0.87/webapps/docs] has finished in [13] ms
25-May-2026 18:47:18.970 INFO [main] org.apache.catalina.startup.HostConfig.deployDirectory Deploying web application directory [/home/mumuzinho/www/Trabalho-banco-de-dados-I/backend/apache-tomcat-9.0.87/webapps/host-manager]
25-May-2026 18:47:18.982 INFO [main] org.apache.catalina.startup.HostConfig.deployDirectory Deployment of web application directory [/home/mumuzinho/www/Trabalho-banco-de-dados-I/backend/apache-tomcat-9.0.87/webapps/host-manager] has finished in [11] ms
25-May-2026 18:47:18.985 INFO [main] org.apache.coyote.AbstractProtocol.start Starting ProtocolHandler ["http-nio-8080"]
25-May-2026 18:47:18.998 INFO [main] org.apache.catalina.startup.Catalina.start Server startup in [868] milliseconds
25-May-2026 18:47:25.567 INFO [main] org.apache.catalina.core.StandardServer.await A valid shutdown command was received via the shutdown port. Stopping the Server instance.
25-May-2026 18:47:25.567 INFO [main] org.apache.coyote.AbstractProtocol.pause Pausing ProtocolHandler ["http-nio-8080"]
25-May-2026 18:47:25.571 INFO [main] org.apache.catalina.core.StandardService.stopInternal Stopping service [Catalina]
25-May-2026 18:47:25.611 INFO [main] org.apache.coyote.AbstractProtocol.stop Stopping ProtocolHandler ["http-nio-8080"]
25-May-2026 18:47:25.622 INFO [main] org.apache.coyote.AbstractProtocol.destroy Destroying ProtocolHandler ["http-nio-8080"]
NOTE: Picked up JDK_JAVA_OPTIONS:  --add-opens=java.base/java.lang=ALL-UNNAMED --add-opens=java.base/java.io=ALL-UNNAMED --add-opens=java.base/java.util=ALL-UNNAMED --add-opens=java.base/java.util.concurrent=ALL-UNNAMED --add-opens=java.rmi/sun.rmi.transport=ALL-UNNAMED
25-May-2026 18:47:35.850 INFO [main] org.apache.catalina.startup.VersionLoggerListener.log Server version name:   Apache Tomcat/9.0.87
25-May-2026 18:47:35.855 INFO [main] org.apache.catalina.startup.VersionLoggerListener.log Server built:          Mar 11 2024 10:12:34 UTC
25-May-2026 18:47:35.855 INFO [main] org.apache.catalina.startup.VersionLoggerListener.log Server version number: 9.0.87.0
25-May-2026 18:47:35.855 INFO [main] org.apache.catalina.startup.VersionLoggerListener.log OS Name:               Linux
25-May-2026 18:47:35.855 INFO [main] org.apache.catalina.startup.VersionLoggerListener.log OS Version:            6.6.114.1-microsoft-standard-WSL2
25-May-2026 18:47:35.855 INFO [main] org.apache.catalina.startup.VersionLoggerListener.log Architecture:          amd64
25-May-2026 18:47:35.855 INFO [main] org.apache.catalina.startup.VersionLoggerListener.log Java Home:             /usr/lib/jvm/java-21-openjdk-amd64
25-May-2026 18:47:35.855 INFO [main] org.apache.catalina.startup.VersionLoggerListener.log JVM Version:           21.0.8+9-Ubuntu-0ubuntu122.04.1
25-May-2026 18:47:35.855 INFO [main] org.apache.catalina.startup.VersionLoggerListener.log JVM Vendor:            Ubuntu
25-May-2026 18:47:35.855 INFO [main] org.apache.catalina.startup.VersionLoggerListener.log CATALINA_BASE:         /home/mumuzinho/www/Trabalho-banco-de-dados-I/backend/apache-tomcat-9.0.87
25-May-2026 18:47:35.855 INFO [main] org.apache.catalina.startup.VersionLoggerListener.log CATALINA_HOME:         /home/mumuzinho/www/Trabalho-banco-de-dados-I/backend/apache-tomcat-9.0.87
25-May-2026 18:47:35.860 INFO [main] org.apache.catalina.startup.VersionLoggerListener.log Command line argument: --add-opens=java.base/java.lang=ALL-UNNAMED
25-May-2026 18:47:35.860 INFO [main] org.apache.catalina.startup.VersionLoggerListener.log Command line argument: --add-opens=java.base/java.io=ALL-UNNAMED
25-May-2026 18:47:35.860 INFO [main] org.apache.catalina.startup.VersionLoggerListener.log Command line argument: --add-opens=java.base/java.util=ALL-UNNAMED
25-May-2026 18:47:35.860 INFO [main] org.apache.catalina.startup.VersionLoggerListener.log Command line argument: --add-opens=java.base/java.util.concurrent=ALL-UNNAMED
25-May-2026 18:47:35.860 INFO [main] org.apache.catalina.startup.VersionLoggerListener.log Command line argument: --add-opens=java.rmi/sun.rmi.transport=ALL-UNNAMED
25-May-2026 18:47:35.861 INFO [main] org.apache.catalina.startup.VersionLoggerListener.log Command line argument: -Djava.util.logging.config.file=/home/mumuzinho/www/Trabalho-banco-de-dados-I/backend/apache-tomcat-9.0.87/conf/logging.properties
25-May-2026 18:47:35.861 INFO [main] org.apache.catalina.startup.VersionLoggerListener.log Command line argument: -Djava.util.logging.manager=org.apache.juli.ClassLoaderLogManager
25-May-2026 18:47:35.861 INFO [main] org.apache.catalina.startup.VersionLoggerListener.log Command line argument: -Djdk.tls.ephemeralDHKeySize=2048
25-May-2026 18:47:35.861 INFO [main] org.apache.catalina.startup.VersionLoggerListener.log Command line argument: -Djava.protocol.handler.pkgs=org.apache.catalina.webresources
25-May-2026 18:47:35.861 INFO [main] org.apache.catalina.startup.VersionLoggerListener.log Command line argument: -Dorg.apache.catalina.security.SecurityListener.UMASK=0027
25-May-2026 18:47:35.861 INFO [main] org.apache.catalina.startup.VersionLoggerListener.log Command line argument: -Dignore.endorsed.dirs=
25-May-2026 18:47:35.861 INFO [main] org.apache.catalina.startup.VersionLoggerListener.log Command line argument: -Dcatalina.base=/home/mumuzinho/www/Trabalho-banco-de-dados-I/backend/apache-tomcat-9.0.87
25-May-2026 18:47:35.861 INFO [main] org.apache.catalina.startup.VersionLoggerListener.log Command line argument: -Dcatalina.home=/home/mumuzinho/www/Trabalho-banco-de-dados-I/backend/apache-tomcat-9.0.87
25-May-2026 18:47:35.861 INFO [main] org.apache.catalina.startup.VersionLoggerListener.log Command line argument: -Djava.io.tmpdir=/home/mumuzinho/www/Trabalho-banco-de-dados-I/backend/apache-tomcat-9.0.87/temp
25-May-2026 18:47:35.863 INFO [main] org.apache.catalina.core.AprLifecycleListener.lifecycleEvent The Apache Tomcat Native library which allows using OpenSSL was not found on the java.library.path: [/usr/java/packages/lib:/usr/lib/x86_64-linux-gnu/jni:/lib/x86_64-linux-gnu:/usr/lib/x86_64-linux-gnu:/usr/lib/jni:/lib:/usr/lib]
25-May-2026 18:47:36.143 INFO [main] org.apache.coyote.AbstractProtocol.init Initializing ProtocolHandler ["http-nio-8080"]
25-May-2026 18:47:36.157 INFO [main] org.apache.catalina.startup.Catalina.load Server initialization in [490] milliseconds
25-May-2026 18:47:36.182 INFO [main] org.apache.catalina.core.StandardService.startInternal Starting service [Catalina]
25-May-2026 18:47:36.183 INFO [main] org.apache.catalina.core.StandardEngine.startInternal Starting Servlet engine: [Apache Tomcat/9.0.87]
25-May-2026 18:47:36.192 INFO [main] org.apache.catalina.startup.HostConfig.deployWAR Deploying web application archive [/home/mumuzinho/www/Trabalho-banco-de-dados-I/backend/apache-tomcat-9.0.87/webapps/ROOT.war]
25-May-2026 18:47:36.203 INFO [main] org.apache.catalina.startup.ExpandWar.expand An expanded directory [/home/mumuzinho/www/Trabalho-banco-de-dados-I/backend/apache-tomcat-9.0.87/webapps/ROOT] was found with a last modified time that did not match the associated WAR. It will be deleted.
25-May-2026 18:47:36.649 INFO [main] org.apache.jasper.servlet.TldScanner.scanJars At least one JAR was scanned for TLDs yet contained no TLDs. Enable debug logging for this logger for a complete list of JARs that were scanned but no TLDs were found in them. Skipping unneeded JARs during scanning can improve startup time and JSP compilation time.
25-May-2026 18:47:36.699 INFO [main] org.apache.catalina.startup.HostConfig.deployWAR Deployment of web application archive [/home/mumuzinho/www/Trabalho-banco-de-dados-I/backend/apache-tomcat-9.0.87/webapps/ROOT.war] has finished in [507] ms
25-May-2026 18:47:36.700 INFO [main] org.apache.catalina.startup.HostConfig.deployDirectory Deploying web application directory [/home/mumuzinho/www/Trabalho-banco-de-dados-I/backend/apache-tomcat-9.0.87/webapps/bd2022]
25-May-2026 18:47:36.703 SEVERE [main] org.apache.catalina.startup.HostConfig.deployDirectory Error deploying web application directory [/home/mumuzinho/www/Trabalho-banco-de-dados-I/backend/apache-tomcat-9.0.87/webapps/bd2022]
	java.lang.IllegalStateException: Error starting child
		at org.apache.catalina.core.ContainerBase.addChildInternal(ContainerBase.java:686)
		at org.apache.catalina.core.ContainerBase.addChild(ContainerBase.java:658)
		at org.apache.catalina.core.StandardHost.addChild(StandardHost.java:661)
		at org.apache.catalina.startup.HostConfig.deployDirectory(HostConfig.java:1175)
		at org.apache.catalina.startup.HostConfig$DeployDirectory.run(HostConfig.java:1888)
		at java.base/java.util.concurrent.Executors$RunnableAdapter.call(Executors.java:572)
		at java.base/java.util.concurrent.FutureTask.run(FutureTask.java:317)
		at org.apache.tomcat.util.threads.InlineExecutorService.execute(InlineExecutorService.java:75)
		at java.base/java.util.concurrent.AbstractExecutorService.submit(AbstractExecutorService.java:123)
		at org.apache.catalina.startup.HostConfig.deployDirectories(HostConfig.java:1086)
		at org.apache.catalina.startup.HostConfig.deployApps(HostConfig.java:470)
		at org.apache.catalina.startup.HostConfig.start(HostConfig.java:1584)
		at org.apache.catalina.startup.HostConfig.lifecycleEvent(HostConfig.java:312)
		at org.apache.catalina.util.LifecycleBase.fireLifecycleEvent(LifecycleBase.java:114)
		at org.apache.catalina.util.LifecycleBase.setStateInternal(LifecycleBase.java:402)
		at org.apache.catalina.util.LifecycleBase.setState(LifecycleBase.java:345)
		at org.apache.catalina.core.ContainerBase.startInternal(ContainerBase.java:893)
		at org.apache.catalina.core.StandardHost.startInternal(StandardHost.java:794)
		at org.apache.catalina.util.LifecycleBase.start(LifecycleBase.java:171)
		at org.apache.catalina.core.ContainerBase$StartChild.call(ContainerBase.java:1332)
		at org.apache.catalina.core.ContainerBase$StartChild.call(ContainerBase.java:1322)
		at java.base/java.util.concurrent.FutureTask.run(FutureTask.java:317)
		at org.apache.tomcat.util.threads.InlineExecutorService.execute(InlineExecutorService.java:75)
		at java.base/java.util.concurrent.AbstractExecutorService.submit(AbstractExecutorService.java:145)
		at org.apache.catalina.core.ContainerBase.startInternal(ContainerBase.java:866)
		at org.apache.catalina.core.StandardEngine.startInternal(StandardEngine.java:248)
		at org.apache.catalina.util.LifecycleBase.start(LifecycleBase.java:171)
		at org.apache.catalina.core.StandardService.startInternal(StandardService.java:433)
		at org.apache.catalina.util.LifecycleBase.start(LifecycleBase.java:171)
		at org.apache.catalina.core.StandardServer.startInternal(StandardServer.java:925)
		at org.apache.catalina.util.LifecycleBase.start(LifecycleBase.java:171)
		at org.apache.catalina.startup.Catalina.start(Catalina.java:735)
		at java.base/jdk.internal.reflect.DirectMethodHandleAccessor.invoke(DirectMethodHandleAccessor.java:103)
		at java.base/java.lang.reflect.Method.invoke(Method.java:580)
		at org.apache.catalina.startup.Bootstrap.start(Bootstrap.java:345)
		at org.apache.catalina.startup.Bootstrap.main(Bootstrap.java:473)
	Caused by: org.apache.catalina.LifecycleException: Failed to initialize component [org.apache.catalina.webresources.JarResourceSet@4e868ef5]
		at org.apache.catalina.util.LifecycleBase.handleSubClassException(LifecycleBase.java:419)
		at org.apache.catalina.util.LifecycleBase.init(LifecycleBase.java:130)
		at org.apache.catalina.util.LifecycleBase.start(LifecycleBase.java:161)
		at org.apache.catalina.webresources.StandardRoot.startInternal(StandardRoot.java:725)
		at org.apache.catalina.util.LifecycleBase.start(LifecycleBase.java:171)
		at org.apache.catalina.core.StandardContext.resourcesStart(StandardContext.java:4575)
		at org.apache.catalina.core.StandardContext.startInternal(StandardContext.java:4708)
		at org.apache.catalina.util.LifecycleBase.start(LifecycleBase.java:171)
		at org.apache.catalina.core.ContainerBase.addChildInternal(ContainerBase.java:683)
		... 35 more
	Caused by: java.lang.IllegalArgumentException: java.io.IOException: java.lang.reflect.InvocationTargetException
		at org.apache.catalina.webresources.AbstractSingleArchiveResourceSet.initInternal(AbstractSingleArchiveResourceSet.java:141)
		at org.apache.catalina.util.LifecycleBase.init(LifecycleBase.java:127)
		... 42 more
	Caused by: java.io.IOException: java.lang.reflect.InvocationTargetException
		at org.apache.tomcat.util.compat.Jre9Compat.jarFileNewInstance(Jre9Compat.java:209)
		at org.apache.tomcat.util.compat.Jre19Compat.jarFileNewInstance(Jre19Compat.java:25)
		at org.apache.tomcat.util.compat.JreCompat.jarFileNewInstance(JreCompat.java:275)
		at org.apache.catalina.webresources.AbstractSingleArchiveResourceSet.initInternal(AbstractSingleArchiveResourceSet.java:138)
		... 43 more
	Caused by: java.lang.reflect.InvocationTargetException
		at java.base/jdk.internal.reflect.DirectConstructorHandleAccessor.newInstance(DirectConstructorHandleAccessor.java:74)
		at java.base/java.lang.reflect.Constructor.newInstanceWithCaller(Constructor.java:502)
		at java.base/java.lang.reflect.Constructor.newInstance(Constructor.java:486)
		at org.apache.tomcat.util.compat.Jre9Compat.jarFileNewInstance(Jre9Compat.java:206)
		... 46 more
	Caused by: java.util.zip.ZipException: zip file is empty
		at java.base/java.util.zip.ZipFile$Source.zerror(ZipFile.java:1781)
		at java.base/java.util.zip.ZipFile$Source.findEND(ZipFile.java:1562)
		at java.base/java.util.zip.ZipFile$Source.initCEN(ZipFile.java:1657)
		at java.base/java.util.zip.ZipFile$Source.<init>(ZipFile.java:1495)
		at java.base/java.util.zip.ZipFile$Source.get(ZipFile.java:1458)
		at java.base/java.util.zip.ZipFile$CleanableResource.<init>(ZipFile.java:724)
		at java.base/java.util.zip.ZipFile.<init>(ZipFile.java:251)
		at java.base/java.util.zip.ZipFile.<init>(ZipFile.java:180)
		at java.base/java.util.jar.JarFile.<init>(JarFile.java:345)
		at java.base/jdk.internal.reflect.DirectConstructorHandleAccessor.newInstance(DirectConstructorHandleAccessor.java:62)
		... 49 more
25-May-2026 18:47:36.705 INFO [main] org.apache.catalina.startup.HostConfig.deployDirectory Deployment of web application directory [/home/mumuzinho/www/Trabalho-banco-de-dados-I/backend/apache-tomcat-9.0.87/webapps/bd2022] has finished in [5] ms
25-May-2026 18:47:36.705 INFO [main] org.apache.catalina.startup.HostConfig.deployDirectory Deploying web application directory [/home/mumuzinho/www/Trabalho-banco-de-dados-I/backend/apache-tomcat-9.0.87/webapps/manager]
25-May-2026 18:47:36.743 INFO [main] org.apache.catalina.startup.HostConfig.deployDirectory Deployment of web application directory [/home/mumuzinho/www/Trabalho-banco-de-dados-I/backend/apache-tomcat-9.0.87/webapps/manager] has finished in [38] ms
25-May-2026 18:47:36.743 INFO [main] org.apache.catalina.startup.HostConfig.deployDirectory Deploying web application directory [/home/mumuzinho/www/Trabalho-banco-de-dados-I/backend/apache-tomcat-9.0.87/webapps/examples]
25-May-2026 18:47:36.895 INFO [main] org.apache.catalina.startup.HostConfig.deployDirectory Deployment of web application directory [/home/mumuzinho/www/Trabalho-banco-de-dados-I/backend/apache-tomcat-9.0.87/webapps/examples] has finished in [152] ms
25-May-2026 18:47:36.895 INFO [main] org.apache.catalina.startup.HostConfig.deployDirectory Deploying web application directory [/home/mumuzinho/www/Trabalho-banco-de-dados-I/backend/apache-tomcat-9.0.87/webapps/docs]
25-May-2026 18:47:36.914 INFO [main] org.apache.catalina.startup.HostConfig.deployDirectory Deployment of web application directory [/home/mumuzinho/www/Trabalho-banco-de-dados-I/backend/apache-tomcat-9.0.87/webapps/docs] has finished in [19] ms
25-May-2026 18:47:36.914 INFO [main] org.apache.catalina.startup.HostConfig.deployDirectory Deploying web application directory [/home/mumuzinho/www/Trabalho-banco-de-dados-I/backend/apache-tomcat-9.0.87/webapps/host-manager]
25-May-2026 18:47:36.932 INFO [main] org.apache.catalina.startup.HostConfig.deployDirectory Deployment of web application directory [/home/mumuzinho/www/Trabalho-banco-de-dados-I/backend/apache-tomcat-9.0.87/webapps/host-manager] has finished in [18] ms
25-May-2026 18:47:36.938 INFO [main] org.apache.coyote.AbstractProtocol.start Starting ProtocolHandler ["http-nio-8080"]
25-May-2026 18:47:36.950 INFO [main] org.apache.catalina.startup.Catalina.start Server startup in [791] milliseconds
25-May-2026 18:48:39.759 INFO [main] org.apache.catalina.core.StandardServer.await A valid shutdown command was received via the shutdown port. Stopping the Server instance.
25-May-2026 18:48:39.762 INFO [main] org.apache.coyote.AbstractProtocol.pause Pausing ProtocolHandler ["http-nio-8080"]
25-May-2026 18:48:39.774 INFO [main] org.apache.catalina.core.StandardService.stopInternal Stopping service [Catalina]
25-May-2026 18:48:39.805 INFO [main] org.apache.coyote.AbstractProtocol.stop Stopping ProtocolHandler ["http-nio-8080"]
25-May-2026 18:48:39.813 INFO [main] org.apache.coyote.AbstractProtocol.destroy Destroying ProtocolHandler ["http-nio-8080"]
NOTE: Picked up JDK_JAVA_OPTIONS:  --add-opens=java.base/java.lang=ALL-UNNAMED --add-opens=java.base/java.io=ALL-UNNAMED --add-opens=java.base/java.util=ALL-UNNAMED --add-opens=java.base/java.util.concurrent=ALL-UNNAMED --add-opens=java.rmi/sun.rmi.transport=ALL-UNNAMED
25-May-2026 18:49:25.673 INFO [main] org.apache.catalina.startup.VersionLoggerListener.log Server version name:   Apache Tomcat/9.0.87
25-May-2026 18:49:25.678 INFO [main] org.apache.catalina.startup.VersionLoggerListener.log Server built:          Mar 11 2024 10:12:34 UTC
25-May-2026 18:49:25.678 INFO [main] org.apache.catalina.startup.VersionLoggerListener.log Server version number: 9.0.87.0
25-May-2026 18:49:25.678 INFO [main] org.apache.catalina.startup.VersionLoggerListener.log OS Name:               Linux
25-May-2026 18:49:25.678 INFO [main] org.apache.catalina.startup.VersionLoggerListener.log OS Version:            6.6.114.1-microsoft-standard-WSL2
25-May-2026 18:49:25.678 INFO [main] org.apache.catalina.startup.VersionLoggerListener.log Architecture:          amd64
25-May-2026 18:49:25.678 INFO [main] org.apache.catalina.startup.VersionLoggerListener.log Java Home:             /usr/lib/jvm/java-21-openjdk-amd64
25-May-2026 18:49:25.679 INFO [main] org.apache.catalina.startup.VersionLoggerListener.log JVM Version:           21.0.8+9-Ubuntu-0ubuntu122.04.1
25-May-2026 18:49:25.679 INFO [main] org.apache.catalina.startup.VersionLoggerListener.log JVM Vendor:            Ubuntu
25-May-2026 18:49:25.679 INFO [main] org.apache.catalina.startup.VersionLoggerListener.log CATALINA_BASE:         /home/mumuzinho/www/Trabalho-banco-de-dados-I/backend/apache-tomcat-9.0.87
25-May-2026 18:49:25.679 INFO [main] org.apache.catalina.startup.VersionLoggerListener.log CATALINA_HOME:         /home/mumuzinho/www/Trabalho-banco-de-dados-I/backend/apache-tomcat-9.0.87
25-May-2026 18:49:25.682 INFO [main] org.apache.catalina.startup.VersionLoggerListener.log Command line argument: --add-opens=java.base/java.lang=ALL-UNNAMED
25-May-2026 18:49:25.682 INFO [main] org.apache.catalina.startup.VersionLoggerListener.log Command line argument: --add-opens=java.base/java.io=ALL-UNNAMED
25-May-2026 18:49:25.683 INFO [main] org.apache.catalina.startup.VersionLoggerListener.log Command line argument: --add-opens=java.base/java.util=ALL-UNNAMED
25-May-2026 18:49:25.683 INFO [main] org.apache.catalina.startup.VersionLoggerListener.log Command line argument: --add-opens=java.base/java.util.concurrent=ALL-UNNAMED
25-May-2026 18:49:25.683 INFO [main] org.apache.catalina.startup.VersionLoggerListener.log Command line argument: --add-opens=java.rmi/sun.rmi.transport=ALL-UNNAMED
25-May-2026 18:49:25.683 INFO [main] org.apache.catalina.startup.VersionLoggerListener.log Command line argument: -Djava.util.logging.config.file=/home/mumuzinho/www/Trabalho-banco-de-dados-I/backend/apache-tomcat-9.0.87/conf/logging.properties
25-May-2026 18:49:25.683 INFO [main] org.apache.catalina.startup.VersionLoggerListener.log Command line argument: -Djava.util.logging.manager=org.apache.juli.ClassLoaderLogManager
25-May-2026 18:49:25.683 INFO [main] org.apache.catalina.startup.VersionLoggerListener.log Command line argument: -Djdk.tls.ephemeralDHKeySize=2048
25-May-2026 18:49:25.683 INFO [main] org.apache.catalina.startup.VersionLoggerListener.log Command line argument: -Djava.protocol.handler.pkgs=org.apache.catalina.webresources
25-May-2026 18:49:25.683 INFO [main] org.apache.catalina.startup.VersionLoggerListener.log Command line argument: -Dorg.apache.catalina.security.SecurityListener.UMASK=0027
25-May-2026 18:49:25.683 INFO [main] org.apache.catalina.startup.VersionLoggerListener.log Command line argument: -Dignore.endorsed.dirs=
25-May-2026 18:49:25.683 INFO [main] org.apache.catalina.startup.VersionLoggerListener.log Command line argument: -Dcatalina.base=/home/mumuzinho/www/Trabalho-banco-de-dados-I/backend/apache-tomcat-9.0.87
25-May-2026 18:49:25.683 INFO [main] org.apache.catalina.startup.VersionLoggerListener.log Command line argument: -Dcatalina.home=/home/mumuzinho/www/Trabalho-banco-de-dados-I/backend/apache-tomcat-9.0.87
25-May-2026 18:49:25.683 INFO [main] org.apache.catalina.startup.VersionLoggerListener.log Command line argument: -Djava.io.tmpdir=/home/mumuzinho/www/Trabalho-banco-de-dados-I/backend/apache-tomcat-9.0.87/temp
25-May-2026 18:49:25.684 INFO [main] org.apache.catalina.core.AprLifecycleListener.lifecycleEvent The Apache Tomcat Native library which allows using OpenSSL was not found on the java.library.path: [/usr/java/packages/lib:/usr/lib/x86_64-linux-gnu/jni:/lib/x86_64-linux-gnu:/usr/lib/x86_64-linux-gnu:/usr/lib/jni:/lib:/usr/lib]
25-May-2026 18:49:26.042 INFO [main] org.apache.coyote.AbstractProtocol.init Initializing ProtocolHandler ["http-nio-8080"]
25-May-2026 18:49:26.067 INFO [main] org.apache.catalina.startup.Catalina.load Server initialization in [577] milliseconds
25-May-2026 18:49:26.104 INFO [main] org.apache.catalina.core.StandardService.startInternal Starting service [Catalina]
25-May-2026 18:49:26.104 INFO [main] org.apache.catalina.core.StandardEngine.startInternal Starting Servlet engine: [Apache Tomcat/9.0.87]
25-May-2026 18:49:26.116 INFO [main] org.apache.catalina.startup.HostConfig.deployWAR Deploying web application archive [/home/mumuzinho/www/Trabalho-banco-de-dados-I/backend/apache-tomcat-9.0.87/webapps/ROOT.war]
25-May-2026 18:49:26.131 INFO [main] org.apache.catalina.startup.ExpandWar.expand An expanded directory [/home/mumuzinho/www/Trabalho-banco-de-dados-I/backend/apache-tomcat-9.0.87/webapps/ROOT] was found with a last modified time that did not match the associated WAR. It will be deleted.
25-May-2026 18:49:26.530 INFO [main] org.apache.jasper.servlet.TldScanner.scanJars At least one JAR was scanned for TLDs yet contained no TLDs. Enable debug logging for this logger for a complete list of JARs that were scanned but no TLDs were found in them. Skipping unneeded JARs during scanning can improve startup time and JSP compilation time.
25-May-2026 18:49:26.571 INFO [main] org.apache.catalina.startup.HostConfig.deployWAR Deployment of web application archive [/home/mumuzinho/www/Trabalho-banco-de-dados-I/backend/apache-tomcat-9.0.87/webapps/ROOT.war] has finished in [456] ms
25-May-2026 18:49:26.572 INFO [main] org.apache.catalina.startup.HostConfig.deployDirectory Deploying web application directory [/home/mumuzinho/www/Trabalho-banco-de-dados-I/backend/apache-tomcat-9.0.87/webapps/bd2022]
25-May-2026 18:49:26.574 SEVERE [main] org.apache.catalina.startup.HostConfig.deployDirectory Error deploying web application directory [/home/mumuzinho/www/Trabalho-banco-de-dados-I/backend/apache-tomcat-9.0.87/webapps/bd2022]
	java.lang.IllegalStateException: Error starting child
		at org.apache.catalina.core.ContainerBase.addChildInternal(ContainerBase.java:686)
		at org.apache.catalina.core.ContainerBase.addChild(ContainerBase.java:658)
		at org.apache.catalina.core.StandardHost.addChild(StandardHost.java:661)
		at org.apache.catalina.startup.HostConfig.deployDirectory(HostConfig.java:1175)
		at org.apache.catalina.startup.HostConfig$DeployDirectory.run(HostConfig.java:1888)
		at java.base/java.util.concurrent.Executors$RunnableAdapter.call(Executors.java:572)
		at java.base/java.util.concurrent.FutureTask.run(FutureTask.java:317)
		at org.apache.tomcat.util.threads.InlineExecutorService.execute(InlineExecutorService.java:75)
		at java.base/java.util.concurrent.AbstractExecutorService.submit(AbstractExecutorService.java:123)
		at org.apache.catalina.startup.HostConfig.deployDirectories(HostConfig.java:1086)
		at org.apache.catalina.startup.HostConfig.deployApps(HostConfig.java:470)
		at org.apache.catalina.startup.HostConfig.start(HostConfig.java:1584)
		at org.apache.catalina.startup.HostConfig.lifecycleEvent(HostConfig.java:312)
		at org.apache.catalina.util.LifecycleBase.fireLifecycleEvent(LifecycleBase.java:114)
		at org.apache.catalina.util.LifecycleBase.setStateInternal(LifecycleBase.java:402)
		at org.apache.catalina.util.LifecycleBase.setState(LifecycleBase.java:345)
		at org.apache.catalina.core.ContainerBase.startInternal(ContainerBase.java:893)
		at org.apache.catalina.core.StandardHost.startInternal(StandardHost.java:794)
		at org.apache.catalina.util.LifecycleBase.start(LifecycleBase.java:171)
		at org.apache.catalina.core.ContainerBase$StartChild.call(ContainerBase.java:1332)
		at org.apache.catalina.core.ContainerBase$StartChild.call(ContainerBase.java:1322)
		at java.base/java.util.concurrent.FutureTask.run(FutureTask.java:317)
		at org.apache.tomcat.util.threads.InlineExecutorService.execute(InlineExecutorService.java:75)
		at java.base/java.util.concurrent.AbstractExecutorService.submit(AbstractExecutorService.java:145)
		at org.apache.catalina.core.ContainerBase.startInternal(ContainerBase.java:866)
		at org.apache.catalina.core.StandardEngine.startInternal(StandardEngine.java:248)
		at org.apache.catalina.util.LifecycleBase.start(LifecycleBase.java:171)
		at org.apache.catalina.core.StandardService.startInternal(StandardService.java:433)
		at org.apache.catalina.util.LifecycleBase.start(LifecycleBase.java:171)
		at org.apache.catalina.core.StandardServer.startInternal(StandardServer.java:925)
		at org.apache.catalina.util.LifecycleBase.start(LifecycleBase.java:171)
		at org.apache.catalina.startup.Catalina.start(Catalina.java:735)
		at java.base/jdk.internal.reflect.DirectMethodHandleAccessor.invoke(DirectMethodHandleAccessor.java:103)
		at java.base/java.lang.reflect.Method.invoke(Method.java:580)
		at org.apache.catalina.startup.Bootstrap.start(Bootstrap.java:345)
		at org.apache.catalina.startup.Bootstrap.main(Bootstrap.java:473)
	Caused by: org.apache.catalina.LifecycleException: Failed to initialize component [org.apache.catalina.webresources.JarResourceSet@67a056f1]
		at org.apache.catalina.util.LifecycleBase.handleSubClassException(LifecycleBase.java:419)
		at org.apache.catalina.util.LifecycleBase.init(LifecycleBase.java:130)
		at org.apache.catalina.util.LifecycleBase.start(LifecycleBase.java:161)
		at org.apache.catalina.webresources.StandardRoot.startInternal(StandardRoot.java:725)
		at org.apache.catalina.util.LifecycleBase.start(LifecycleBase.java:171)
		at org.apache.catalina.core.StandardContext.resourcesStart(StandardContext.java:4575)
		at org.apache.catalina.core.StandardContext.startInternal(StandardContext.java:4708)
		at org.apache.catalina.util.LifecycleBase.start(LifecycleBase.java:171)
		at org.apache.catalina.core.ContainerBase.addChildInternal(ContainerBase.java:683)
		... 35 more
	Caused by: java.lang.IllegalArgumentException: java.io.IOException: java.lang.reflect.InvocationTargetException
		at org.apache.catalina.webresources.AbstractSingleArchiveResourceSet.initInternal(AbstractSingleArchiveResourceSet.java:141)
		at org.apache.catalina.util.LifecycleBase.init(LifecycleBase.java:127)
		... 42 more
	Caused by: java.io.IOException: java.lang.reflect.InvocationTargetException
		at org.apache.tomcat.util.compat.Jre9Compat.jarFileNewInstance(Jre9Compat.java:209)
		at org.apache.tomcat.util.compat.Jre19Compat.jarFileNewInstance(Jre19Compat.java:25)
		at org.apache.tomcat.util.compat.JreCompat.jarFileNewInstance(JreCompat.java:275)
		at org.apache.catalina.webresources.AbstractSingleArchiveResourceSet.initInternal(AbstractSingleArchiveResourceSet.java:138)
		... 43 more
	Caused by: java.lang.reflect.InvocationTargetException
		at java.base/jdk.internal.reflect.DirectConstructorHandleAccessor.newInstance(DirectConstructorHandleAccessor.java:74)
		at java.base/java.lang.reflect.Constructor.newInstanceWithCaller(Constructor.java:502)
		at java.base/java.lang.reflect.Constructor.newInstance(Constructor.java:486)
		at org.apache.tomcat.util.compat.Jre9Compat.jarFileNewInstance(Jre9Compat.java:206)
		... 46 more
	Caused by: java.util.zip.ZipException: zip file is empty
		at java.base/java.util.zip.ZipFile$Source.zerror(ZipFile.java:1781)
		at java.base/java.util.zip.ZipFile$Source.findEND(ZipFile.java:1562)
		at java.base/java.util.zip.ZipFile$Source.initCEN(ZipFile.java:1657)
		at java.base/java.util.zip.ZipFile$Source.<init>(ZipFile.java:1495)
		at java.base/java.util.zip.ZipFile$Source.get(ZipFile.java:1458)
		at java.base/java.util.zip.ZipFile$CleanableResource.<init>(ZipFile.java:724)
		at java.base/java.util.zip.ZipFile.<init>(ZipFile.java:251)
		at java.base/java.util.zip.ZipFile.<init>(ZipFile.java:180)
		at java.base/java.util.jar.JarFile.<init>(JarFile.java:345)
		at java.base/jdk.internal.reflect.DirectConstructorHandleAccessor.newInstance(DirectConstructorHandleAccessor.java:62)
		... 49 more
25-May-2026 18:49:26.575 INFO [main] org.apache.catalina.startup.HostConfig.deployDirectory Deployment of web application directory [/home/mumuzinho/www/Trabalho-banco-de-dados-I/backend/apache-tomcat-9.0.87/webapps/bd2022] has finished in [4] ms
25-May-2026 18:49:26.575 INFO [main] org.apache.catalina.startup.HostConfig.deployDirectory Deploying web application directory [/home/mumuzinho/www/Trabalho-banco-de-dados-I/backend/apache-tomcat-9.0.87/webapps/manager]
25-May-2026 18:49:26.600 INFO [main] org.apache.catalina.startup.HostConfig.deployDirectory Deployment of web application directory [/home/mumuzinho/www/Trabalho-banco-de-dados-I/backend/apache-tomcat-9.0.87/webapps/manager] has finished in [25] ms
25-May-2026 18:49:26.600 INFO [main] org.apache.catalina.startup.HostConfig.deployDirectory Deploying web application directory [/home/mumuzinho/www/Trabalho-banco-de-dados-I/backend/apache-tomcat-9.0.87/webapps/examples]
25-May-2026 18:49:26.725 INFO [main] org.apache.catalina.startup.HostConfig.deployDirectory Deployment of web application directory [/home/mumuzinho/www/Trabalho-banco-de-dados-I/backend/apache-tomcat-9.0.87/webapps/examples] has finished in [125] ms
25-May-2026 18:49:26.727 INFO [main] org.apache.catalina.startup.HostConfig.deployDirectory Deploying web application directory [/home/mumuzinho/www/Trabalho-banco-de-dados-I/backend/apache-tomcat-9.0.87/webapps/docs]
25-May-2026 18:49:26.765 INFO [main] org.apache.catalina.startup.HostConfig.deployDirectory Deployment of web application directory [/home/mumuzinho/www/Trabalho-banco-de-dados-I/backend/apache-tomcat-9.0.87/webapps/docs] has finished in [31] ms
25-May-2026 18:49:26.765 INFO [main] org.apache.catalina.startup.HostConfig.deployDirectory Deploying web application directory [/home/mumuzinho/www/Trabalho-banco-de-dados-I/backend/apache-tomcat-9.0.87/webapps/host-manager]
25-May-2026 18:49:26.790 INFO [main] org.apache.catalina.startup.HostConfig.deployDirectory Deployment of web application directory [/home/mumuzinho/www/Trabalho-banco-de-dados-I/backend/apache-tomcat-9.0.87/webapps/host-manager] has finished in [25] ms
25-May-2026 18:49:26.794 INFO [main] org.apache.coyote.AbstractProtocol.start Starting ProtocolHandler ["http-nio-8080"]
25-May-2026 18:49:26.807 INFO [main] org.apache.catalina.startup.Catalina.start Server startup in [738] milliseconds
25-May-2026 18:49:33.036 SEVERE [http-nio-8080-exec-3] dao.PgUserDAO.all DAO
	org.postgresql.util.PSQLException: ERROR: relation "j2ee.user" does not exist
  Position: 23
		at org.postgresql.core.v3.QueryExecutorImpl.receiveErrorResponse(QueryExecutorImpl.java:2676)
		at org.postgresql.core.v3.QueryExecutorImpl.processResults(QueryExecutorImpl.java:2366)
		at org.postgresql.core.v3.QueryExecutorImpl.execute(QueryExecutorImpl.java:356)
		at org.postgresql.jdbc.PgStatement.executeInternal(PgStatement.java:496)
		at org.postgresql.jdbc.PgStatement.execute(PgStatement.java:413)
		at org.postgresql.jdbc.PgPreparedStatement.executeWithFlags(PgPreparedStatement.java:190)
		at org.postgresql.jdbc.PgPreparedStatement.executeQuery(PgPreparedStatement.java:134)
		at dao.PgUserDAO.all(PgUserDAO.java:234)
		at controller.UserController.doGet(UserController.java:102)
		at javax.servlet.http.HttpServlet.service(HttpServlet.java:529)
		at javax.servlet.http.HttpServlet.service(HttpServlet.java:623)
		at org.apache.catalina.core.ApplicationFilterChain.internalDoFilter(ApplicationFilterChain.java:210)
		at org.apache.catalina.core.ApplicationFilterChain.doFilter(ApplicationFilterChain.java:154)
		at org.apache.tomcat.websocket.server.WsFilter.doFilter(WsFilter.java:51)
		at org.apache.catalina.core.ApplicationFilterChain.internalDoFilter(ApplicationFilterChain.java:179)
		at org.apache.catalina.core.ApplicationFilterChain.doFilter(ApplicationFilterChain.java:154)
		at org.apache.catalina.core.StandardWrapperValve.invoke(StandardWrapperValve.java:168)
		at org.apache.catalina.core.StandardContextValve.invoke(StandardContextValve.java:90)
		at org.apache.catalina.authenticator.AuthenticatorBase.invoke(AuthenticatorBase.java:481)
		at org.apache.catalina.core.StandardHostValve.invoke(StandardHostValve.java:130)
		at org.apache.catalina.valves.ErrorReportValve.invoke(ErrorReportValve.java:93)
		at org.apache.catalina.valves.AbstractAccessLogValve.invoke(AbstractAccessLogValve.java:670)
		at org.apache.catalina.core.StandardEngineValve.invoke(StandardEngineValve.java:74)
		at org.apache.catalina.connector.CoyoteAdapter.service(CoyoteAdapter.java:346)
		at org.apache.coyote.http11.Http11Processor.service(Http11Processor.java:390)
		at org.apache.coyote.AbstractProcessorLight.process(AbstractProcessorLight.java:63)
		at org.apache.coyote.AbstractProtocol$ConnectionHandler.process(AbstractProtocol.java:928)
		at org.apache.tomcat.util.net.NioEndpoint$SocketProcessor.doRun(NioEndpoint.java:1786)
		at org.apache.tomcat.util.net.SocketProcessorBase.run(SocketProcessorBase.java:52)
		at org.apache.tomcat.util.threads.ThreadPoolExecutor.runWorker(ThreadPoolExecutor.java:1191)
		at org.apache.tomcat.util.threads.ThreadPoolExecutor$Worker.run(ThreadPoolExecutor.java:659)
		at org.apache.tomcat.util.threads.TaskThread$WrappingRunnable.run(TaskThread.java:63)
		at java.base/java.lang.Thread.run(Thread.java:1583)
