25-May-2026 15:27:21.014 INFO [main] org.apache.catalina.startup.VersionLoggerListener.log Server version name:   Apache Tomcat/9.0.87
25-May-2026 15:27:21.018 INFO [main] org.apache.catalina.startup.VersionLoggerListener.log Server built:          Mar 11 2024 10:12:34 UTC
25-May-2026 15:27:21.020 INFO [main] org.apache.catalina.startup.VersionLoggerListener.log Server version number: 9.0.87.0
25-May-2026 15:27:21.020 INFO [main] org.apache.catalina.startup.VersionLoggerListener.log OS Name:               Linux
25-May-2026 15:27:21.020 INFO [main] org.apache.catalina.startup.VersionLoggerListener.log OS Version:            6.6.114.1-microsoft-standard-WSL2
25-May-2026 15:27:21.020 INFO [main] org.apache.catalina.startup.VersionLoggerListener.log Architecture:          amd64
25-May-2026 15:27:21.020 INFO [main] org.apache.catalina.startup.VersionLoggerListener.log Java Home:             /usr/lib/jvm/java-21-openjdk-amd64
25-May-2026 15:27:21.020 INFO [main] org.apache.catalina.startup.VersionLoggerListener.log JVM Version:           21.0.8+9-Ubuntu-0ubuntu122.04.1
25-May-2026 15:27:21.020 INFO [main] org.apache.catalina.startup.VersionLoggerListener.log JVM Vendor:            Ubuntu
25-May-2026 15:27:21.020 INFO [main] org.apache.catalina.startup.VersionLoggerListener.log CATALINA_BASE:         /home/mumuzinho/www/Trabalho-banco-de-dados-I/backend/apache-tomcat-9.0.87
25-May-2026 15:27:21.020 INFO [main] org.apache.catalina.startup.VersionLoggerListener.log CATALINA_HOME:         /home/mumuzinho/www/Trabalho-banco-de-dados-I/backend/apache-tomcat-9.0.87
25-May-2026 15:27:21.034 INFO [main] org.apache.catalina.startup.VersionLoggerListener.log Command line argument: --add-opens=java.base/java.lang=ALL-UNNAMED
25-May-2026 15:27:21.034 INFO [main] org.apache.catalina.startup.VersionLoggerListener.log Command line argument: --add-opens=java.base/java.io=ALL-UNNAMED
25-May-2026 15:27:21.034 INFO [main] org.apache.catalina.startup.VersionLoggerListener.log Command line argument: --add-opens=java.base/java.util=ALL-UNNAMED
25-May-2026 15:27:21.034 INFO [main] org.apache.catalina.startup.VersionLoggerListener.log Command line argument: --add-opens=java.base/java.util.concurrent=ALL-UNNAMED
25-May-2026 15:27:21.034 INFO [main] org.apache.catalina.startup.VersionLoggerListener.log Command line argument: --add-opens=java.rmi/sun.rmi.transport=ALL-UNNAMED
25-May-2026 15:27:21.034 INFO [main] org.apache.catalina.startup.VersionLoggerListener.log Command line argument: -Djava.util.logging.config.file=/home/mumuzinho/www/Trabalho-banco-de-dados-I/backend/apache-tomcat-9.0.87/conf/logging.properties
25-May-2026 15:27:21.035 INFO [main] org.apache.catalina.startup.VersionLoggerListener.log Command line argument: -Djava.util.logging.manager=org.apache.juli.ClassLoaderLogManager
25-May-2026 15:27:21.035 INFO [main] org.apache.catalina.startup.VersionLoggerListener.log Command line argument: -Djdk.tls.ephemeralDHKeySize=2048
25-May-2026 15:27:21.035 INFO [main] org.apache.catalina.startup.VersionLoggerListener.log Command line argument: -Djava.protocol.handler.pkgs=org.apache.catalina.webresources
25-May-2026 15:27:21.035 INFO [main] org.apache.catalina.startup.VersionLoggerListener.log Command line argument: -Dorg.apache.catalina.security.SecurityListener.UMASK=0027
25-May-2026 15:27:21.035 INFO [main] org.apache.catalina.startup.VersionLoggerListener.log Command line argument: -Dignore.endorsed.dirs=
25-May-2026 15:27:21.035 INFO [main] org.apache.catalina.startup.VersionLoggerListener.log Command line argument: -Dcatalina.base=/home/mumuzinho/www/Trabalho-banco-de-dados-I/backend/apache-tomcat-9.0.87
25-May-2026 15:27:21.035 INFO [main] org.apache.catalina.startup.VersionLoggerListener.log Command line argument: -Dcatalina.home=/home/mumuzinho/www/Trabalho-banco-de-dados-I/backend/apache-tomcat-9.0.87
25-May-2026 15:27:21.035 INFO [main] org.apache.catalina.startup.VersionLoggerListener.log Command line argument: -Djava.io.tmpdir=/home/mumuzinho/www/Trabalho-banco-de-dados-I/backend/apache-tomcat-9.0.87/temp
25-May-2026 15:27:21.040 INFO [main] org.apache.catalina.core.AprLifecycleListener.lifecycleEvent The Apache Tomcat Native library which allows using OpenSSL was not found on the java.library.path: [/usr/java/packages/lib:/usr/lib/x86_64-linux-gnu/jni:/lib/x86_64-linux-gnu:/usr/lib/x86_64-linux-gnu:/usr/lib/jni:/lib:/usr/lib]
25-May-2026 15:27:21.398 INFO [main] org.apache.coyote.AbstractProtocol.init Initializing ProtocolHandler ["http-nio-8080"]
25-May-2026 15:27:21.422 INFO [main] org.apache.catalina.startup.Catalina.load Server initialization in [573] milliseconds
25-May-2026 15:27:21.461 INFO [main] org.apache.catalina.core.StandardService.startInternal Starting service [Catalina]
25-May-2026 15:27:21.463 INFO [main] org.apache.catalina.core.StandardEngine.startInternal Starting Servlet engine: [Apache Tomcat/9.0.87]
25-May-2026 15:27:21.478 INFO [main] org.apache.catalina.startup.HostConfig.deployWAR Deploying web application archive [/home/mumuzinho/www/Trabalho-banco-de-dados-I/backend/apache-tomcat-9.0.87/webapps/bd2022.war]
25-May-2026 15:27:21.967 INFO [main] org.apache.jasper.servlet.TldScanner.scanJars At least one JAR was scanned for TLDs yet contained no TLDs. Enable debug logging for this logger for a complete list of JARs that were scanned but no TLDs were found in them. Skipping unneeded JARs during scanning can improve startup time and JSP compilation time.
25-May-2026 15:27:22.008 INFO [main] org.apache.catalina.startup.HostConfig.deployWAR Deployment of web application archive [/home/mumuzinho/www/Trabalho-banco-de-dados-I/backend/apache-tomcat-9.0.87/webapps/bd2022.war] has finished in [530] ms
25-May-2026 15:27:22.009 INFO [main] org.apache.catalina.startup.HostConfig.deployDirectory Deploying web application directory [/home/mumuzinho/www/Trabalho-banco-de-dados-I/backend/apache-tomcat-9.0.87/webapps/manager]
25-May-2026 15:27:22.041 INFO [main] org.apache.catalina.startup.HostConfig.deployDirectory Deployment of web application directory [/home/mumuzinho/www/Trabalho-banco-de-dados-I/backend/apache-tomcat-9.0.87/webapps/manager] has finished in [32] ms
25-May-2026 15:27:22.041 INFO [main] org.apache.catalina.startup.HostConfig.deployDirectory Deploying web application directory [/home/mumuzinho/www/Trabalho-banco-de-dados-I/backend/apache-tomcat-9.0.87/webapps/examples]
25-May-2026 15:27:22.193 INFO [main] org.apache.catalina.startup.HostConfig.deployDirectory Deployment of web application directory [/home/mumuzinho/www/Trabalho-banco-de-dados-I/backend/apache-tomcat-9.0.87/webapps/examples] has finished in [151] ms
25-May-2026 15:27:22.193 INFO [main] org.apache.catalina.startup.HostConfig.deployDirectory Deploying web application directory [/home/mumuzinho/www/Trabalho-banco-de-dados-I/backend/apache-tomcat-9.0.87/webapps/docs]
25-May-2026 15:27:22.206 INFO [main] org.apache.catalina.startup.HostConfig.deployDirectory Deployment of web application directory [/home/mumuzinho/www/Trabalho-banco-de-dados-I/backend/apache-tomcat-9.0.87/webapps/docs] has finished in [13] ms
25-May-2026 15:27:22.206 INFO [main] org.apache.catalina.startup.HostConfig.deployDirectory Deploying web application directory [/home/mumuzinho/www/Trabalho-banco-de-dados-I/backend/apache-tomcat-9.0.87/webapps/ROOT]
25-May-2026 15:27:22.218 INFO [main] org.apache.catalina.startup.HostConfig.deployDirectory Deployment of web application directory [/home/mumuzinho/www/Trabalho-banco-de-dados-I/backend/apache-tomcat-9.0.87/webapps/ROOT] has finished in [12] ms
25-May-2026 15:27:22.218 INFO [main] org.apache.catalina.startup.HostConfig.deployDirectory Deploying web application directory [/home/mumuzinho/www/Trabalho-banco-de-dados-I/backend/apache-tomcat-9.0.87/webapps/host-manager]
25-May-2026 15:27:22.241 INFO [main] org.apache.catalina.startup.HostConfig.deployDirectory Deployment of web application directory [/home/mumuzinho/www/Trabalho-banco-de-dados-I/backend/apache-tomcat-9.0.87/webapps/host-manager] has finished in [23] ms
25-May-2026 15:27:22.246 INFO [main] org.apache.coyote.AbstractProtocol.start Starting ProtocolHandler ["http-nio-8080"]
25-May-2026 15:27:22.261 INFO [main] org.apache.catalina.startup.Catalina.start Server startup in [837] milliseconds
25-May-2026 15:38:42.379 INFO [main] org.apache.catalina.core.StandardServer.await A valid shutdown command was received via the shutdown port. Stopping the Server instance.
25-May-2026 15:38:42.380 INFO [main] org.apache.coyote.AbstractProtocol.pause Pausing ProtocolHandler ["http-nio-8080"]
25-May-2026 15:38:42.389 INFO [main] org.apache.catalina.core.StandardService.stopInternal Stopping service [Catalina]
25-May-2026 15:38:42.417 INFO [main] org.apache.coyote.AbstractProtocol.stop Stopping ProtocolHandler ["http-nio-8080"]
25-May-2026 15:38:42.426 INFO [main] org.apache.coyote.AbstractProtocol.destroy Destroying ProtocolHandler ["http-nio-8080"]
25-May-2026 16:58:31.109 INFO [main] org.apache.catalina.startup.VersionLoggerListener.log Server version name:   Apache Tomcat/9.0.87
25-May-2026 16:58:31.114 INFO [main] org.apache.catalina.startup.VersionLoggerListener.log Server built:          Mar 11 2024 10:12:34 UTC
25-May-2026 16:58:31.114 INFO [main] org.apache.catalina.startup.VersionLoggerListener.log Server version number: 9.0.87.0
25-May-2026 16:58:31.114 INFO [main] org.apache.catalina.startup.VersionLoggerListener.log OS Name:               Linux
25-May-2026 16:58:31.114 INFO [main] org.apache.catalina.startup.VersionLoggerListener.log OS Version:            6.6.114.1-microsoft-standard-WSL2
25-May-2026 16:58:31.114 INFO [main] org.apache.catalina.startup.VersionLoggerListener.log Architecture:          amd64
25-May-2026 16:58:31.114 INFO [main] org.apache.catalina.startup.VersionLoggerListener.log Java Home:             /usr/lib/jvm/java-21-openjdk-amd64
25-May-2026 16:58:31.114 INFO [main] org.apache.catalina.startup.VersionLoggerListener.log JVM Version:           21.0.8+9-Ubuntu-0ubuntu122.04.1
25-May-2026 16:58:31.114 INFO [main] org.apache.catalina.startup.VersionLoggerListener.log JVM Vendor:            Ubuntu
25-May-2026 16:58:31.114 INFO [main] org.apache.catalina.startup.VersionLoggerListener.log CATALINA_BASE:         /home/mumuzinho/www/Trabalho-banco-de-dados-I/backend/apache-tomcat-9.0.87
25-May-2026 16:58:31.114 INFO [main] org.apache.catalina.startup.VersionLoggerListener.log CATALINA_HOME:         /home/mumuzinho/www/Trabalho-banco-de-dados-I/backend/apache-tomcat-9.0.87
25-May-2026 16:58:31.131 INFO [main] org.apache.catalina.startup.VersionLoggerListener.log Command line argument: --add-opens=java.base/java.lang=ALL-UNNAMED
25-May-2026 16:58:31.131 INFO [main] org.apache.catalina.startup.VersionLoggerListener.log Command line argument: --add-opens=java.base/java.io=ALL-UNNAMED
25-May-2026 16:58:31.131 INFO [main] org.apache.catalina.startup.VersionLoggerListener.log Command line argument: --add-opens=java.base/java.util=ALL-UNNAMED
25-May-2026 16:58:31.131 INFO [main] org.apache.catalina.startup.VersionLoggerListener.log Command line argument: --add-opens=java.base/java.util.concurrent=ALL-UNNAMED
25-May-2026 16:58:31.131 INFO [main] org.apache.catalina.startup.VersionLoggerListener.log Command line argument: --add-opens=java.rmi/sun.rmi.transport=ALL-UNNAMED
25-May-2026 16:58:31.131 INFO [main] org.apache.catalina.startup.VersionLoggerListener.log Command line argument: -Djava.util.logging.config.file=/home/mumuzinho/www/Trabalho-banco-de-dados-I/backend/apache-tomcat-9.0.87/conf/logging.properties
25-May-2026 16:58:31.132 INFO [main] org.apache.catalina.startup.VersionLoggerListener.log Command line argument: -Djava.util.logging.manager=org.apache.juli.ClassLoaderLogManager
25-May-2026 16:58:31.132 INFO [main] org.apache.catalina.startup.VersionLoggerListener.log Command line argument: -Djdk.tls.ephemeralDHKeySize=2048
25-May-2026 16:58:31.132 INFO [main] org.apache.catalina.startup.VersionLoggerListener.log Command line argument: -Djava.protocol.handler.pkgs=org.apache.catalina.webresources
25-May-2026 16:58:31.132 INFO [main] org.apache.catalina.startup.VersionLoggerListener.log Command line argument: -Dorg.apache.catalina.security.SecurityListener.UMASK=0027
25-May-2026 16:58:31.132 INFO [main] org.apache.catalina.startup.VersionLoggerListener.log Command line argument: -Dignore.endorsed.dirs=
25-May-2026 16:58:31.132 INFO [main] org.apache.catalina.startup.VersionLoggerListener.log Command line argument: -Dcatalina.base=/home/mumuzinho/www/Trabalho-banco-de-dados-I/backend/apache-tomcat-9.0.87
25-May-2026 16:58:31.132 INFO [main] org.apache.catalina.startup.VersionLoggerListener.log Command line argument: -Dcatalina.home=/home/mumuzinho/www/Trabalho-banco-de-dados-I/backend/apache-tomcat-9.0.87
25-May-2026 16:58:31.132 INFO [main] org.apache.catalina.startup.VersionLoggerListener.log Command line argument: -Djava.io.tmpdir=/home/mumuzinho/www/Trabalho-banco-de-dados-I/backend/apache-tomcat-9.0.87/temp
25-May-2026 16:58:31.134 INFO [main] org.apache.catalina.core.AprLifecycleListener.lifecycleEvent The Apache Tomcat Native library which allows using OpenSSL was not found on the java.library.path: [/usr/java/packages/lib:/usr/lib/x86_64-linux-gnu/jni:/lib/x86_64-linux-gnu:/usr/lib/x86_64-linux-gnu:/usr/lib/jni:/lib:/usr/lib]
25-May-2026 16:58:31.480 INFO [main] org.apache.coyote.AbstractProtocol.init Initializing ProtocolHandler ["http-nio-8080"]
25-May-2026 16:58:31.510 INFO [main] org.apache.catalina.startup.Catalina.load Server initialization in [662] milliseconds
25-May-2026 16:58:31.556 INFO [main] org.apache.catalina.core.StandardService.startInternal Starting service [Catalina]
25-May-2026 16:58:31.557 INFO [main] org.apache.catalina.core.StandardEngine.startInternal Starting Servlet engine: [Apache Tomcat/9.0.87]
25-May-2026 16:58:31.570 INFO [main] org.apache.catalina.startup.HostConfig.deployWAR Deploying web application archive [/home/mumuzinho/www/Trabalho-banco-de-dados-I/backend/apache-tomcat-9.0.87/webapps/bd2022.war]
25-May-2026 16:58:32.078 INFO [main] org.apache.jasper.servlet.TldScanner.scanJars At least one JAR was scanned for TLDs yet contained no TLDs. Enable debug logging for this logger for a complete list of JARs that were scanned but no TLDs were found in them. Skipping unneeded JARs during scanning can improve startup time and JSP compilation time.
25-May-2026 16:58:32.131 INFO [main] org.apache.catalina.startup.HostConfig.deployWAR Deployment of web application archive [/home/mumuzinho/www/Trabalho-banco-de-dados-I/backend/apache-tomcat-9.0.87/webapps/bd2022.war] has finished in [558] ms
25-May-2026 16:58:32.131 INFO [main] org.apache.catalina.startup.HostConfig.deployDirectory Deploying web application directory [/home/mumuzinho/www/Trabalho-banco-de-dados-I/backend/apache-tomcat-9.0.87/webapps/manager]
25-May-2026 16:58:32.172 INFO [main] org.apache.catalina.startup.HostConfig.deployDirectory Deployment of web application directory [/home/mumuzinho/www/Trabalho-banco-de-dados-I/backend/apache-tomcat-9.0.87/webapps/manager] has finished in [41] ms
25-May-2026 16:58:32.172 INFO [main] org.apache.catalina.startup.HostConfig.deployDirectory Deploying web application directory [/home/mumuzinho/www/Trabalho-banco-de-dados-I/backend/apache-tomcat-9.0.87/webapps/examples]
25-May-2026 16:58:32.361 INFO [main] org.apache.catalina.startup.HostConfig.deployDirectory Deployment of web application directory [/home/mumuzinho/www/Trabalho-banco-de-dados-I/backend/apache-tomcat-9.0.87/webapps/examples] has finished in [189] ms
25-May-2026 16:58:32.362 INFO [main] org.apache.catalina.startup.HostConfig.deployDirectory Deploying web application directory [/home/mumuzinho/www/Trabalho-banco-de-dados-I/backend/apache-tomcat-9.0.87/webapps/docs]
25-May-2026 16:58:32.381 INFO [main] org.apache.catalina.startup.HostConfig.deployDirectory Deployment of web application directory [/home/mumuzinho/www/Trabalho-banco-de-dados-I/backend/apache-tomcat-9.0.87/webapps/docs] has finished in [19] ms
25-May-2026 16:58:32.381 INFO [main] org.apache.catalina.startup.HostConfig.deployDirectory Deploying web application directory [/home/mumuzinho/www/Trabalho-banco-de-dados-I/backend/apache-tomcat-9.0.87/webapps/ROOT]
25-May-2026 16:58:32.401 INFO [main] org.apache.catalina.startup.HostConfig.deployDirectory Deployment of web application directory [/home/mumuzinho/www/Trabalho-banco-de-dados-I/backend/apache-tomcat-9.0.87/webapps/ROOT] has finished in [20] ms
25-May-2026 16:58:32.401 INFO [main] org.apache.catalina.startup.HostConfig.deployDirectory Deploying web application directory [/home/mumuzinho/www/Trabalho-banco-de-dados-I/backend/apache-tomcat-9.0.87/webapps/host-manager]
25-May-2026 16:58:32.424 INFO [main] org.apache.catalina.startup.HostConfig.deployDirectory Deployment of web application directory [/home/mumuzinho/www/Trabalho-banco-de-dados-I/backend/apache-tomcat-9.0.87/webapps/host-manager] has finished in [23] ms
25-May-2026 16:58:32.429 INFO [main] org.apache.coyote.AbstractProtocol.start Starting ProtocolHandler ["http-nio-8080"]
25-May-2026 16:58:32.439 INFO [main] org.apache.catalina.startup.Catalina.start Server startup in [926] milliseconds
25-May-2026 16:58:50.252 INFO [main] org.apache.catalina.core.StandardServer.await A valid shutdown command was received via the shutdown port. Stopping the Server instance.
25-May-2026 16:58:50.252 INFO [main] org.apache.coyote.AbstractProtocol.pause Pausing ProtocolHandler ["http-nio-8080"]
25-May-2026 16:58:50.258 INFO [main] org.apache.catalina.core.StandardService.stopInternal Stopping service [Catalina]
25-May-2026 16:58:50.279 INFO [main] org.apache.coyote.AbstractProtocol.stop Stopping ProtocolHandler ["http-nio-8080"]
25-May-2026 16:58:50.286 INFO [main] org.apache.coyote.AbstractProtocol.destroy Destroying ProtocolHandler ["http-nio-8080"]
25-May-2026 17:42:54.365 INFO [main] org.apache.catalina.startup.VersionLoggerListener.log Server version name:   Apache Tomcat/9.0.87
25-May-2026 17:42:54.368 INFO [main] org.apache.catalina.startup.VersionLoggerListener.log Server built:          Mar 11 2024 10:12:34 UTC
25-May-2026 17:42:54.368 INFO [main] org.apache.catalina.startup.VersionLoggerListener.log Server version number: 9.0.87.0
25-May-2026 17:42:54.368 INFO [main] org.apache.catalina.startup.VersionLoggerListener.log OS Name:               Linux
25-May-2026 17:42:54.368 INFO [main] org.apache.catalina.startup.VersionLoggerListener.log OS Version:            6.6.114.1-microsoft-standard-WSL2
25-May-2026 17:42:54.368 INFO [main] org.apache.catalina.startup.VersionLoggerListener.log Architecture:          amd64
25-May-2026 17:42:54.368 INFO [main] org.apache.catalina.startup.VersionLoggerListener.log Java Home:             /usr/lib/jvm/java-21-openjdk-amd64
25-May-2026 17:42:54.369 INFO [main] org.apache.catalina.startup.VersionLoggerListener.log JVM Version:           21.0.8+9-Ubuntu-0ubuntu122.04.1
25-May-2026 17:42:54.369 INFO [main] org.apache.catalina.startup.VersionLoggerListener.log JVM Vendor:            Ubuntu
25-May-2026 17:42:54.369 INFO [main] org.apache.catalina.startup.VersionLoggerListener.log CATALINA_BASE:         /home/mumuzinho/www/Trabalho-banco-de-dados-I/backend/apache-tomcat-9.0.87
25-May-2026 17:42:54.369 INFO [main] org.apache.catalina.startup.VersionLoggerListener.log CATALINA_HOME:         /home/mumuzinho/www/Trabalho-banco-de-dados-I/backend/apache-tomcat-9.0.87
25-May-2026 17:42:54.386 INFO [main] org.apache.catalina.startup.VersionLoggerListener.log Command line argument: --add-opens=java.base/java.lang=ALL-UNNAMED
25-May-2026 17:42:54.386 INFO [main] org.apache.catalina.startup.VersionLoggerListener.log Command line argument: --add-opens=java.base/java.io=ALL-UNNAMED
25-May-2026 17:42:54.386 INFO [main] org.apache.catalina.startup.VersionLoggerListener.log Command line argument: --add-opens=java.base/java.util=ALL-UNNAMED
25-May-2026 17:42:54.386 INFO [main] org.apache.catalina.startup.VersionLoggerListener.log Command line argument: --add-opens=java.base/java.util.concurrent=ALL-UNNAMED
25-May-2026 17:42:54.386 INFO [main] org.apache.catalina.startup.VersionLoggerListener.log Command line argument: --add-opens=java.rmi/sun.rmi.transport=ALL-UNNAMED
25-May-2026 17:42:54.386 INFO [main] org.apache.catalina.startup.VersionLoggerListener.log Command line argument: -Djava.util.logging.config.file=/home/mumuzinho/www/Trabalho-banco-de-dados-I/backend/apache-tomcat-9.0.87/conf/logging.properties
25-May-2026 17:42:54.386 INFO [main] org.apache.catalina.startup.VersionLoggerListener.log Command line argument: -Djava.util.logging.manager=org.apache.juli.ClassLoaderLogManager
25-May-2026 17:42:54.386 INFO [main] org.apache.catalina.startup.VersionLoggerListener.log Command line argument: -Djdk.tls.ephemeralDHKeySize=2048
25-May-2026 17:42:54.387 INFO [main] org.apache.catalina.startup.VersionLoggerListener.log Command line argument: -Djava.protocol.handler.pkgs=org.apache.catalina.webresources
25-May-2026 17:42:54.387 INFO [main] org.apache.catalina.startup.VersionLoggerListener.log Command line argument: -Dorg.apache.catalina.security.SecurityListener.UMASK=0027
25-May-2026 17:42:54.387 INFO [main] org.apache.catalina.startup.VersionLoggerListener.log Command line argument: -Dignore.endorsed.dirs=
25-May-2026 17:42:54.387 INFO [main] org.apache.catalina.startup.VersionLoggerListener.log Command line argument: -Dcatalina.base=/home/mumuzinho/www/Trabalho-banco-de-dados-I/backend/apache-tomcat-9.0.87
25-May-2026 17:42:54.387 INFO [main] org.apache.catalina.startup.VersionLoggerListener.log Command line argument: -Dcatalina.home=/home/mumuzinho/www/Trabalho-banco-de-dados-I/backend/apache-tomcat-9.0.87
25-May-2026 17:42:54.387 INFO [main] org.apache.catalina.startup.VersionLoggerListener.log Command line argument: -Djava.io.tmpdir=/home/mumuzinho/www/Trabalho-banco-de-dados-I/backend/apache-tomcat-9.0.87/temp
25-May-2026 17:42:54.390 INFO [main] org.apache.catalina.core.AprLifecycleListener.lifecycleEvent The Apache Tomcat Native library which allows using OpenSSL was not found on the java.library.path: [/usr/java/packages/lib:/usr/lib/x86_64-linux-gnu/jni:/lib/x86_64-linux-gnu:/usr/lib/x86_64-linux-gnu:/usr/lib/jni:/lib:/usr/lib]
25-May-2026 17:42:54.761 INFO [main] org.apache.coyote.AbstractProtocol.init Initializing ProtocolHandler ["http-nio-8080"]
25-May-2026 17:42:54.791 INFO [main] org.apache.catalina.startup.Catalina.load Server initialization in [698] milliseconds
25-May-2026 17:42:54.827 INFO [main] org.apache.catalina.core.StandardService.startInternal Starting service [Catalina]
25-May-2026 17:42:54.827 INFO [main] org.apache.catalina.core.StandardEngine.startInternal Starting Servlet engine: [Apache Tomcat/9.0.87]
25-May-2026 17:42:54.839 INFO [main] org.apache.catalina.startup.HostConfig.deployWAR Deploying web application archive [/home/mumuzinho/www/Trabalho-banco-de-dados-I/backend/apache-tomcat-9.0.87/webapps/bd2022.war]
25-May-2026 17:42:55.391 INFO [main] org.apache.jasper.servlet.TldScanner.scanJars At least one JAR was scanned for TLDs yet contained no TLDs. Enable debug logging for this logger for a complete list of JARs that were scanned but no TLDs were found in them. Skipping unneeded JARs during scanning can improve startup time and JSP compilation time.
25-May-2026 17:42:55.444 INFO [main] org.apache.catalina.startup.HostConfig.deployWAR Deployment of web application archive [/home/mumuzinho/www/Trabalho-banco-de-dados-I/backend/apache-tomcat-9.0.87/webapps/bd2022.war] has finished in [605] ms
25-May-2026 17:42:55.445 INFO [main] org.apache.catalina.startup.HostConfig.deployDirectory Deploying web application directory [/home/mumuzinho/www/Trabalho-banco-de-dados-I/backend/apache-tomcat-9.0.87/webapps/manager]
25-May-2026 17:42:55.491 INFO [main] org.apache.catalina.startup.HostConfig.deployDirectory Deployment of web application directory [/home/mumuzinho/www/Trabalho-banco-de-dados-I/backend/apache-tomcat-9.0.87/webapps/manager] has finished in [45] ms
25-May-2026 17:42:55.491 INFO [main] org.apache.catalina.startup.HostConfig.deployDirectory Deploying web application directory [/home/mumuzinho/www/Trabalho-banco-de-dados-I/backend/apache-tomcat-9.0.87/webapps/examples]
25-May-2026 17:42:55.683 INFO [main] org.apache.catalina.startup.HostConfig.deployDirectory Deployment of web application directory [/home/mumuzinho/www/Trabalho-banco-de-dados-I/backend/apache-tomcat-9.0.87/webapps/examples] has finished in [192] ms
25-May-2026 17:42:55.684 INFO [main] org.apache.catalina.startup.HostConfig.deployDirectory Deploying web application directory [/home/mumuzinho/www/Trabalho-banco-de-dados-I/backend/apache-tomcat-9.0.87/webapps/docs]
25-May-2026 17:42:55.706 INFO [main] org.apache.catalina.startup.HostConfig.deployDirectory Deployment of web application directory [/home/mumuzinho/www/Trabalho-banco-de-dados-I/backend/apache-tomcat-9.0.87/webapps/docs] has finished in [21] ms
25-May-2026 17:42:55.706 INFO [main] org.apache.catalina.startup.HostConfig.deployDirectory Deploying web application directory [/home/mumuzinho/www/Trabalho-banco-de-dados-I/backend/apache-tomcat-9.0.87/webapps/ROOT]
25-May-2026 17:42:55.726 INFO [main] org.apache.catalina.startup.HostConfig.deployDirectory Deployment of web application directory [/home/mumuzinho/www/Trabalho-banco-de-dados-I/backend/apache-tomcat-9.0.87/webapps/ROOT] has finished in [19] ms
25-May-2026 17:42:55.726 INFO [main] org.apache.catalina.startup.HostConfig.deployDirectory Deploying web application directory [/home/mumuzinho/www/Trabalho-banco-de-dados-I/backend/apache-tomcat-9.0.87/webapps/host-manager]
25-May-2026 17:42:55.758 INFO [main] org.apache.catalina.startup.HostConfig.deployDirectory Deployment of web application directory [/home/mumuzinho/www/Trabalho-banco-de-dados-I/backend/apache-tomcat-9.0.87/webapps/host-manager] has finished in [32] ms
25-May-2026 17:42:55.762 INFO [main] org.apache.coyote.AbstractProtocol.start Starting ProtocolHandler ["http-nio-8080"]
25-May-2026 17:42:55.776 INFO [main] org.apache.catalina.startup.Catalina.start Server startup in [984] milliseconds
25-May-2026 17:43:22.858 INFO [main] org.apache.catalina.core.StandardServer.await A valid shutdown command was received via the shutdown port. Stopping the Server instance.
25-May-2026 17:43:22.859 INFO [main] org.apache.coyote.AbstractProtocol.pause Pausing ProtocolHandler ["http-nio-8080"]
25-May-2026 17:43:22.865 INFO [main] org.apache.catalina.core.StandardService.stopInternal Stopping service [Catalina]
25-May-2026 17:43:22.900 INFO [main] org.apache.coyote.AbstractProtocol.stop Stopping ProtocolHandler ["http-nio-8080"]
25-May-2026 17:43:22.914 INFO [main] org.apache.coyote.AbstractProtocol.destroy Destroying ProtocolHandler ["http-nio-8080"]
25-May-2026 17:43:51.158 INFO [main] org.apache.catalina.startup.VersionLoggerListener.log Server version name:   Apache Tomcat/9.0.87
25-May-2026 17:43:51.170 INFO [main] org.apache.catalina.startup.VersionLoggerListener.log Server built:          Mar 11 2024 10:12:34 UTC
25-May-2026 17:43:51.170 INFO [main] org.apache.catalina.startup.VersionLoggerListener.log Server version number: 9.0.87.0
25-May-2026 17:43:51.170 INFO [main] org.apache.catalina.startup.VersionLoggerListener.log OS Name:               Linux
25-May-2026 17:43:51.170 INFO [main] org.apache.catalina.startup.VersionLoggerListener.log OS Version:            6.6.114.1-microsoft-standard-WSL2
25-May-2026 17:43:51.170 INFO [main] org.apache.catalina.startup.VersionLoggerListener.log Architecture:          amd64
25-May-2026 17:43:51.170 INFO [main] org.apache.catalina.startup.VersionLoggerListener.log Java Home:             /usr/lib/jvm/java-21-openjdk-amd64
25-May-2026 17:43:51.170 INFO [main] org.apache.catalina.startup.VersionLoggerListener.log JVM Version:           21.0.8+9-Ubuntu-0ubuntu122.04.1
25-May-2026 17:43:51.170 INFO [main] org.apache.catalina.startup.VersionLoggerListener.log JVM Vendor:            Ubuntu
25-May-2026 17:43:51.171 INFO [main] org.apache.catalina.startup.VersionLoggerListener.log CATALINA_BASE:         /home/mumuzinho/www/Trabalho-banco-de-dados-I/backend/apache-tomcat-9.0.87
25-May-2026 17:43:51.171 INFO [main] org.apache.catalina.startup.VersionLoggerListener.log CATALINA_HOME:         /home/mumuzinho/www/Trabalho-banco-de-dados-I/backend/apache-tomcat-9.0.87
25-May-2026 17:43:51.178 INFO [main] org.apache.catalina.startup.VersionLoggerListener.log Command line argument: --add-opens=java.base/java.lang=ALL-UNNAMED
25-May-2026 17:43:51.178 INFO [main] org.apache.catalina.startup.VersionLoggerListener.log Command line argument: --add-opens=java.base/java.io=ALL-UNNAMED
25-May-2026 17:43:51.178 INFO [main] org.apache.catalina.startup.VersionLoggerListener.log Command line argument: --add-opens=java.base/java.util=ALL-UNNAMED
25-May-2026 17:43:51.178 INFO [main] org.apache.catalina.startup.VersionLoggerListener.log Command line argument: --add-opens=java.base/java.util.concurrent=ALL-UNNAMED
25-May-2026 17:43:51.178 INFO [main] org.apache.catalina.startup.VersionLoggerListener.log Command line argument: --add-opens=java.rmi/sun.rmi.transport=ALL-UNNAMED
25-May-2026 17:43:51.178 INFO [main] org.apache.catalina.startup.VersionLoggerListener.log Command line argument: -Djava.util.logging.config.file=/home/mumuzinho/www/Trabalho-banco-de-dados-I/backend/apache-tomcat-9.0.87/conf/logging.properties
25-May-2026 17:43:51.178 INFO [main] org.apache.catalina.startup.VersionLoggerListener.log Command line argument: -Djava.util.logging.manager=org.apache.juli.ClassLoaderLogManager
25-May-2026 17:43:51.178 INFO [main] org.apache.catalina.startup.VersionLoggerListener.log Command line argument: -Djdk.tls.ephemeralDHKeySize=2048
25-May-2026 17:43:51.178 INFO [main] org.apache.catalina.startup.VersionLoggerListener.log Command line argument: -Djava.protocol.handler.pkgs=org.apache.catalina.webresources
25-May-2026 17:43:51.179 INFO [main] org.apache.catalina.startup.VersionLoggerListener.log Command line argument: -Dorg.apache.catalina.security.SecurityListener.UMASK=0027
25-May-2026 17:43:51.179 INFO [main] org.apache.catalina.startup.VersionLoggerListener.log Command line argument: -Dignore.endorsed.dirs=
25-May-2026 17:43:51.179 INFO [main] org.apache.catalina.startup.VersionLoggerListener.log Command line argument: -Dcatalina.base=/home/mumuzinho/www/Trabalho-banco-de-dados-I/backend/apache-tomcat-9.0.87
25-May-2026 17:43:51.179 INFO [main] org.apache.catalina.startup.VersionLoggerListener.log Command line argument: -Dcatalina.home=/home/mumuzinho/www/Trabalho-banco-de-dados-I/backend/apache-tomcat-9.0.87
25-May-2026 17:43:51.179 INFO [main] org.apache.catalina.startup.VersionLoggerListener.log Command line argument: -Djava.io.tmpdir=/home/mumuzinho/www/Trabalho-banco-de-dados-I/backend/apache-tomcat-9.0.87/temp
25-May-2026 17:43:51.180 INFO [main] org.apache.catalina.core.AprLifecycleListener.lifecycleEvent The Apache Tomcat Native library which allows using OpenSSL was not found on the java.library.path: [/usr/java/packages/lib:/usr/lib/x86_64-linux-gnu/jni:/lib/x86_64-linux-gnu:/usr/lib/x86_64-linux-gnu:/usr/lib/jni:/lib:/usr/lib]
25-May-2026 17:43:51.514 INFO [main] org.apache.coyote.AbstractProtocol.init Initializing ProtocolHandler ["http-nio-8080"]
25-May-2026 17:43:51.536 INFO [main] org.apache.catalina.startup.Catalina.load Server initialization in [542] milliseconds
25-May-2026 17:43:51.581 INFO [main] org.apache.catalina.core.StandardService.startInternal Starting service [Catalina]
25-May-2026 17:43:51.581 INFO [main] org.apache.catalina.core.StandardEngine.startInternal Starting Servlet engine: [Apache Tomcat/9.0.87]
25-May-2026 17:43:51.593 INFO [main] org.apache.catalina.startup.HostConfig.deployWAR Deploying web application archive [/home/mumuzinho/www/Trabalho-banco-de-dados-I/backend/apache-tomcat-9.0.87/webapps/bd2022.war]
25-May-2026 17:43:52.031 INFO [main] org.apache.jasper.servlet.TldScanner.scanJars At least one JAR was scanned for TLDs yet contained no TLDs. Enable debug logging for this logger for a complete list of JARs that were scanned but no TLDs were found in them. Skipping unneeded JARs during scanning can improve startup time and JSP compilation time.
25-May-2026 17:43:52.067 INFO [main] org.apache.catalina.startup.HostConfig.deployWAR Deployment of web application archive [/home/mumuzinho/www/Trabalho-banco-de-dados-I/backend/apache-tomcat-9.0.87/webapps/bd2022.war] has finished in [473] ms
25-May-2026 17:43:52.067 INFO [main] org.apache.catalina.startup.HostConfig.deployDirectory Deploying web application directory [/home/mumuzinho/www/Trabalho-banco-de-dados-I/backend/apache-tomcat-9.0.87/webapps/manager]
25-May-2026 17:43:52.094 INFO [main] org.apache.catalina.startup.HostConfig.deployDirectory Deployment of web application directory [/home/mumuzinho/www/Trabalho-banco-de-dados-I/backend/apache-tomcat-9.0.87/webapps/manager] has finished in [27] ms
25-May-2026 17:43:52.095 INFO [main] org.apache.catalina.startup.HostConfig.deployDirectory Deploying web application directory [/home/mumuzinho/www/Trabalho-banco-de-dados-I/backend/apache-tomcat-9.0.87/webapps/examples]
25-May-2026 17:43:52.288 INFO [main] org.apache.catalina.startup.HostConfig.deployDirectory Deployment of web application directory [/home/mumuzinho/www/Trabalho-banco-de-dados-I/backend/apache-tomcat-9.0.87/webapps/examples] has finished in [193] ms
25-May-2026 17:43:52.290 INFO [main] org.apache.catalina.startup.HostConfig.deployDirectory Deploying web application directory [/home/mumuzinho/www/Trabalho-banco-de-dados-I/backend/apache-tomcat-9.0.87/webapps/docs]
25-May-2026 17:43:52.324 INFO [main] org.apache.catalina.startup.HostConfig.deployDirectory Deployment of web application directory [/home/mumuzinho/www/Trabalho-banco-de-dados-I/backend/apache-tomcat-9.0.87/webapps/docs] has finished in [34] ms
25-May-2026 17:43:52.324 INFO [main] org.apache.catalina.startup.HostConfig.deployDirectory Deploying web application directory [/home/mumuzinho/www/Trabalho-banco-de-dados-I/backend/apache-tomcat-9.0.87/webapps/ROOT]
25-May-2026 17:43:52.362 INFO [main] org.apache.catalina.startup.HostConfig.deployDirectory Deployment of web application directory [/home/mumuzinho/www/Trabalho-banco-de-dados-I/backend/apache-tomcat-9.0.87/webapps/ROOT] has finished in [37] ms
25-May-2026 17:43:52.362 INFO [main] org.apache.catalina.startup.HostConfig.deployDirectory Deploying web application directory [/home/mumuzinho/www/Trabalho-banco-de-dados-I/backend/apache-tomcat-9.0.87/webapps/host-manager]
25-May-2026 17:43:52.396 INFO [main] org.apache.catalina.startup.HostConfig.deployDirectory Deployment of web application directory [/home/mumuzinho/www/Trabalho-banco-de-dados-I/backend/apache-tomcat-9.0.87/webapps/host-manager] has finished in [34] ms
25-May-2026 17:43:52.400 INFO [main] org.apache.coyote.AbstractProtocol.start Starting ProtocolHandler ["http-nio-8080"]
25-May-2026 17:43:52.415 INFO [main] org.apache.catalina.startup.Catalina.start Server startup in [872] milliseconds
25-May-2026 17:45:03.572 INFO [main] org.apache.catalina.core.StandardServer.await A valid shutdown command was received via the shutdown port. Stopping the Server instance.
25-May-2026 17:45:03.572 INFO [main] org.apache.coyote.AbstractProtocol.pause Pausing ProtocolHandler ["http-nio-8080"]
25-May-2026 17:45:03.579 INFO [main] org.apache.catalina.core.StandardService.stopInternal Stopping service [Catalina]
25-May-2026 17:45:03.611 INFO [main] org.apache.coyote.AbstractProtocol.stop Stopping ProtocolHandler ["http-nio-8080"]
25-May-2026 17:45:03.621 INFO [main] org.apache.coyote.AbstractProtocol.destroy Destroying ProtocolHandler ["http-nio-8080"]
25-May-2026 17:45:07.839 INFO [main] org.apache.catalina.startup.VersionLoggerListener.log Server version name:   Apache Tomcat/9.0.87
25-May-2026 17:45:07.846 INFO [main] org.apache.catalina.startup.VersionLoggerListener.log Server built:          Mar 11 2024 10:12:34 UTC
25-May-2026 17:45:07.846 INFO [main] org.apache.catalina.startup.VersionLoggerListener.log Server version number: 9.0.87.0
25-May-2026 17:45:07.847 INFO [main] org.apache.catalina.startup.VersionLoggerListener.log OS Name:               Linux
25-May-2026 17:45:07.847 INFO [main] org.apache.catalina.startup.VersionLoggerListener.log OS Version:            6.6.114.1-microsoft-standard-WSL2
25-May-2026 17:45:07.847 INFO [main] org.apache.catalina.startup.VersionLoggerListener.log Architecture:          amd64
25-May-2026 17:45:07.847 INFO [main] org.apache.catalina.startup.VersionLoggerListener.log Java Home:             /usr/lib/jvm/java-21-openjdk-amd64
25-May-2026 17:45:07.847 INFO [main] org.apache.catalina.startup.VersionLoggerListener.log JVM Version:           21.0.8+9-Ubuntu-0ubuntu122.04.1
25-May-2026 17:45:07.847 INFO [main] org.apache.catalina.startup.VersionLoggerListener.log JVM Vendor:            Ubuntu
25-May-2026 17:45:07.847 INFO [main] org.apache.catalina.startup.VersionLoggerListener.log CATALINA_BASE:         /home/mumuzinho/www/Trabalho-banco-de-dados-I/backend/apache-tomcat-9.0.87
25-May-2026 17:45:07.847 INFO [main] org.apache.catalina.startup.VersionLoggerListener.log CATALINA_HOME:         /home/mumuzinho/www/Trabalho-banco-de-dados-I/backend/apache-tomcat-9.0.87
25-May-2026 17:45:07.854 INFO [main] org.apache.catalina.startup.VersionLoggerListener.log Command line argument: --add-opens=java.base/java.lang=ALL-UNNAMED
25-May-2026 17:45:07.854 INFO [main] org.apache.catalina.startup.VersionLoggerListener.log Command line argument: --add-opens=java.base/java.io=ALL-UNNAMED
25-May-2026 17:45:07.854 INFO [main] org.apache.catalina.startup.VersionLoggerListener.log Command line argument: --add-opens=java.base/java.util=ALL-UNNAMED
25-May-2026 17:45:07.854 INFO [main] org.apache.catalina.startup.VersionLoggerListener.log Command line argument: --add-opens=java.base/java.util.concurrent=ALL-UNNAMED
25-May-2026 17:45:07.854 INFO [main] org.apache.catalina.startup.VersionLoggerListener.log Command line argument: --add-opens=java.rmi/sun.rmi.transport=ALL-UNNAMED
25-May-2026 17:45:07.854 INFO [main] org.apache.catalina.startup.VersionLoggerListener.log Command line argument: -Djava.util.logging.config.file=/home/mumuzinho/www/Trabalho-banco-de-dados-I/backend/apache-tomcat-9.0.87/conf/logging.properties
25-May-2026 17:45:07.854 INFO [main] org.apache.catalina.startup.VersionLoggerListener.log Command line argument: -Djava.util.logging.manager=org.apache.juli.ClassLoaderLogManager
25-May-2026 17:45:07.854 INFO [main] org.apache.catalina.startup.VersionLoggerListener.log Command line argument: -Djdk.tls.ephemeralDHKeySize=2048
25-May-2026 17:45:07.854 INFO [main] org.apache.catalina.startup.VersionLoggerListener.log Command line argument: -Djava.protocol.handler.pkgs=org.apache.catalina.webresources
25-May-2026 17:45:07.854 INFO [main] org.apache.catalina.startup.VersionLoggerListener.log Command line argument: -Dorg.apache.catalina.security.SecurityListener.UMASK=0027
25-May-2026 17:45:07.854 INFO [main] org.apache.catalina.startup.VersionLoggerListener.log Command line argument: -Dignore.endorsed.dirs=
25-May-2026 17:45:07.854 INFO [main] org.apache.catalina.startup.VersionLoggerListener.log Command line argument: -Dcatalina.base=/home/mumuzinho/www/Trabalho-banco-de-dados-I/backend/apache-tomcat-9.0.87
25-May-2026 17:45:07.854 INFO [main] org.apache.catalina.startup.VersionLoggerListener.log Command line argument: -Dcatalina.home=/home/mumuzinho/www/Trabalho-banco-de-dados-I/backend/apache-tomcat-9.0.87
25-May-2026 17:45:07.854 INFO [main] org.apache.catalina.startup.VersionLoggerListener.log Command line argument: -Djava.io.tmpdir=/home/mumuzinho/www/Trabalho-banco-de-dados-I/backend/apache-tomcat-9.0.87/temp
25-May-2026 17:45:07.856 INFO [main] org.apache.catalina.core.AprLifecycleListener.lifecycleEvent The Apache Tomcat Native library which allows using OpenSSL was not found on the java.library.path: [/usr/java/packages/lib:/usr/lib/x86_64-linux-gnu/jni:/lib/x86_64-linux-gnu:/usr/lib/x86_64-linux-gnu:/usr/lib/jni:/lib:/usr/lib]
25-May-2026 17:45:08.296 INFO [main] org.apache.coyote.AbstractProtocol.init Initializing ProtocolHandler ["http-nio-8080"]
25-May-2026 17:45:08.320 INFO [main] org.apache.catalina.startup.Catalina.load Server initialization in [619] milliseconds
25-May-2026 17:45:08.354 INFO [main] org.apache.catalina.core.StandardService.startInternal Starting service [Catalina]
25-May-2026 17:45:08.354 INFO [main] org.apache.catalina.core.StandardEngine.startInternal Starting Servlet engine: [Apache Tomcat/9.0.87]
25-May-2026 17:45:08.365 INFO [main] org.apache.catalina.startup.HostConfig.deployWAR Deploying web application archive [/home/mumuzinho/www/Trabalho-banco-de-dados-I/backend/apache-tomcat-9.0.87/webapps/bd2022.war]
25-May-2026 17:45:08.827 INFO [main] org.apache.jasper.servlet.TldScanner.scanJars At least one JAR was scanned for TLDs yet contained no TLDs. Enable debug logging for this logger for a complete list of JARs that were scanned but no TLDs were found in them. Skipping unneeded JARs during scanning can improve startup time and JSP compilation time.
25-May-2026 17:45:08.860 INFO [main] org.apache.catalina.startup.HostConfig.deployWAR Deployment of web application archive [/home/mumuzinho/www/Trabalho-banco-de-dados-I/backend/apache-tomcat-9.0.87/webapps/bd2022.war] has finished in [495] ms
25-May-2026 17:45:08.861 INFO [main] org.apache.catalina.startup.HostConfig.deployDirectory Deploying web application directory [/home/mumuzinho/www/Trabalho-banco-de-dados-I/backend/apache-tomcat-9.0.87/webapps/manager]
25-May-2026 17:45:08.886 INFO [main] org.apache.catalina.startup.HostConfig.deployDirectory Deployment of web application directory [/home/mumuzinho/www/Trabalho-banco-de-dados-I/backend/apache-tomcat-9.0.87/webapps/manager] has finished in [25] ms
25-May-2026 17:45:08.887 INFO [main] org.apache.catalina.startup.HostConfig.deployDirectory Deploying web application directory [/home/mumuzinho/www/Trabalho-banco-de-dados-I/backend/apache-tomcat-9.0.87/webapps/examples]
25-May-2026 17:45:09.061 INFO [main] org.apache.catalina.startup.HostConfig.deployDirectory Deployment of web application directory [/home/mumuzinho/www/Trabalho-banco-de-dados-I/backend/apache-tomcat-9.0.87/webapps/examples] has finished in [174] ms
25-May-2026 17:45:09.063 INFO [main] org.apache.catalina.startup.HostConfig.deployDirectory Deploying web application directory [/home/mumuzinho/www/Trabalho-banco-de-dados-I/backend/apache-tomcat-9.0.87/webapps/docs]
25-May-2026 17:45:09.097 INFO [main] org.apache.catalina.startup.HostConfig.deployDirectory Deployment of web application directory [/home/mumuzinho/www/Trabalho-banco-de-dados-I/backend/apache-tomcat-9.0.87/webapps/docs] has finished in [34] ms
25-May-2026 17:45:09.098 INFO [main] org.apache.catalina.startup.HostConfig.deployDirectory Deploying web application directory [/home/mumuzinho/www/Trabalho-banco-de-dados-I/backend/apache-tomcat-9.0.87/webapps/ROOT]
25-May-2026 17:45:09.120 INFO [main] org.apache.catalina.startup.HostConfig.deployDirectory Deployment of web application directory [/home/mumuzinho/www/Trabalho-banco-de-dados-I/backend/apache-tomcat-9.0.87/webapps/ROOT] has finished in [23] ms
25-May-2026 17:45:09.123 INFO [main] org.apache.catalina.startup.HostConfig.deployDirectory Deploying web application directory [/home/mumuzinho/www/Trabalho-banco-de-dados-I/backend/apache-tomcat-9.0.87/webapps/host-manager]
25-May-2026 17:45:09.154 INFO [main] org.apache.catalina.startup.HostConfig.deployDirectory Deployment of web application directory [/home/mumuzinho/www/Trabalho-banco-de-dados-I/backend/apache-tomcat-9.0.87/webapps/host-manager] has finished in [32] ms
25-May-2026 17:45:09.163 INFO [main] org.apache.coyote.AbstractProtocol.start Starting ProtocolHandler ["http-nio-8080"]
25-May-2026 17:45:09.172 INFO [main] org.apache.catalina.startup.Catalina.start Server startup in [849] milliseconds
25-May-2026 17:48:49.406 INFO [main] org.apache.catalina.core.StandardServer.await A valid shutdown command was received via the shutdown port. Stopping the Server instance.
25-May-2026 17:48:49.407 INFO [main] org.apache.coyote.AbstractProtocol.pause Pausing ProtocolHandler ["http-nio-8080"]
25-May-2026 17:48:49.411 INFO [main] org.apache.catalina.core.StandardService.stopInternal Stopping service [Catalina]
25-May-2026 17:48:49.435 INFO [main] org.apache.coyote.AbstractProtocol.stop Stopping ProtocolHandler ["http-nio-8080"]
25-May-2026 17:48:49.439 INFO [main] org.apache.coyote.AbstractProtocol.destroy Destroying ProtocolHandler ["http-nio-8080"]
25-May-2026 17:49:00.859 INFO [main] org.apache.catalina.startup.VersionLoggerListener.log Server version name:   Apache Tomcat/9.0.87
25-May-2026 17:49:00.862 INFO [main] org.apache.catalina.startup.VersionLoggerListener.log Server built:          Mar 11 2024 10:12:34 UTC
25-May-2026 17:49:00.862 INFO [main] org.apache.catalina.startup.VersionLoggerListener.log Server version number: 9.0.87.0
25-May-2026 17:49:00.862 INFO [main] org.apache.catalina.startup.VersionLoggerListener.log OS Name:               Linux
25-May-2026 17:49:00.862 INFO [main] org.apache.catalina.startup.VersionLoggerListener.log OS Version:            6.6.114.1-microsoft-standard-WSL2
25-May-2026 17:49:00.862 INFO [main] org.apache.catalina.startup.VersionLoggerListener.log Architecture:          amd64
25-May-2026 17:49:00.862 INFO [main] org.apache.catalina.startup.VersionLoggerListener.log Java Home:             /usr/lib/jvm/java-21-openjdk-amd64
25-May-2026 17:49:00.862 INFO [main] org.apache.catalina.startup.VersionLoggerListener.log JVM Version:           21.0.8+9-Ubuntu-0ubuntu122.04.1
25-May-2026 17:49:00.862 INFO [main] org.apache.catalina.startup.VersionLoggerListener.log JVM Vendor:            Ubuntu
25-May-2026 17:49:00.863 INFO [main] org.apache.catalina.startup.VersionLoggerListener.log CATALINA_BASE:         /home/mumuzinho/www/Trabalho-banco-de-dados-I/backend/apache-tomcat-9.0.87
25-May-2026 17:49:00.863 INFO [main] org.apache.catalina.startup.VersionLoggerListener.log CATALINA_HOME:         /home/mumuzinho/www/Trabalho-banco-de-dados-I/backend/apache-tomcat-9.0.87
25-May-2026 17:49:00.871 INFO [main] org.apache.catalina.startup.VersionLoggerListener.log Command line argument: --add-opens=java.base/java.lang=ALL-UNNAMED
25-May-2026 17:49:00.871 INFO [main] org.apache.catalina.startup.VersionLoggerListener.log Command line argument: --add-opens=java.base/java.io=ALL-UNNAMED
25-May-2026 17:49:00.871 INFO [main] org.apache.catalina.startup.VersionLoggerListener.log Command line argument: --add-opens=java.base/java.util=ALL-UNNAMED
25-May-2026 17:49:00.872 INFO [main] org.apache.catalina.startup.VersionLoggerListener.log Command line argument: --add-opens=java.base/java.util.concurrent=ALL-UNNAMED
25-May-2026 17:49:00.872 INFO [main] org.apache.catalina.startup.VersionLoggerListener.log Command line argument: --add-opens=java.rmi/sun.rmi.transport=ALL-UNNAMED
25-May-2026 17:49:00.872 INFO [main] org.apache.catalina.startup.VersionLoggerListener.log Command line argument: -Djava.util.logging.config.file=/home/mumuzinho/www/Trabalho-banco-de-dados-I/backend/apache-tomcat-9.0.87/conf/logging.properties
25-May-2026 17:49:00.872 INFO [main] org.apache.catalina.startup.VersionLoggerListener.log Command line argument: -Djava.util.logging.manager=org.apache.juli.ClassLoaderLogManager
25-May-2026 17:49:00.872 INFO [main] org.apache.catalina.startup.VersionLoggerListener.log Command line argument: -Djdk.tls.ephemeralDHKeySize=2048
25-May-2026 17:49:00.872 INFO [main] org.apache.catalina.startup.VersionLoggerListener.log Command line argument: -Djava.protocol.handler.pkgs=org.apache.catalina.webresources
25-May-2026 17:49:00.872 INFO [main] org.apache.catalina.startup.VersionLoggerListener.log Command line argument: -Dorg.apache.catalina.security.SecurityListener.UMASK=0027
25-May-2026 17:49:00.872 INFO [main] org.apache.catalina.startup.VersionLoggerListener.log Command line argument: -Dignore.endorsed.dirs=
25-May-2026 17:49:00.873 INFO [main] org.apache.catalina.startup.VersionLoggerListener.log Command line argument: -Dcatalina.base=/home/mumuzinho/www/Trabalho-banco-de-dados-I/backend/apache-tomcat-9.0.87
25-May-2026 17:49:00.873 INFO [main] org.apache.catalina.startup.VersionLoggerListener.log Command line argument: -Dcatalina.home=/home/mumuzinho/www/Trabalho-banco-de-dados-I/backend/apache-tomcat-9.0.87
25-May-2026 17:49:00.873 INFO [main] org.apache.catalina.startup.VersionLoggerListener.log Command line argument: -Djava.io.tmpdir=/home/mumuzinho/www/Trabalho-banco-de-dados-I/backend/apache-tomcat-9.0.87/temp
25-May-2026 17:49:00.874 INFO [main] org.apache.catalina.core.AprLifecycleListener.lifecycleEvent The Apache Tomcat Native library which allows using OpenSSL was not found on the java.library.path: [/usr/java/packages/lib:/usr/lib/x86_64-linux-gnu/jni:/lib/x86_64-linux-gnu:/usr/lib/x86_64-linux-gnu:/usr/lib/jni:/lib:/usr/lib]
25-May-2026 17:49:01.162 INFO [main] org.apache.coyote.AbstractProtocol.init Initializing ProtocolHandler ["http-nio-8080"]
25-May-2026 17:49:01.179 INFO [main] org.apache.catalina.startup.Catalina.load Server initialization in [509] milliseconds
25-May-2026 17:49:01.218 INFO [main] org.apache.catalina.core.StandardService.startInternal Starting service [Catalina]
25-May-2026 17:49:01.218 INFO [main] org.apache.catalina.core.StandardEngine.startInternal Starting Servlet engine: [Apache Tomcat/9.0.87]
25-May-2026 17:49:01.232 INFO [main] org.apache.catalina.startup.HostConfig.deployWAR Deploying web application archive [/home/mumuzinho/www/Trabalho-banco-de-dados-I/backend/apache-tomcat-9.0.87/webapps/bd2022.war]
25-May-2026 17:49:01.733 INFO [main] org.apache.jasper.servlet.TldScanner.scanJars At least one JAR was scanned for TLDs yet contained no TLDs. Enable debug logging for this logger for a complete list of JARs that were scanned but no TLDs were found in them. Skipping unneeded JARs during scanning can improve startup time and JSP compilation time.
25-May-2026 17:49:01.773 INFO [main] org.apache.catalina.startup.HostConfig.deployWAR Deployment of web application archive [/home/mumuzinho/www/Trabalho-banco-de-dados-I/backend/apache-tomcat-9.0.87/webapps/bd2022.war] has finished in [541] ms
25-May-2026 17:49:01.774 INFO [main] org.apache.catalina.startup.HostConfig.deployDirectory Deploying web application directory [/home/mumuzinho/www/Trabalho-banco-de-dados-I/backend/apache-tomcat-9.0.87/webapps/manager]
25-May-2026 17:49:01.802 INFO [main] org.apache.catalina.startup.HostConfig.deployDirectory Deployment of web application directory [/home/mumuzinho/www/Trabalho-banco-de-dados-I/backend/apache-tomcat-9.0.87/webapps/manager] has finished in [28] ms
25-May-2026 17:49:01.802 INFO [main] org.apache.catalina.startup.HostConfig.deployDirectory Deploying web application directory [/home/mumuzinho/www/Trabalho-banco-de-dados-I/backend/apache-tomcat-9.0.87/webapps/examples]
25-May-2026 17:49:01.982 INFO [main] org.apache.catalina.startup.HostConfig.deployDirectory Deployment of web application directory [/home/mumuzinho/www/Trabalho-banco-de-dados-I/backend/apache-tomcat-9.0.87/webapps/examples] has finished in [180] ms
25-May-2026 17:49:01.983 INFO [main] org.apache.catalina.startup.HostConfig.deployDirectory Deploying web application directory [/home/mumuzinho/www/Trabalho-banco-de-dados-I/backend/apache-tomcat-9.0.87/webapps/docs]
25-May-2026 17:49:01.997 INFO [main] org.apache.catalina.startup.HostConfig.deployDirectory Deployment of web application directory [/home/mumuzinho/www/Trabalho-banco-de-dados-I/backend/apache-tomcat-9.0.87/webapps/docs] has finished in [13] ms
25-May-2026 17:49:01.997 INFO [main] org.apache.catalina.startup.HostConfig.deployDirectory Deploying web application directory [/home/mumuzinho/www/Trabalho-banco-de-dados-I/backend/apache-tomcat-9.0.87/webapps/ROOT]
25-May-2026 17:49:02.009 INFO [main] org.apache.catalina.startup.HostConfig.deployDirectory Deployment of web application directory [/home/mumuzinho/www/Trabalho-banco-de-dados-I/backend/apache-tomcat-9.0.87/webapps/ROOT] has finished in [12] ms
25-May-2026 17:49:02.010 INFO [main] org.apache.catalina.startup.HostConfig.deployDirectory Deploying web application directory [/home/mumuzinho/www/Trabalho-banco-de-dados-I/backend/apache-tomcat-9.0.87/webapps/host-manager]
25-May-2026 17:49:02.024 INFO [main] org.apache.catalina.startup.HostConfig.deployDirectory Deployment of web application directory [/home/mumuzinho/www/Trabalho-banco-de-dados-I/backend/apache-tomcat-9.0.87/webapps/host-manager] has finished in [14] ms
25-May-2026 17:49:02.030 INFO [main] org.apache.coyote.AbstractProtocol.start Starting ProtocolHandler ["http-nio-8080"]
25-May-2026 17:49:02.052 INFO [main] org.apache.catalina.startup.Catalina.start Server startup in [871] milliseconds
25-May-2026 17:55:59.435 INFO [main] org.apache.catalina.core.StandardServer.await A valid shutdown command was received via the shutdown port. Stopping the Server instance.
25-May-2026 17:55:59.435 INFO [main] org.apache.coyote.AbstractProtocol.pause Pausing ProtocolHandler ["http-nio-8080"]
25-May-2026 17:55:59.443 INFO [main] org.apache.catalina.core.StandardService.stopInternal Stopping service [Catalina]
25-May-2026 17:55:59.472 INFO [main] org.apache.coyote.AbstractProtocol.stop Stopping ProtocolHandler ["http-nio-8080"]
25-May-2026 17:55:59.476 INFO [main] org.apache.coyote.AbstractProtocol.destroy Destroying ProtocolHandler ["http-nio-8080"]
25-May-2026 17:56:26.499 INFO [main] org.apache.catalina.startup.VersionLoggerListener.log Server version name:   Apache Tomcat/9.0.87
25-May-2026 17:56:26.502 INFO [main] org.apache.catalina.startup.VersionLoggerListener.log Server built:          Mar 11 2024 10:12:34 UTC
25-May-2026 17:56:26.502 INFO [main] org.apache.catalina.startup.VersionLoggerListener.log Server version number: 9.0.87.0
25-May-2026 17:56:26.502 INFO [main] org.apache.catalina.startup.VersionLoggerListener.log OS Name:               Linux
25-May-2026 17:56:26.502 INFO [main] org.apache.catalina.startup.VersionLoggerListener.log OS Version:            6.6.114.1-microsoft-standard-WSL2
25-May-2026 17:56:26.502 INFO [main] org.apache.catalina.startup.VersionLoggerListener.log Architecture:          amd64
25-May-2026 17:56:26.502 INFO [main] org.apache.catalina.startup.VersionLoggerListener.log Java Home:             /usr/lib/jvm/java-21-openjdk-amd64
25-May-2026 17:56:26.502 INFO [main] org.apache.catalina.startup.VersionLoggerListener.log JVM Version:           21.0.8+9-Ubuntu-0ubuntu122.04.1
25-May-2026 17:56:26.502 INFO [main] org.apache.catalina.startup.VersionLoggerListener.log JVM Vendor:            Ubuntu
25-May-2026 17:56:26.502 INFO [main] org.apache.catalina.startup.VersionLoggerListener.log CATALINA_BASE:         /home/mumuzinho/www/Trabalho-banco-de-dados-I/backend/apache-tomcat-9.0.87
25-May-2026 17:56:26.502 INFO [main] org.apache.catalina.startup.VersionLoggerListener.log CATALINA_HOME:         /home/mumuzinho/www/Trabalho-banco-de-dados-I/backend/apache-tomcat-9.0.87
25-May-2026 17:56:26.517 INFO [main] org.apache.catalina.startup.VersionLoggerListener.log Command line argument: --add-opens=java.base/java.lang=ALL-UNNAMED
25-May-2026 17:56:26.517 INFO [main] org.apache.catalina.startup.VersionLoggerListener.log Command line argument: --add-opens=java.base/java.io=ALL-UNNAMED
25-May-2026 17:56:26.517 INFO [main] org.apache.catalina.startup.VersionLoggerListener.log Command line argument: --add-opens=java.base/java.util=ALL-UNNAMED
25-May-2026 17:56:26.517 INFO [main] org.apache.catalina.startup.VersionLoggerListener.log Command line argument: --add-opens=java.base/java.util.concurrent=ALL-UNNAMED
25-May-2026 17:56:26.517 INFO [main] org.apache.catalina.startup.VersionLoggerListener.log Command line argument: --add-opens=java.rmi/sun.rmi.transport=ALL-UNNAMED
25-May-2026 17:56:26.517 INFO [main] org.apache.catalina.startup.VersionLoggerListener.log Command line argument: -Djava.util.logging.config.file=/home/mumuzinho/www/Trabalho-banco-de-dados-I/backend/apache-tomcat-9.0.87/conf/logging.properties
25-May-2026 17:56:26.517 INFO [main] org.apache.catalina.startup.VersionLoggerListener.log Command line argument: -Djava.util.logging.manager=org.apache.juli.ClassLoaderLogManager
25-May-2026 17:56:26.517 INFO [main] org.apache.catalina.startup.VersionLoggerListener.log Command line argument: -Djdk.tls.ephemeralDHKeySize=2048
25-May-2026 17:56:26.517 INFO [main] org.apache.catalina.startup.VersionLoggerListener.log Command line argument: -Djava.protocol.handler.pkgs=org.apache.catalina.webresources
25-May-2026 17:56:26.517 INFO [main] org.apache.catalina.startup.VersionLoggerListener.log Command line argument: -Dorg.apache.catalina.security.SecurityListener.UMASK=0027
25-May-2026 17:56:26.517 INFO [main] org.apache.catalina.startup.VersionLoggerListener.log Command line argument: -Dignore.endorsed.dirs=
25-May-2026 17:56:26.517 INFO [main] org.apache.catalina.startup.VersionLoggerListener.log Command line argument: -Dcatalina.base=/home/mumuzinho/www/Trabalho-banco-de-dados-I/backend/apache-tomcat-9.0.87
25-May-2026 17:56:26.517 INFO [main] org.apache.catalina.startup.VersionLoggerListener.log Command line argument: -Dcatalina.home=/home/mumuzinho/www/Trabalho-banco-de-dados-I/backend/apache-tomcat-9.0.87
25-May-2026 17:56:26.517 INFO [main] org.apache.catalina.startup.VersionLoggerListener.log Command line argument: -Djava.io.tmpdir=/home/mumuzinho/www/Trabalho-banco-de-dados-I/backend/apache-tomcat-9.0.87/temp
25-May-2026 17:56:26.521 INFO [main] org.apache.catalina.core.AprLifecycleListener.lifecycleEvent The Apache Tomcat Native library which allows using OpenSSL was not found on the java.library.path: [/usr/java/packages/lib:/usr/lib/x86_64-linux-gnu/jni:/lib/x86_64-linux-gnu:/usr/lib/x86_64-linux-gnu:/usr/lib/jni:/lib:/usr/lib]
25-May-2026 17:56:26.847 INFO [main] org.apache.coyote.AbstractProtocol.init Initializing ProtocolHandler ["http-nio-8080"]
25-May-2026 17:56:26.869 INFO [main] org.apache.catalina.startup.Catalina.load Server initialization in [550] milliseconds
25-May-2026 17:56:26.913 INFO [main] org.apache.catalina.core.StandardService.startInternal Starting service [Catalina]
25-May-2026 17:56:26.913 INFO [main] org.apache.catalina.core.StandardEngine.startInternal Starting Servlet engine: [Apache Tomcat/9.0.87]
25-May-2026 17:56:26.932 INFO [main] org.apache.catalina.startup.HostConfig.deployWAR Deploying web application archive [/home/mumuzinho/www/Trabalho-banco-de-dados-I/backend/apache-tomcat-9.0.87/webapps/bd2022.war]
25-May-2026 17:56:27.383 INFO [main] org.apache.jasper.servlet.TldScanner.scanJars At least one JAR was scanned for TLDs yet contained no TLDs. Enable debug logging for this logger for a complete list of JARs that were scanned but no TLDs were found in them. Skipping unneeded JARs during scanning can improve startup time and JSP compilation time.
25-May-2026 17:56:27.426 INFO [main] org.apache.catalina.startup.HostConfig.deployWAR Deployment of web application archive [/home/mumuzinho/www/Trabalho-banco-de-dados-I/backend/apache-tomcat-9.0.87/webapps/bd2022.war] has finished in [494] ms
25-May-2026 17:56:27.427 INFO [main] org.apache.catalina.startup.HostConfig.deployDirectory Deploying web application directory [/home/mumuzinho/www/Trabalho-banco-de-dados-I/backend/apache-tomcat-9.0.87/webapps/manager]
25-May-2026 17:56:27.455 INFO [main] org.apache.catalina.startup.HostConfig.deployDirectory Deployment of web application directory [/home/mumuzinho/www/Trabalho-banco-de-dados-I/backend/apache-tomcat-9.0.87/webapps/manager] has finished in [28] ms
25-May-2026 17:56:27.455 INFO [main] org.apache.catalina.startup.HostConfig.deployDirectory Deploying web application directory [/home/mumuzinho/www/Trabalho-banco-de-dados-I/backend/apache-tomcat-9.0.87/webapps/examples]
25-May-2026 17:56:27.563 INFO [main] org.apache.catalina.startup.HostConfig.deployDirectory Deployment of web application directory [/home/mumuzinho/www/Trabalho-banco-de-dados-I/backend/apache-tomcat-9.0.87/webapps/examples] has finished in [108] ms
25-May-2026 17:56:27.563 INFO [main] org.apache.catalina.startup.HostConfig.deployDirectory Deploying web application directory [/home/mumuzinho/www/Trabalho-banco-de-dados-I/backend/apache-tomcat-9.0.87/webapps/docs]
25-May-2026 17:56:27.577 INFO [main] org.apache.catalina.startup.HostConfig.deployDirectory Deployment of web application directory [/home/mumuzinho/www/Trabalho-banco-de-dados-I/backend/apache-tomcat-9.0.87/webapps/docs] has finished in [13] ms
25-May-2026 17:56:27.577 INFO [main] org.apache.catalina.startup.HostConfig.deployDirectory Deploying web application directory [/home/mumuzinho/www/Trabalho-banco-de-dados-I/backend/apache-tomcat-9.0.87/webapps/ROOT]
25-May-2026 17:56:27.595 INFO [main] org.apache.catalina.startup.HostConfig.deployDirectory Deployment of web application directory [/home/mumuzinho/www/Trabalho-banco-de-dados-I/backend/apache-tomcat-9.0.87/webapps/ROOT] has finished in [18] ms
25-May-2026 17:56:27.595 INFO [main] org.apache.catalina.startup.HostConfig.deployDirectory Deploying web application directory [/home/mumuzinho/www/Trabalho-banco-de-dados-I/backend/apache-tomcat-9.0.87/webapps/host-manager]
25-May-2026 17:56:27.611 INFO [main] org.apache.catalina.startup.HostConfig.deployDirectory Deployment of web application directory [/home/mumuzinho/www/Trabalho-banco-de-dados-I/backend/apache-tomcat-9.0.87/webapps/host-manager] has finished in [16] ms
25-May-2026 17:56:27.615 INFO [main] org.apache.coyote.AbstractProtocol.start Starting ProtocolHandler ["http-nio-8080"]
25-May-2026 17:56:27.631 INFO [main] org.apache.catalina.startup.Catalina.start Server startup in [757] milliseconds
25-May-2026 18:02:11.087 INFO [main] org.apache.catalina.core.StandardServer.await A valid shutdown command was received via the shutdown port. Stopping the Server instance.
25-May-2026 18:02:11.088 INFO [main] org.apache.coyote.AbstractProtocol.pause Pausing ProtocolHandler ["http-nio-8080"]
25-May-2026 18:02:11.095 INFO [main] org.apache.catalina.core.StandardService.stopInternal Stopping service [Catalina]
25-May-2026 18:02:11.132 INFO [main] org.apache.coyote.AbstractProtocol.stop Stopping ProtocolHandler ["http-nio-8080"]
25-May-2026 18:02:11.138 INFO [main] org.apache.coyote.AbstractProtocol.destroy Destroying ProtocolHandler ["http-nio-8080"]
25-May-2026 18:02:20.588 INFO [main] org.apache.catalina.startup.VersionLoggerListener.log Server version name:   Apache Tomcat/9.0.87
25-May-2026 18:02:20.592 INFO [main] org.apache.catalina.startup.VersionLoggerListener.log Server built:          Mar 11 2024 10:12:34 UTC
25-May-2026 18:02:20.592 INFO [main] org.apache.catalina.startup.VersionLoggerListener.log Server version number: 9.0.87.0
25-May-2026 18:02:20.592 INFO [main] org.apache.catalina.startup.VersionLoggerListener.log OS Name:               Linux
25-May-2026 18:02:20.592 INFO [main] org.apache.catalina.startup.VersionLoggerListener.log OS Version:            6.6.114.1-microsoft-standard-WSL2
25-May-2026 18:02:20.592 INFO [main] org.apache.catalina.startup.VersionLoggerListener.log Architecture:          amd64
25-May-2026 18:02:20.593 INFO [main] org.apache.catalina.startup.VersionLoggerListener.log Java Home:             /usr/lib/jvm/java-21-openjdk-amd64
25-May-2026 18:02:20.593 INFO [main] org.apache.catalina.startup.VersionLoggerListener.log JVM Version:           21.0.8+9-Ubuntu-0ubuntu122.04.1
25-May-2026 18:02:20.593 INFO [main] org.apache.catalina.startup.VersionLoggerListener.log JVM Vendor:            Ubuntu
25-May-2026 18:02:20.593 INFO [main] org.apache.catalina.startup.VersionLoggerListener.log CATALINA_BASE:         /home/mumuzinho/www/Trabalho-banco-de-dados-I/backend/apache-tomcat-9.0.87
25-May-2026 18:02:20.593 INFO [main] org.apache.catalina.startup.VersionLoggerListener.log CATALINA_HOME:         /home/mumuzinho/www/Trabalho-banco-de-dados-I/backend/apache-tomcat-9.0.87
25-May-2026 18:02:20.603 INFO [main] org.apache.catalina.startup.VersionLoggerListener.log Command line argument: --add-opens=java.base/java.lang=ALL-UNNAMED
25-May-2026 18:02:20.603 INFO [main] org.apache.catalina.startup.VersionLoggerListener.log Command line argument: --add-opens=java.base/java.io=ALL-UNNAMED
25-May-2026 18:02:20.603 INFO [main] org.apache.catalina.startup.VersionLoggerListener.log Command line argument: --add-opens=java.base/java.util=ALL-UNNAMED
25-May-2026 18:02:20.603 INFO [main] org.apache.catalina.startup.VersionLoggerListener.log Command line argument: --add-opens=java.base/java.util.concurrent=ALL-UNNAMED
25-May-2026 18:02:20.603 INFO [main] org.apache.catalina.startup.VersionLoggerListener.log Command line argument: --add-opens=java.rmi/sun.rmi.transport=ALL-UNNAMED
25-May-2026 18:02:20.603 INFO [main] org.apache.catalina.startup.VersionLoggerListener.log Command line argument: -Djava.util.logging.config.file=/home/mumuzinho/www/Trabalho-banco-de-dados-I/backend/apache-tomcat-9.0.87/conf/logging.properties
25-May-2026 18:02:20.603 INFO [main] org.apache.catalina.startup.VersionLoggerListener.log Command line argument: -Djava.util.logging.manager=org.apache.juli.ClassLoaderLogManager
25-May-2026 18:02:20.603 INFO [main] org.apache.catalina.startup.VersionLoggerListener.log Command line argument: -Djdk.tls.ephemeralDHKeySize=2048
25-May-2026 18:02:20.603 INFO [main] org.apache.catalina.startup.VersionLoggerListener.log Command line argument: -Djava.protocol.handler.pkgs=org.apache.catalina.webresources
25-May-2026 18:02:20.603 INFO [main] org.apache.catalina.startup.VersionLoggerListener.log Command line argument: -Dorg.apache.catalina.security.SecurityListener.UMASK=0027
25-May-2026 18:02:20.603 INFO [main] org.apache.catalina.startup.VersionLoggerListener.log Command line argument: -Dignore.endorsed.dirs=
25-May-2026 18:02:20.603 INFO [main] org.apache.catalina.startup.VersionLoggerListener.log Command line argument: -Dcatalina.base=/home/mumuzinho/www/Trabalho-banco-de-dados-I/backend/apache-tomcat-9.0.87
25-May-2026 18:02:20.603 INFO [main] org.apache.catalina.startup.VersionLoggerListener.log Command line argument: -Dcatalina.home=/home/mumuzinho/www/Trabalho-banco-de-dados-I/backend/apache-tomcat-9.0.87
25-May-2026 18:02:20.603 INFO [main] org.apache.catalina.startup.VersionLoggerListener.log Command line argument: -Djava.io.tmpdir=/home/mumuzinho/www/Trabalho-banco-de-dados-I/backend/apache-tomcat-9.0.87/temp
25-May-2026 18:02:20.604 INFO [main] org.apache.catalina.core.AprLifecycleListener.lifecycleEvent The Apache Tomcat Native library which allows using OpenSSL was not found on the java.library.path: [/usr/java/packages/lib:/usr/lib/x86_64-linux-gnu/jni:/lib/x86_64-linux-gnu:/usr/lib/x86_64-linux-gnu:/usr/lib/jni:/lib:/usr/lib]
25-May-2026 18:02:20.961 INFO [main] org.apache.coyote.AbstractProtocol.init Initializing ProtocolHandler ["http-nio-8080"]
25-May-2026 18:02:20.983 INFO [main] org.apache.catalina.startup.Catalina.load Server initialization in [534] milliseconds
25-May-2026 18:02:21.016 INFO [main] org.apache.catalina.core.StandardService.startInternal Starting service [Catalina]
25-May-2026 18:02:21.017 INFO [main] org.apache.catalina.core.StandardEngine.startInternal Starting Servlet engine: [Apache Tomcat/9.0.87]
25-May-2026 18:02:21.027 INFO [main] org.apache.catalina.startup.HostConfig.deployWAR Deploying web application archive [/home/mumuzinho/www/Trabalho-banco-de-dados-I/backend/apache-tomcat-9.0.87/webapps/bd2022.war]
25-May-2026 18:02:21.442 INFO [main] org.apache.jasper.servlet.TldScanner.scanJars At least one JAR was scanned for TLDs yet contained no TLDs. Enable debug logging for this logger for a complete list of JARs that were scanned but no TLDs were found in them. Skipping unneeded JARs during scanning can improve startup time and JSP compilation time.
25-May-2026 18:02:21.475 INFO [main] org.apache.catalina.startup.HostConfig.deployWAR Deployment of web application archive [/home/mumuzinho/www/Trabalho-banco-de-dados-I/backend/apache-tomcat-9.0.87/webapps/bd2022.war] has finished in [448] ms
25-May-2026 18:02:21.476 INFO [main] org.apache.catalina.startup.HostConfig.deployDirectory Deploying web application directory [/home/mumuzinho/www/Trabalho-banco-de-dados-I/backend/apache-tomcat-9.0.87/webapps/manager]
25-May-2026 18:02:21.513 INFO [main] org.apache.catalina.startup.HostConfig.deployDirectory Deployment of web application directory [/home/mumuzinho/www/Trabalho-banco-de-dados-I/backend/apache-tomcat-9.0.87/webapps/manager] has finished in [37] ms
25-May-2026 18:02:21.513 INFO [main] org.apache.catalina.startup.HostConfig.deployDirectory Deploying web application directory [/home/mumuzinho/www/Trabalho-banco-de-dados-I/backend/apache-tomcat-9.0.87/webapps/examples]
25-May-2026 18:02:21.656 INFO [main] org.apache.catalina.startup.HostConfig.deployDirectory Deployment of web application directory [/home/mumuzinho/www/Trabalho-banco-de-dados-I/backend/apache-tomcat-9.0.87/webapps/examples] has finished in [143] ms
25-May-2026 18:02:21.656 INFO [main] org.apache.catalina.startup.HostConfig.deployDirectory Deploying web application directory [/home/mumuzinho/www/Trabalho-banco-de-dados-I/backend/apache-tomcat-9.0.87/webapps/docs]
25-May-2026 18:02:21.668 INFO [main] org.apache.catalina.startup.HostConfig.deployDirectory Deployment of web application directory [/home/mumuzinho/www/Trabalho-banco-de-dados-I/backend/apache-tomcat-9.0.87/webapps/docs] has finished in [12] ms
25-May-2026 18:02:21.668 INFO [main] org.apache.catalina.startup.HostConfig.deployDirectory Deploying web application directory [/home/mumuzinho/www/Trabalho-banco-de-dados-I/backend/apache-tomcat-9.0.87/webapps/ROOT]
25-May-2026 18:02:21.683 INFO [main] org.apache.catalina.startup.HostConfig.deployDirectory Deployment of web application directory [/home/mumuzinho/www/Trabalho-banco-de-dados-I/backend/apache-tomcat-9.0.87/webapps/ROOT] has finished in [15] ms
25-May-2026 18:02:21.683 INFO [main] org.apache.catalina.startup.HostConfig.deployDirectory Deploying web application directory [/home/mumuzinho/www/Trabalho-banco-de-dados-I/backend/apache-tomcat-9.0.87/webapps/host-manager]
25-May-2026 18:02:21.695 INFO [main] org.apache.catalina.startup.HostConfig.deployDirectory Deployment of web application directory [/home/mumuzinho/www/Trabalho-banco-de-dados-I/backend/apache-tomcat-9.0.87/webapps/host-manager] has finished in [12] ms
25-May-2026 18:02:21.707 INFO [main] org.apache.coyote.AbstractProtocol.start Starting ProtocolHandler ["http-nio-8080"]
25-May-2026 18:02:21.718 INFO [main] org.apache.catalina.startup.Catalina.start Server startup in [734] milliseconds
25-May-2026 18:03:01.712 INFO [Catalina-utility-2] org.apache.catalina.startup.HostConfig.undeploy Undeploying context [/bd2022]
25-May-2026 18:03:11.722 INFO [Catalina-utility-2] org.apache.catalina.startup.HostConfig.deployWAR Deploying web application archive [/home/mumuzinho/www/Trabalho-banco-de-dados-I/backend/apache-tomcat-9.0.87/webapps/bd2022-1.0-SNAPSHOT.war]
25-May-2026 18:03:11.998 INFO [Catalina-utility-2] org.apache.jasper.servlet.TldScanner.scanJars At least one JAR was scanned for TLDs yet contained no TLDs. Enable debug logging for this logger for a complete list of JARs that were scanned but no TLDs were found in them. Skipping unneeded JARs during scanning can improve startup time and JSP compilation time.
25-May-2026 18:03:12.003 INFO [Catalina-utility-2] org.apache.catalina.startup.HostConfig.deployWAR Deployment of web application archive [/home/mumuzinho/www/Trabalho-banco-de-dados-I/backend/apache-tomcat-9.0.87/webapps/bd2022-1.0-SNAPSHOT.war] has finished in [281] ms
25-May-2026 18:03:31.703 INFO [main] org.apache.catalina.core.StandardServer.await A valid shutdown command was received via the shutdown port. Stopping the Server instance.
25-May-2026 18:03:31.703 INFO [main] org.apache.coyote.AbstractProtocol.pause Pausing ProtocolHandler ["http-nio-8080"]
25-May-2026 18:03:31.710 INFO [main] org.apache.catalina.core.StandardService.stopInternal Stopping service [Catalina]
25-May-2026 18:03:31.732 INFO [main] org.apache.coyote.AbstractProtocol.stop Stopping ProtocolHandler ["http-nio-8080"]
25-May-2026 18:03:31.747 INFO [main] org.apache.coyote.AbstractProtocol.destroy Destroying ProtocolHandler ["http-nio-8080"]
25-May-2026 18:03:40.504 INFO [main] org.apache.catalina.startup.VersionLoggerListener.log Server version name:   Apache Tomcat/9.0.87
25-May-2026 18:03:40.510 INFO [main] org.apache.catalina.startup.VersionLoggerListener.log Server built:          Mar 11 2024 10:12:34 UTC
25-May-2026 18:03:40.510 INFO [main] org.apache.catalina.startup.VersionLoggerListener.log Server version number: 9.0.87.0
25-May-2026 18:03:40.510 INFO [main] org.apache.catalina.startup.VersionLoggerListener.log OS Name:               Linux
25-May-2026 18:03:40.510 INFO [main] org.apache.catalina.startup.VersionLoggerListener.log OS Version:            6.6.114.1-microsoft-standard-WSL2
25-May-2026 18:03:40.511 INFO [main] org.apache.catalina.startup.VersionLoggerListener.log Architecture:          amd64
25-May-2026 18:03:40.511 INFO [main] org.apache.catalina.startup.VersionLoggerListener.log Java Home:             /usr/lib/jvm/java-21-openjdk-amd64
25-May-2026 18:03:40.511 INFO [main] org.apache.catalina.startup.VersionLoggerListener.log JVM Version:           21.0.8+9-Ubuntu-0ubuntu122.04.1
25-May-2026 18:03:40.511 INFO [main] org.apache.catalina.startup.VersionLoggerListener.log JVM Vendor:            Ubuntu
25-May-2026 18:03:40.511 INFO [main] org.apache.catalina.startup.VersionLoggerListener.log CATALINA_BASE:         /home/mumuzinho/www/Trabalho-banco-de-dados-I/backend/apache-tomcat-9.0.87
25-May-2026 18:03:40.511 INFO [main] org.apache.catalina.startup.VersionLoggerListener.log CATALINA_HOME:         /home/mumuzinho/www/Trabalho-banco-de-dados-I/backend/apache-tomcat-9.0.87
25-May-2026 18:03:40.524 INFO [main] org.apache.catalina.startup.VersionLoggerListener.log Command line argument: --add-opens=java.base/java.lang=ALL-UNNAMED
25-May-2026 18:03:40.524 INFO [main] org.apache.catalina.startup.VersionLoggerListener.log Command line argument: --add-opens=java.base/java.io=ALL-UNNAMED
25-May-2026 18:03:40.524 INFO [main] org.apache.catalina.startup.VersionLoggerListener.log Command line argument: --add-opens=java.base/java.util=ALL-UNNAMED
25-May-2026 18:03:40.524 INFO [main] org.apache.catalina.startup.VersionLoggerListener.log Command line argument: --add-opens=java.base/java.util.concurrent=ALL-UNNAMED
25-May-2026 18:03:40.524 INFO [main] org.apache.catalina.startup.VersionLoggerListener.log Command line argument: --add-opens=java.rmi/sun.rmi.transport=ALL-UNNAMED
25-May-2026 18:03:40.524 INFO [main] org.apache.catalina.startup.VersionLoggerListener.log Command line argument: -Djava.util.logging.config.file=/home/mumuzinho/www/Trabalho-banco-de-dados-I/backend/apache-tomcat-9.0.87/conf/logging.properties
25-May-2026 18:03:40.524 INFO [main] org.apache.catalina.startup.VersionLoggerListener.log Command line argument: -Djava.util.logging.manager=org.apache.juli.ClassLoaderLogManager
25-May-2026 18:03:40.524 INFO [main] org.apache.catalina.startup.VersionLoggerListener.log Command line argument: -Djdk.tls.ephemeralDHKeySize=2048
25-May-2026 18:03:40.525 INFO [main] org.apache.catalina.startup.VersionLoggerListener.log Command line argument: -Djava.protocol.handler.pkgs=org.apache.catalina.webresources
25-May-2026 18:03:40.525 INFO [main] org.apache.catalina.startup.VersionLoggerListener.log Command line argument: -Dorg.apache.catalina.security.SecurityListener.UMASK=0027
25-May-2026 18:03:40.525 INFO [main] org.apache.catalina.startup.VersionLoggerListener.log Command line argument: -Dignore.endorsed.dirs=
25-May-2026 18:03:40.525 INFO [main] org.apache.catalina.startup.VersionLoggerListener.log Command line argument: -Dcatalina.base=/home/mumuzinho/www/Trabalho-banco-de-dados-I/backend/apache-tomcat-9.0.87
25-May-2026 18:03:40.525 INFO [main] org.apache.catalina.startup.VersionLoggerListener.log Command line argument: -Dcatalina.home=/home/mumuzinho/www/Trabalho-banco-de-dados-I/backend/apache-tomcat-9.0.87
25-May-2026 18:03:40.525 INFO [main] org.apache.catalina.startup.VersionLoggerListener.log Command line argument: -Djava.io.tmpdir=/home/mumuzinho/www/Trabalho-banco-de-dados-I/backend/apache-tomcat-9.0.87/temp
25-May-2026 18:03:40.529 INFO [main] org.apache.catalina.core.AprLifecycleListener.lifecycleEvent The Apache Tomcat Native library which allows using OpenSSL was not found on the java.library.path: [/usr/java/packages/lib:/usr/lib/x86_64-linux-gnu/jni:/lib/x86_64-linux-gnu:/usr/lib/x86_64-linux-gnu:/usr/lib/jni:/lib:/usr/lib]
25-May-2026 18:03:40.829 INFO [main] org.apache.coyote.AbstractProtocol.init Initializing ProtocolHandler ["http-nio-8080"]
25-May-2026 18:03:40.855 INFO [main] org.apache.catalina.startup.Catalina.load Server initialization in [566] milliseconds
25-May-2026 18:03:40.893 INFO [main] org.apache.catalina.core.StandardService.startInternal Starting service [Catalina]
25-May-2026 18:03:40.894 INFO [main] org.apache.catalina.core.StandardEngine.startInternal Starting Servlet engine: [Apache Tomcat/9.0.87]
25-May-2026 18:03:40.907 INFO [main] org.apache.catalina.startup.HostConfig.deployWAR Deploying web application archive [/home/mumuzinho/www/Trabalho-banco-de-dados-I/backend/apache-tomcat-9.0.87/webapps/bd2022-1.0-SNAPSHOT.war]
25-May-2026 18:03:41.353 INFO [main] org.apache.jasper.servlet.TldScanner.scanJars At least one JAR was scanned for TLDs yet contained no TLDs. Enable debug logging for this logger for a complete list of JARs that were scanned but no TLDs were found in them. Skipping unneeded JARs during scanning can improve startup time and JSP compilation time.
25-May-2026 18:03:41.390 INFO [main] org.apache.catalina.startup.HostConfig.deployWAR Deployment of web application archive [/home/mumuzinho/www/Trabalho-banco-de-dados-I/backend/apache-tomcat-9.0.87/webapps/bd2022-1.0-SNAPSHOT.war] has finished in [482] ms
25-May-2026 18:03:41.390 INFO [main] org.apache.catalina.startup.HostConfig.deployDirectory Deploying web application directory [/home/mumuzinho/www/Trabalho-banco-de-dados-I/backend/apache-tomcat-9.0.87/webapps/manager]
25-May-2026 18:03:41.432 INFO [main] org.apache.catalina.startup.HostConfig.deployDirectory Deployment of web application directory [/home/mumuzinho/www/Trabalho-banco-de-dados-I/backend/apache-tomcat-9.0.87/webapps/manager] has finished in [42] ms
25-May-2026 18:03:41.432 INFO [main] org.apache.catalina.startup.HostConfig.deployDirectory Deploying web application directory [/home/mumuzinho/www/Trabalho-banco-de-dados-I/backend/apache-tomcat-9.0.87/webapps/examples]
25-May-2026 18:03:41.586 INFO [main] org.apache.catalina.startup.HostConfig.deployDirectory Deployment of web application directory [/home/mumuzinho/www/Trabalho-banco-de-dados-I/backend/apache-tomcat-9.0.87/webapps/examples] has finished in [154] ms
25-May-2026 18:03:41.587 INFO [main] org.apache.catalina.startup.HostConfig.deployDirectory Deploying web application directory [/home/mumuzinho/www/Trabalho-banco-de-dados-I/backend/apache-tomcat-9.0.87/webapps/docs]
25-May-2026 18:03:41.611 INFO [main] org.apache.catalina.startup.HostConfig.deployDirectory Deployment of web application directory [/home/mumuzinho/www/Trabalho-banco-de-dados-I/backend/apache-tomcat-9.0.87/webapps/docs] has finished in [24] ms
25-May-2026 18:03:41.612 INFO [main] org.apache.catalina.startup.HostConfig.deployDirectory Deploying web application directory [/home/mumuzinho/www/Trabalho-banco-de-dados-I/backend/apache-tomcat-9.0.87/webapps/ROOT]
25-May-2026 18:03:41.627 INFO [main] org.apache.catalina.startup.HostConfig.deployDirectory Deployment of web application directory [/home/mumuzinho/www/Trabalho-banco-de-dados-I/backend/apache-tomcat-9.0.87/webapps/ROOT] has finished in [14] ms
25-May-2026 18:03:41.627 INFO [main] org.apache.catalina.startup.HostConfig.deployDirectory Deploying web application directory [/home/mumuzinho/www/Trabalho-banco-de-dados-I/backend/apache-tomcat-9.0.87/webapps/host-manager]
25-May-2026 18:03:41.645 INFO [main] org.apache.catalina.startup.HostConfig.deployDirectory Deployment of web application directory [/home/mumuzinho/www/Trabalho-banco-de-dados-I/backend/apache-tomcat-9.0.87/webapps/host-manager] has finished in [18] ms
25-May-2026 18:03:41.651 INFO [main] org.apache.coyote.AbstractProtocol.start Starting ProtocolHandler ["http-nio-8080"]
25-May-2026 18:03:41.657 INFO [main] org.apache.catalina.startup.Catalina.start Server startup in [800] milliseconds
25-May-2026 18:04:23.137 SEVERE [http-nio-8080-exec-3] dao.PgUserDAO.all DAO
	org.postgresql.util.PSQLException: ERROR: relation "j2ee.user" does not exist
  Position: 23
		at org.postgresql.core.v3.QueryExecutorImpl.receiveErrorResponse(QueryExecutorImpl.java:2676)
		at org.postgresql.core.v3.QueryExecutorImpl.processResults(QueryExecutorImpl.java:2366)
		at org.postgresql.core.v3.QueryExecutorImpl.execute(QueryExecutorImpl.java:356)
		at org.postgresql.jdbc.PgStatement.executeInternal(PgStatement.java:496)
		at org.postgresql.jdbc.PgStatement.execute(PgStatement.java:413)
		at org.postgresql.jdbc.PgPreparedStatement.executeWithFlags(PgPreparedStatement.java:190)
		at org.postgresql.jdbc.PgPreparedStatement.executeQuery(PgPreparedStatement.java:134)
		at dao.PgUserDAO.all(PgUserDAO.java:234)
		at controller.UserController.doGet(UserController.java:101)
		at javax.servlet.http.HttpServlet.service(HttpServlet.java:529)
		at javax.servlet.http.HttpServlet.service(HttpServlet.java:623)
		at org.apache.catalina.core.ApplicationFilterChain.internalDoFilter(ApplicationFilterChain.java:210)
		at org.apache.catalina.core.ApplicationFilterChain.doFilter(ApplicationFilterChain.java:154)
		at org.apache.tomcat.websocket.server.WsFilter.doFilter(WsFilter.java:51)
		at org.apache.catalina.core.ApplicationFilterChain.internalDoFilter(ApplicationFilterChain.java:179)
		at org.apache.catalina.core.ApplicationFilterChain.doFilter(ApplicationFilterChain.java:154)
		at org.apache.catalina.core.StandardWrapperValve.invoke(StandardWrapperValve.java:168)
		at org.apache.catalina.core.StandardContextValve.invoke(StandardContextValve.java:90)
		at org.apache.catalina.authenticator.AuthenticatorBase.invoke(AuthenticatorBase.java:481)
		at org.apache.catalina.core.StandardHostValve.invoke(StandardHostValve.java:130)
		at org.apache.catalina.valves.ErrorReportValve.invoke(ErrorReportValve.java:93)
		at org.apache.catalina.valves.AbstractAccessLogValve.invoke(AbstractAccessLogValve.java:670)
		at org.apache.catalina.core.StandardEngineValve.invoke(StandardEngineValve.java:74)
		at org.apache.catalina.connector.CoyoteAdapter.service(CoyoteAdapter.java:346)
		at org.apache.coyote.http11.Http11Processor.service(Http11Processor.java:390)
		at org.apache.coyote.AbstractProcessorLight.process(AbstractProcessorLight.java:63)
		at org.apache.coyote.AbstractProtocol$ConnectionHandler.process(AbstractProtocol.java:928)
		at org.apache.tomcat.util.net.NioEndpoint$SocketProcessor.doRun(NioEndpoint.java:1786)
		at org.apache.tomcat.util.net.SocketProcessorBase.run(SocketProcessorBase.java:52)
		at org.apache.tomcat.util.threads.ThreadPoolExecutor.runWorker(ThreadPoolExecutor.java:1191)
		at org.apache.tomcat.util.threads.ThreadPoolExecutor$Worker.run(ThreadPoolExecutor.java:659)
		at org.apache.tomcat.util.threads.TaskThread$WrappingRunnable.run(TaskThread.java:63)
		at java.base/java.lang.Thread.run(Thread.java:1583)
25-May-2026 18:04:54.645 INFO [main] org.apache.catalina.core.StandardServer.await A valid shutdown command was received via the shutdown port. Stopping the Server instance.
25-May-2026 18:04:54.645 INFO [main] org.apache.coyote.AbstractProtocol.pause Pausing ProtocolHandler ["http-nio-8080"]
25-May-2026 18:04:54.646 INFO [main] org.apache.catalina.core.StandardService.stopInternal Stopping service [Catalina]
25-May-2026 18:04:54.664 WARNING [main] org.apache.catalina.loader.WebappClassLoaderBase.clearReferencesJdbc The web application [bd2022-1.0-SNAPSHOT] registered the JDBC driver [org.postgresql.Driver] but failed to unregister it when the web application was stopped. To prevent a memory leak, the JDBC Driver has been forcibly unregistered.
25-May-2026 18:04:54.674 INFO [main] org.apache.coyote.AbstractProtocol.stop Stopping ProtocolHandler ["http-nio-8080"]
25-May-2026 18:04:54.682 INFO [main] org.apache.coyote.AbstractProtocol.destroy Destroying ProtocolHandler ["http-nio-8080"]
25-May-2026 18:05:22.842 INFO [main] org.apache.catalina.startup.VersionLoggerListener.log Server version name:   Apache Tomcat/9.0.87
25-May-2026 18:05:22.847 INFO [main] org.apache.catalina.startup.VersionLoggerListener.log Server built:          Mar 11 2024 10:12:34 UTC
25-May-2026 18:05:22.847 INFO [main] org.apache.catalina.startup.VersionLoggerListener.log Server version number: 9.0.87.0
25-May-2026 18:05:22.847 INFO [main] org.apache.catalina.startup.VersionLoggerListener.log OS Name:               Linux
25-May-2026 18:05:22.847 INFO [main] org.apache.catalina.startup.VersionLoggerListener.log OS Version:            6.6.114.1-microsoft-standard-WSL2
25-May-2026 18:05:22.850 INFO [main] org.apache.catalina.startup.VersionLoggerListener.log Architecture:          amd64
25-May-2026 18:05:22.850 INFO [main] org.apache.catalina.startup.VersionLoggerListener.log Java Home:             /usr/lib/jvm/java-21-openjdk-amd64
25-May-2026 18:05:22.850 INFO [main] org.apache.catalina.startup.VersionLoggerListener.log JVM Version:           21.0.8+9-Ubuntu-0ubuntu122.04.1
25-May-2026 18:05:22.850 INFO [main] org.apache.catalina.startup.VersionLoggerListener.log JVM Vendor:            Ubuntu
25-May-2026 18:05:22.850 INFO [main] org.apache.catalina.startup.VersionLoggerListener.log CATALINA_BASE:         /home/mumuzinho/www/Trabalho-banco-de-dados-I/backend/apache-tomcat-9.0.87
25-May-2026 18:05:22.850 INFO [main] org.apache.catalina.startup.VersionLoggerListener.log CATALINA_HOME:         /home/mumuzinho/www/Trabalho-banco-de-dados-I/backend/apache-tomcat-9.0.87
25-May-2026 18:05:22.855 INFO [main] org.apache.catalina.startup.VersionLoggerListener.log Command line argument: --add-opens=java.base/java.lang=ALL-UNNAMED
25-May-2026 18:05:22.855 INFO [main] org.apache.catalina.startup.VersionLoggerListener.log Command line argument: --add-opens=java.base/java.io=ALL-UNNAMED
25-May-2026 18:05:22.855 INFO [main] org.apache.catalina.startup.VersionLoggerListener.log Command line argument: --add-opens=java.base/java.util=ALL-UNNAMED
25-May-2026 18:05:22.855 INFO [main] org.apache.catalina.startup.VersionLoggerListener.log Command line argument: --add-opens=java.base/java.util.concurrent=ALL-UNNAMED
25-May-2026 18:05:22.855 INFO [main] org.apache.catalina.startup.VersionLoggerListener.log Command line argument: --add-opens=java.rmi/sun.rmi.transport=ALL-UNNAMED
25-May-2026 18:05:22.855 INFO [main] org.apache.catalina.startup.VersionLoggerListener.log Command line argument: -Djava.util.logging.config.file=/home/mumuzinho/www/Trabalho-banco-de-dados-I/backend/apache-tomcat-9.0.87/conf/logging.properties
25-May-2026 18:05:22.856 INFO [main] org.apache.catalina.startup.VersionLoggerListener.log Command line argument: -Djava.util.logging.manager=org.apache.juli.ClassLoaderLogManager
25-May-2026 18:05:22.856 INFO [main] org.apache.catalina.startup.VersionLoggerListener.log Command line argument: -Djdk.tls.ephemeralDHKeySize=2048
25-May-2026 18:05:22.856 INFO [main] org.apache.catalina.startup.VersionLoggerListener.log Command line argument: -Djava.protocol.handler.pkgs=org.apache.catalina.webresources
25-May-2026 18:05:22.856 INFO [main] org.apache.catalina.startup.VersionLoggerListener.log Command line argument: -Dorg.apache.catalina.security.SecurityListener.UMASK=0027
25-May-2026 18:05:22.856 INFO [main] org.apache.catalina.startup.VersionLoggerListener.log Command line argument: -Dignore.endorsed.dirs=
25-May-2026 18:05:22.856 INFO [main] org.apache.catalina.startup.VersionLoggerListener.log Command line argument: -Dcatalina.base=/home/mumuzinho/www/Trabalho-banco-de-dados-I/backend/apache-tomcat-9.0.87
25-May-2026 18:05:22.856 INFO [main] org.apache.catalina.startup.VersionLoggerListener.log Command line argument: -Dcatalina.home=/home/mumuzinho/www/Trabalho-banco-de-dados-I/backend/apache-tomcat-9.0.87
25-May-2026 18:05:22.856 INFO [main] org.apache.catalina.startup.VersionLoggerListener.log Command line argument: -Djava.io.tmpdir=/home/mumuzinho/www/Trabalho-banco-de-dados-I/backend/apache-tomcat-9.0.87/temp
25-May-2026 18:05:22.857 INFO [main] org.apache.catalina.core.AprLifecycleListener.lifecycleEvent The Apache Tomcat Native library which allows using OpenSSL was not found on the java.library.path: [/usr/java/packages/lib:/usr/lib/x86_64-linux-gnu/jni:/lib/x86_64-linux-gnu:/usr/lib/x86_64-linux-gnu:/usr/lib/jni:/lib:/usr/lib]
25-May-2026 18:05:23.185 INFO [main] org.apache.coyote.AbstractProtocol.init Initializing ProtocolHandler ["http-nio-8080"]
25-May-2026 18:05:23.209 INFO [main] org.apache.catalina.startup.Catalina.load Server initialization in [564] milliseconds
25-May-2026 18:05:23.242 INFO [main] org.apache.catalina.core.StandardService.startInternal Starting service [Catalina]
25-May-2026 18:05:23.243 INFO [main] org.apache.catalina.core.StandardEngine.startInternal Starting Servlet engine: [Apache Tomcat/9.0.87]
25-May-2026 18:05:23.255 INFO [main] org.apache.catalina.startup.HostConfig.deployWAR Deploying web application archive [/home/mumuzinho/www/Trabalho-banco-de-dados-I/backend/apache-tomcat-9.0.87/webapps/bd2022.war]
25-May-2026 18:05:23.783 INFO [main] org.apache.jasper.servlet.TldScanner.scanJars At least one JAR was scanned for TLDs yet contained no TLDs. Enable debug logging for this logger for a complete list of JARs that were scanned but no TLDs were found in them. Skipping unneeded JARs during scanning can improve startup time and JSP compilation time.
25-May-2026 18:05:23.909 INFO [main] org.apache.catalina.startup.HostConfig.deployWAR Deployment of web application archive [/home/mumuzinho/www/Trabalho-banco-de-dados-I/backend/apache-tomcat-9.0.87/webapps/bd2022.war] has finished in [653] ms
25-May-2026 18:05:23.910 INFO [main] org.apache.catalina.startup.HostConfig.deployWAR Deploying web application archive [/home/mumuzinho/www/Trabalho-banco-de-dados-I/backend/apache-tomcat-9.0.87/webapps/bd2022-1.0-SNAPSHOT.war]
25-May-2026 18:05:24.375 INFO [main] org.apache.jasper.servlet.TldScanner.scanJars At least one JAR was scanned for TLDs yet contained no TLDs. Enable debug logging for this logger for a complete list of JARs that were scanned but no TLDs were found in them. Skipping unneeded JARs during scanning can improve startup time and JSP compilation time.
25-May-2026 18:05:24.510 INFO [main] org.apache.catalina.startup.HostConfig.deployWAR Deployment of web application archive [/home/mumuzinho/www/Trabalho-banco-de-dados-I/backend/apache-tomcat-9.0.87/webapps/bd2022-1.0-SNAPSHOT.war] has finished in [599] ms
25-May-2026 18:05:24.516 INFO [main] org.apache.catalina.startup.HostConfig.deployDirectory Deploying web application directory [/home/mumuzinho/www/Trabalho-banco-de-dados-I/backend/apache-tomcat-9.0.87/webapps/manager]
25-May-2026 18:05:24.631 INFO [main] org.apache.catalina.startup.HostConfig.deployDirectory Deployment of web application directory [/home/mumuzinho/www/Trabalho-banco-de-dados-I/backend/apache-tomcat-9.0.87/webapps/manager] has finished in [115] ms
25-May-2026 18:05:24.631 INFO [main] org.apache.catalina.startup.HostConfig.deployDirectory Deploying web application directory [/home/mumuzinho/www/Trabalho-banco-de-dados-I/backend/apache-tomcat-9.0.87/webapps/examples]
25-May-2026 18:05:24.831 INFO [main] org.apache.catalina.startup.HostConfig.deployDirectory Deployment of web application directory [/home/mumuzinho/www/Trabalho-banco-de-dados-I/backend/apache-tomcat-9.0.87/webapps/examples] has finished in [200] ms
25-May-2026 18:05:24.831 INFO [main] org.apache.catalina.startup.HostConfig.deployDirectory Deploying web application directory [/home/mumuzinho/www/Trabalho-banco-de-dados-I/backend/apache-tomcat-9.0.87/webapps/docs]
25-May-2026 18:05:24.847 INFO [main] org.apache.catalina.startup.HostConfig.deployDirectory Deployment of web application directory [/home/mumuzinho/www/Trabalho-banco-de-dados-I/backend/apache-tomcat-9.0.87/webapps/docs] has finished in [15] ms
25-May-2026 18:05:24.848 INFO [main] org.apache.catalina.startup.HostConfig.deployDirectory Deploying web application directory [/home/mumuzinho/www/Trabalho-banco-de-dados-I/backend/apache-tomcat-9.0.87/webapps/ROOT]
25-May-2026 18:05:24.863 INFO [main] org.apache.catalina.startup.HostConfig.deployDirectory Deployment of web application directory [/home/mumuzinho/www/Trabalho-banco-de-dados-I/backend/apache-tomcat-9.0.87/webapps/ROOT] has finished in [15] ms
25-May-2026 18:05:24.864 INFO [main] org.apache.catalina.startup.HostConfig.deployDirectory Deploying web application directory [/home/mumuzinho/www/Trabalho-banco-de-dados-I/backend/apache-tomcat-9.0.87/webapps/host-manager]
25-May-2026 18:05:24.883 INFO [main] org.apache.catalina.startup.HostConfig.deployDirectory Deployment of web application directory [/home/mumuzinho/www/Trabalho-banco-de-dados-I/backend/apache-tomcat-9.0.87/webapps/host-manager] has finished in [18] ms
25-May-2026 18:05:24.886 INFO [main] org.apache.coyote.AbstractProtocol.start Starting ProtocolHandler ["http-nio-8080"]
25-May-2026 18:05:24.897 INFO [main] org.apache.catalina.startup.Catalina.start Server startup in [1686] milliseconds
25-May-2026 18:05:25.884 SEVERE [http-nio-8080-exec-1] dao.PgUserDAO.all DAO
	org.postgresql.util.PSQLException: ERROR: relation "j2ee.user" does not exist
  Position: 23
		at org.postgresql.core.v3.QueryExecutorImpl.receiveErrorResponse(QueryExecutorImpl.java:2676)
		at org.postgresql.core.v3.QueryExecutorImpl.processResults(QueryExecutorImpl.java:2366)
		at org.postgresql.core.v3.QueryExecutorImpl.execute(QueryExecutorImpl.java:356)
		at org.postgresql.jdbc.PgStatement.executeInternal(PgStatement.java:496)
		at org.postgresql.jdbc.PgStatement.execute(PgStatement.java:413)
		at org.postgresql.jdbc.PgPreparedStatement.executeWithFlags(PgPreparedStatement.java:190)
		at org.postgresql.jdbc.PgPreparedStatement.executeQuery(PgPreparedStatement.java:134)
		at dao.PgUserDAO.all(PgUserDAO.java:234)
		at controller.UserController.doGet(UserController.java:101)
		at javax.servlet.http.HttpServlet.service(HttpServlet.java:529)
		at javax.servlet.http.HttpServlet.service(HttpServlet.java:623)
		at org.apache.catalina.core.ApplicationFilterChain.internalDoFilter(ApplicationFilterChain.java:210)
		at org.apache.catalina.core.ApplicationFilterChain.doFilter(ApplicationFilterChain.java:154)
		at org.apache.tomcat.websocket.server.WsFilter.doFilter(WsFilter.java:51)
		at org.apache.catalina.core.ApplicationFilterChain.internalDoFilter(ApplicationFilterChain.java:179)
		at org.apache.catalina.core.ApplicationFilterChain.doFilter(ApplicationFilterChain.java:154)
		at org.apache.catalina.core.StandardWrapperValve.invoke(StandardWrapperValve.java:168)
		at org.apache.catalina.core.StandardContextValve.invoke(StandardContextValve.java:90)
		at org.apache.catalina.authenticator.AuthenticatorBase.invoke(AuthenticatorBase.java:481)
		at org.apache.catalina.core.StandardHostValve.invoke(StandardHostValve.java:130)
		at org.apache.catalina.valves.ErrorReportValve.invoke(ErrorReportValve.java:93)
		at org.apache.catalina.valves.AbstractAccessLogValve.invoke(AbstractAccessLogValve.java:670)
		at org.apache.catalina.core.StandardEngineValve.invoke(StandardEngineValve.java:74)
		at org.apache.catalina.connector.CoyoteAdapter.service(CoyoteAdapter.java:346)
		at org.apache.coyote.http11.Http11Processor.service(Http11Processor.java:390)
		at org.apache.coyote.AbstractProcessorLight.process(AbstractProcessorLight.java:63)
		at org.apache.coyote.AbstractProtocol$ConnectionHandler.process(AbstractProtocol.java:928)
		at org.apache.tomcat.util.net.NioEndpoint$SocketProcessor.doRun(NioEndpoint.java:1786)
		at org.apache.tomcat.util.net.SocketProcessorBase.run(SocketProcessorBase.java:52)
		at org.apache.tomcat.util.threads.ThreadPoolExecutor.runWorker(ThreadPoolExecutor.java:1191)
		at org.apache.tomcat.util.threads.ThreadPoolExecutor$Worker.run(ThreadPoolExecutor.java:659)
		at org.apache.tomcat.util.threads.TaskThread$WrappingRunnable.run(TaskThread.java:63)
		at java.base/java.lang.Thread.run(Thread.java:1583)
25-May-2026 18:09:14.709 INFO [main] org.apache.catalina.core.StandardServer.await A valid shutdown command was received via the shutdown port. Stopping the Server instance.
25-May-2026 18:09:14.710 INFO [main] org.apache.coyote.AbstractProtocol.pause Pausing ProtocolHandler ["http-nio-8080"]
25-May-2026 18:09:14.712 INFO [main] org.apache.catalina.core.StandardService.stopInternal Stopping service [Catalina]
25-May-2026 18:09:14.723 WARNING [main] org.apache.catalina.loader.WebappClassLoaderBase.clearReferencesJdbc The web application [bd2022-1.0-SNAPSHOT] registered the JDBC driver [org.postgresql.Driver] but failed to unregister it when the web application was stopped. To prevent a memory leak, the JDBC Driver has been forcibly unregistered.
25-May-2026 18:09:14.734 INFO [main] org.apache.coyote.AbstractProtocol.stop Stopping ProtocolHandler ["http-nio-8080"]
25-May-2026 18:09:14.750 INFO [main] org.apache.coyote.AbstractProtocol.destroy Destroying ProtocolHandler ["http-nio-8080"]
25-May-2026 18:09:32.329 INFO [main] org.apache.catalina.startup.VersionLoggerListener.log Server version name:   Apache Tomcat/9.0.87
25-May-2026 18:09:32.334 INFO [main] org.apache.catalina.startup.VersionLoggerListener.log Server built:          Mar 11 2024 10:12:34 UTC
25-May-2026 18:09:32.334 INFO [main] org.apache.catalina.startup.VersionLoggerListener.log Server version number: 9.0.87.0
25-May-2026 18:09:32.334 INFO [main] org.apache.catalina.startup.VersionLoggerListener.log OS Name:               Linux
25-May-2026 18:09:32.334 INFO [main] org.apache.catalina.startup.VersionLoggerListener.log OS Version:            6.6.114.1-microsoft-standard-WSL2
25-May-2026 18:09:32.334 INFO [main] org.apache.catalina.startup.VersionLoggerListener.log Architecture:          amd64
25-May-2026 18:09:32.335 INFO [main] org.apache.catalina.startup.VersionLoggerListener.log Java Home:             /usr/lib/jvm/java-21-openjdk-amd64
25-May-2026 18:09:32.335 INFO [main] org.apache.catalina.startup.VersionLoggerListener.log JVM Version:           21.0.8+9-Ubuntu-0ubuntu122.04.1
25-May-2026 18:09:32.335 INFO [main] org.apache.catalina.startup.VersionLoggerListener.log JVM Vendor:            Ubuntu
25-May-2026 18:09:32.335 INFO [main] org.apache.catalina.startup.VersionLoggerListener.log CATALINA_BASE:         /home/mumuzinho/www/Trabalho-banco-de-dados-I/backend/apache-tomcat-9.0.87
25-May-2026 18:09:32.335 INFO [main] org.apache.catalina.startup.VersionLoggerListener.log CATALINA_HOME:         /home/mumuzinho/www/Trabalho-banco-de-dados-I/backend/apache-tomcat-9.0.87
25-May-2026 18:09:32.343 INFO [main] org.apache.catalina.startup.VersionLoggerListener.log Command line argument: --add-opens=java.base/java.lang=ALL-UNNAMED
25-May-2026 18:09:32.344 INFO [main] org.apache.catalina.startup.VersionLoggerListener.log Command line argument: --add-opens=java.base/java.io=ALL-UNNAMED
25-May-2026 18:09:32.344 INFO [main] org.apache.catalina.startup.VersionLoggerListener.log Command line argument: --add-opens=java.base/java.util=ALL-UNNAMED
25-May-2026 18:09:32.344 INFO [main] org.apache.catalina.startup.VersionLoggerListener.log Command line argument: --add-opens=java.base/java.util.concurrent=ALL-UNNAMED
25-May-2026 18:09:32.344 INFO [main] org.apache.catalina.startup.VersionLoggerListener.log Command line argument: --add-opens=java.rmi/sun.rmi.transport=ALL-UNNAMED
25-May-2026 18:09:32.344 INFO [main] org.apache.catalina.startup.VersionLoggerListener.log Command line argument: -Djava.util.logging.config.file=/home/mumuzinho/www/Trabalho-banco-de-dados-I/backend/apache-tomcat-9.0.87/conf/logging.properties
25-May-2026 18:09:32.344 INFO [main] org.apache.catalina.startup.VersionLoggerListener.log Command line argument: -Djava.util.logging.manager=org.apache.juli.ClassLoaderLogManager
25-May-2026 18:09:32.344 INFO [main] org.apache.catalina.startup.VersionLoggerListener.log Command line argument: -Djdk.tls.ephemeralDHKeySize=2048
25-May-2026 18:09:32.344 INFO [main] org.apache.catalina.startup.VersionLoggerListener.log Command line argument: -Djava.protocol.handler.pkgs=org.apache.catalina.webresources
25-May-2026 18:09:32.344 INFO [main] org.apache.catalina.startup.VersionLoggerListener.log Command line argument: -Dorg.apache.catalina.security.SecurityListener.UMASK=0027
25-May-2026 18:09:32.344 INFO [main] org.apache.catalina.startup.VersionLoggerListener.log Command line argument: -Dignore.endorsed.dirs=
25-May-2026 18:09:32.344 INFO [main] org.apache.catalina.startup.VersionLoggerListener.log Command line argument: -Dcatalina.base=/home/mumuzinho/www/Trabalho-banco-de-dados-I/backend/apache-tomcat-9.0.87
25-May-2026 18:09:32.344 INFO [main] org.apache.catalina.startup.VersionLoggerListener.log Command line argument: -Dcatalina.home=/home/mumuzinho/www/Trabalho-banco-de-dados-I/backend/apache-tomcat-9.0.87
25-May-2026 18:09:32.344 INFO [main] org.apache.catalina.startup.VersionLoggerListener.log Command line argument: -Djava.io.tmpdir=/home/mumuzinho/www/Trabalho-banco-de-dados-I/backend/apache-tomcat-9.0.87/temp
25-May-2026 18:09:32.345 INFO [main] org.apache.catalina.core.AprLifecycleListener.lifecycleEvent The Apache Tomcat Native library which allows using OpenSSL was not found on the java.library.path: [/usr/java/packages/lib:/usr/lib/x86_64-linux-gnu/jni:/lib/x86_64-linux-gnu:/usr/lib/x86_64-linux-gnu:/usr/lib/jni:/lib:/usr/lib]
25-May-2026 18:09:32.658 INFO [main] org.apache.coyote.AbstractProtocol.init Initializing ProtocolHandler ["http-nio-8080"]
25-May-2026 18:09:32.684 INFO [main] org.apache.catalina.startup.Catalina.load Server initialization in [515] milliseconds
25-May-2026 18:09:32.721 INFO [main] org.apache.catalina.core.StandardService.startInternal Starting service [Catalina]
25-May-2026 18:09:32.722 INFO [main] org.apache.catalina.core.StandardEngine.startInternal Starting Servlet engine: [Apache Tomcat/9.0.87]
25-May-2026 18:09:32.737 INFO [main] org.apache.catalina.startup.HostConfig.deployWAR Deploying web application archive [/home/mumuzinho/www/Trabalho-banco-de-dados-I/backend/apache-tomcat-9.0.87/webapps/bd2022.war]
25-May-2026 18:09:32.755 INFO [main] org.apache.catalina.startup.ExpandWar.expand An expanded directory [/home/mumuzinho/www/Trabalho-banco-de-dados-I/backend/apache-tomcat-9.0.87/webapps/bd2022] was found with a last modified time that did not match the associated WAR. It will be deleted.
25-May-2026 18:09:33.219 INFO [main] org.apache.jasper.servlet.TldScanner.scanJars At least one JAR was scanned for TLDs yet contained no TLDs. Enable debug logging for this logger for a complete list of JARs that were scanned but no TLDs were found in them. Skipping unneeded JARs during scanning can improve startup time and JSP compilation time.
25-May-2026 18:09:33.261 INFO [main] org.apache.catalina.startup.HostConfig.deployWAR Deployment of web application archive [/home/mumuzinho/www/Trabalho-banco-de-dados-I/backend/apache-tomcat-9.0.87/webapps/bd2022.war] has finished in [524] ms
25-May-2026 18:09:33.262 INFO [main] org.apache.catalina.startup.HostConfig.deployWAR Deploying web application archive [/home/mumuzinho/www/Trabalho-banco-de-dados-I/backend/apache-tomcat-9.0.87/webapps/bd2022-1.0-SNAPSHOT.war]
25-May-2026 18:09:33.471 INFO [main] org.apache.jasper.servlet.TldScanner.scanJars At least one JAR was scanned for TLDs yet contained no TLDs. Enable debug logging for this logger for a complete list of JARs that were scanned but no TLDs were found in them. Skipping unneeded JARs during scanning can improve startup time and JSP compilation time.
25-May-2026 18:09:33.503 INFO [main] org.apache.catalina.startup.HostConfig.deployWAR Deployment of web application archive [/home/mumuzinho/www/Trabalho-banco-de-dados-I/backend/apache-tomcat-9.0.87/webapps/bd2022-1.0-SNAPSHOT.war] has finished in [240] ms
25-May-2026 18:09:33.504 INFO [main] org.apache.catalina.startup.HostConfig.deployDirectory Deploying web application directory [/home/mumuzinho/www/Trabalho-banco-de-dados-I/backend/apache-tomcat-9.0.87/webapps/manager]
25-May-2026 18:09:33.530 INFO [main] org.apache.catalina.startup.HostConfig.deployDirectory Deployment of web application directory [/home/mumuzinho/www/Trabalho-banco-de-dados-I/backend/apache-tomcat-9.0.87/webapps/manager] has finished in [26] ms
25-May-2026 18:09:33.530 INFO [main] org.apache.catalina.startup.HostConfig.deployDirectory Deploying web application directory [/home/mumuzinho/www/Trabalho-banco-de-dados-I/backend/apache-tomcat-9.0.87/webapps/examples]
25-May-2026 18:09:33.648 INFO [main] org.apache.catalina.startup.HostConfig.deployDirectory Deployment of web application directory [/home/mumuzinho/www/Trabalho-banco-de-dados-I/backend/apache-tomcat-9.0.87/webapps/examples] has finished in [118] ms
25-May-2026 18:09:33.649 INFO [main] org.apache.catalina.startup.HostConfig.deployDirectory Deploying web application directory [/home/mumuzinho/www/Trabalho-banco-de-dados-I/backend/apache-tomcat-9.0.87/webapps/docs]
25-May-2026 18:09:33.670 INFO [main] org.apache.catalina.startup.HostConfig.deployDirectory Deployment of web application directory [/home/mumuzinho/www/Trabalho-banco-de-dados-I/backend/apache-tomcat-9.0.87/webapps/docs] has finished in [21] ms
25-May-2026 18:09:33.671 INFO [main] org.apache.catalina.startup.HostConfig.deployDirectory Deploying web application directory [/home/mumuzinho/www/Trabalho-banco-de-dados-I/backend/apache-tomcat-9.0.87/webapps/ROOT]
25-May-2026 18:09:33.691 INFO [main] org.apache.catalina.startup.HostConfig.deployDirectory Deployment of web application directory [/home/mumuzinho/www/Trabalho-banco-de-dados-I/backend/apache-tomcat-9.0.87/webapps/ROOT] has finished in [20] ms
25-May-2026 18:09:33.692 INFO [main] org.apache.catalina.startup.HostConfig.deployDirectory Deploying web application directory [/home/mumuzinho/www/Trabalho-banco-de-dados-I/backend/apache-tomcat-9.0.87/webapps/host-manager]
25-May-2026 18:09:33.713 INFO [main] org.apache.catalina.startup.HostConfig.deployDirectory Deployment of web application directory [/home/mumuzinho/www/Trabalho-banco-de-dados-I/backend/apache-tomcat-9.0.87/webapps/host-manager] has finished in [21] ms
25-May-2026 18:09:33.718 INFO [main] org.apache.coyote.AbstractProtocol.start Starting ProtocolHandler ["http-nio-8080"]
25-May-2026 18:09:33.758 INFO [main] org.apache.catalina.startup.Catalina.start Server startup in [1072] milliseconds
25-May-2026 18:09:36.674 SEVERE [http-nio-8080-exec-1] dao.PgUserDAO.all DAO
	org.postgresql.util.PSQLException: ERROR: relation "j2ee.user" does not exist
  Position: 23
		at org.postgresql.core.v3.QueryExecutorImpl.receiveErrorResponse(QueryExecutorImpl.java:2676)
		at org.postgresql.core.v3.QueryExecutorImpl.processResults(QueryExecutorImpl.java:2366)
		at org.postgresql.core.v3.QueryExecutorImpl.execute(QueryExecutorImpl.java:356)
		at org.postgresql.jdbc.PgStatement.executeInternal(PgStatement.java:496)
		at org.postgresql.jdbc.PgStatement.execute(PgStatement.java:413)
		at org.postgresql.jdbc.PgPreparedStatement.executeWithFlags(PgPreparedStatement.java:190)
		at org.postgresql.jdbc.PgPreparedStatement.executeQuery(PgPreparedStatement.java:134)
		at dao.PgUserDAO.all(PgUserDAO.java:234)
		at controller.UserController.doGet(UserController.java:101)
		at javax.servlet.http.HttpServlet.service(HttpServlet.java:529)
		at javax.servlet.http.HttpServlet.service(HttpServlet.java:623)
		at org.apache.catalina.core.ApplicationFilterChain.internalDoFilter(ApplicationFilterChain.java:210)
		at org.apache.catalina.core.ApplicationFilterChain.doFilter(ApplicationFilterChain.java:154)
		at org.apache.tomcat.websocket.server.WsFilter.doFilter(WsFilter.java:51)
		at org.apache.catalina.core.ApplicationFilterChain.internalDoFilter(ApplicationFilterChain.java:179)
		at org.apache.catalina.core.ApplicationFilterChain.doFilter(ApplicationFilterChain.java:154)
		at org.apache.catalina.core.StandardWrapperValve.invoke(StandardWrapperValve.java:168)
		at org.apache.catalina.core.StandardContextValve.invoke(StandardContextValve.java:90)
		at org.apache.catalina.authenticator.AuthenticatorBase.invoke(AuthenticatorBase.java:481)
		at org.apache.catalina.core.StandardHostValve.invoke(StandardHostValve.java:130)
		at org.apache.catalina.valves.ErrorReportValve.invoke(ErrorReportValve.java:93)
		at org.apache.catalina.valves.AbstractAccessLogValve.invoke(AbstractAccessLogValve.java:670)
		at org.apache.catalina.core.StandardEngineValve.invoke(StandardEngineValve.java:74)
		at org.apache.catalina.connector.CoyoteAdapter.service(CoyoteAdapter.java:346)
		at org.apache.coyote.http11.Http11Processor.service(Http11Processor.java:390)
		at org.apache.coyote.AbstractProcessorLight.process(AbstractProcessorLight.java:63)
		at org.apache.coyote.AbstractProtocol$ConnectionHandler.process(AbstractProtocol.java:928)
		at org.apache.tomcat.util.net.NioEndpoint$SocketProcessor.doRun(NioEndpoint.java:1786)
		at org.apache.tomcat.util.net.SocketProcessorBase.run(SocketProcessorBase.java:52)
		at org.apache.tomcat.util.threads.ThreadPoolExecutor.runWorker(ThreadPoolExecutor.java:1191)
		at org.apache.tomcat.util.threads.ThreadPoolExecutor$Worker.run(ThreadPoolExecutor.java:659)
		at org.apache.tomcat.util.threads.TaskThread$WrappingRunnable.run(TaskThread.java:63)
		at java.base/java.lang.Thread.run(Thread.java:1583)
25-May-2026 18:09:47.247 SEVERE [http-nio-8080-exec-2] dao.PgUserDAO.all DAO
	org.postgresql.util.PSQLException: ERROR: relation "j2ee.user" does not exist
  Position: 23
		at org.postgresql.core.v3.QueryExecutorImpl.receiveErrorResponse(QueryExecutorImpl.java:2676)
		at org.postgresql.core.v3.QueryExecutorImpl.processResults(QueryExecutorImpl.java:2366)
		at org.postgresql.core.v3.QueryExecutorImpl.execute(QueryExecutorImpl.java:356)
		at org.postgresql.jdbc.PgStatement.executeInternal(PgStatement.java:496)
		at org.postgresql.jdbc.PgStatement.execute(PgStatement.java:413)
		at org.postgresql.jdbc.PgPreparedStatement.executeWithFlags(PgPreparedStatement.java:190)
		at org.postgresql.jdbc.PgPreparedStatement.executeQuery(PgPreparedStatement.java:134)
		at dao.PgUserDAO.all(PgUserDAO.java:234)
		at controller.UserController.doGet(UserController.java:101)
		at javax.servlet.http.HttpServlet.service(HttpServlet.java:529)
		at javax.servlet.http.HttpServlet.service(HttpServlet.java:623)
		at org.apache.catalina.core.ApplicationFilterChain.internalDoFilter(ApplicationFilterChain.java:210)
		at org.apache.catalina.core.ApplicationFilterChain.doFilter(ApplicationFilterChain.java:154)
		at org.apache.tomcat.websocket.server.WsFilter.doFilter(WsFilter.java:51)
		at org.apache.catalina.core.ApplicationFilterChain.internalDoFilter(ApplicationFilterChain.java:179)
		at org.apache.catalina.core.ApplicationFilterChain.doFilter(ApplicationFilterChain.java:154)
		at org.apache.catalina.core.StandardWrapperValve.invoke(StandardWrapperValve.java:168)
		at org.apache.catalina.core.StandardContextValve.invoke(StandardContextValve.java:90)
		at org.apache.catalina.authenticator.AuthenticatorBase.invoke(AuthenticatorBase.java:481)
		at org.apache.catalina.core.StandardHostValve.invoke(StandardHostValve.java:130)
		at org.apache.catalina.valves.ErrorReportValve.invoke(ErrorReportValve.java:93)
		at org.apache.catalina.valves.AbstractAccessLogValve.invoke(AbstractAccessLogValve.java:670)
		at org.apache.catalina.core.StandardEngineValve.invoke(StandardEngineValve.java:74)
		at org.apache.catalina.connector.CoyoteAdapter.service(CoyoteAdapter.java:346)
		at org.apache.coyote.http11.Http11Processor.service(Http11Processor.java:390)
		at org.apache.coyote.AbstractProcessorLight.process(AbstractProcessorLight.java:63)
		at org.apache.coyote.AbstractProtocol$ConnectionHandler.process(AbstractProtocol.java:928)
		at org.apache.tomcat.util.net.NioEndpoint$SocketProcessor.doRun(NioEndpoint.java:1786)
		at org.apache.tomcat.util.net.SocketProcessorBase.run(SocketProcessorBase.java:52)
		at org.apache.tomcat.util.threads.ThreadPoolExecutor.runWorker(ThreadPoolExecutor.java:1191)
		at org.apache.tomcat.util.threads.ThreadPoolExecutor$Worker.run(ThreadPoolExecutor.java:659)
		at org.apache.tomcat.util.threads.TaskThread$WrappingRunnable.run(TaskThread.java:63)
		at java.base/java.lang.Thread.run(Thread.java:1583)
25-May-2026 18:09:58.239 SEVERE [http-nio-8080-exec-3] dao.PgUserDAO.all DAO
	org.postgresql.util.PSQLException: ERROR: relation "j2ee.user" does not exist
  Position: 23
		at org.postgresql.core.v3.QueryExecutorImpl.receiveErrorResponse(QueryExecutorImpl.java:2676)
		at org.postgresql.core.v3.QueryExecutorImpl.processResults(QueryExecutorImpl.java:2366)
		at org.postgresql.core.v3.QueryExecutorImpl.execute(QueryExecutorImpl.java:356)
		at org.postgresql.jdbc.PgStatement.executeInternal(PgStatement.java:496)
		at org.postgresql.jdbc.PgStatement.execute(PgStatement.java:413)
		at org.postgresql.jdbc.PgPreparedStatement.executeWithFlags(PgPreparedStatement.java:190)
		at org.postgresql.jdbc.PgPreparedStatement.executeQuery(PgPreparedStatement.java:134)
		at dao.PgUserDAO.all(PgUserDAO.java:234)
		at controller.UserController.doGet(UserController.java:101)
		at javax.servlet.http.HttpServlet.service(HttpServlet.java:529)
		at javax.servlet.http.HttpServlet.service(HttpServlet.java:623)
		at org.apache.catalina.core.ApplicationFilterChain.internalDoFilter(ApplicationFilterChain.java:210)
		at org.apache.catalina.core.ApplicationFilterChain.doFilter(ApplicationFilterChain.java:154)
		at org.apache.tomcat.websocket.server.WsFilter.doFilter(WsFilter.java:51)
		at org.apache.catalina.core.ApplicationFilterChain.internalDoFilter(ApplicationFilterChain.java:179)
		at org.apache.catalina.core.ApplicationFilterChain.doFilter(ApplicationFilterChain.java:154)
		at org.apache.catalina.core.StandardWrapperValve.invoke(StandardWrapperValve.java:168)
		at org.apache.catalina.core.StandardContextValve.invoke(StandardContextValve.java:90)
		at org.apache.catalina.authenticator.AuthenticatorBase.invoke(AuthenticatorBase.java:481)
		at org.apache.catalina.core.StandardHostValve.invoke(StandardHostValve.java:130)
		at org.apache.catalina.valves.ErrorReportValve.invoke(ErrorReportValve.java:93)
		at org.apache.catalina.valves.AbstractAccessLogValve.invoke(AbstractAccessLogValve.java:670)
		at org.apache.catalina.core.StandardEngineValve.invoke(StandardEngineValve.java:74)
		at org.apache.catalina.connector.CoyoteAdapter.service(CoyoteAdapter.java:346)
		at org.apache.coyote.http11.Http11Processor.service(Http11Processor.java:390)
		at org.apache.coyote.AbstractProcessorLight.process(AbstractProcessorLight.java:63)
		at org.apache.coyote.AbstractProtocol$ConnectionHandler.process(AbstractProtocol.java:928)
		at org.apache.tomcat.util.net.NioEndpoint$SocketProcessor.doRun(NioEndpoint.java:1786)
		at org.apache.tomcat.util.net.SocketProcessorBase.run(SocketProcessorBase.java:52)
		at org.apache.tomcat.util.threads.ThreadPoolExecutor.runWorker(ThreadPoolExecutor.java:1191)
		at org.apache.tomcat.util.threads.ThreadPoolExecutor$Worker.run(ThreadPoolExecutor.java:659)
		at org.apache.tomcat.util.threads.TaskThread$WrappingRunnable.run(TaskThread.java:63)
		at java.base/java.lang.Thread.run(Thread.java:1583)
25-May-2026 18:10:01.249 SEVERE [http-nio-8080-exec-4] dao.PgUserDAO.all DAO
	org.postgresql.util.PSQLException: ERROR: relation "j2ee.user" does not exist
  Position: 23
		at org.postgresql.core.v3.QueryExecutorImpl.receiveErrorResponse(QueryExecutorImpl.java:2676)
		at org.postgresql.core.v3.QueryExecutorImpl.processResults(QueryExecutorImpl.java:2366)
		at org.postgresql.core.v3.QueryExecutorImpl.execute(QueryExecutorImpl.java:356)
		at org.postgresql.jdbc.PgStatement.executeInternal(PgStatement.java:496)
		at org.postgresql.jdbc.PgStatement.execute(PgStatement.java:413)
		at org.postgresql.jdbc.PgPreparedStatement.executeWithFlags(PgPreparedStatement.java:190)
		at org.postgresql.jdbc.PgPreparedStatement.executeQuery(PgPreparedStatement.java:134)
		at dao.PgUserDAO.all(PgUserDAO.java:234)
		at controller.UserController.doGet(UserController.java:101)
		at javax.servlet.http.HttpServlet.service(HttpServlet.java:529)
		at javax.servlet.http.HttpServlet.service(HttpServlet.java:623)
		at org.apache.catalina.core.ApplicationFilterChain.internalDoFilter(ApplicationFilterChain.java:210)
		at org.apache.catalina.core.ApplicationFilterChain.doFilter(ApplicationFilterChain.java:154)
		at org.apache.tomcat.websocket.server.WsFilter.doFilter(WsFilter.java:51)
		at org.apache.catalina.core.ApplicationFilterChain.internalDoFilter(ApplicationFilterChain.java:179)
		at org.apache.catalina.core.ApplicationFilterChain.doFilter(ApplicationFilterChain.java:154)
		at org.apache.catalina.core.StandardWrapperValve.invoke(StandardWrapperValve.java:168)
		at org.apache.catalina.core.StandardContextValve.invoke(StandardContextValve.java:90)
		at org.apache.catalina.authenticator.AuthenticatorBase.invoke(AuthenticatorBase.java:481)
		at org.apache.catalina.core.StandardHostValve.invoke(StandardHostValve.java:130)
		at org.apache.catalina.valves.ErrorReportValve.invoke(ErrorReportValve.java:93)
		at org.apache.catalina.valves.AbstractAccessLogValve.invoke(AbstractAccessLogValve.java:670)
		at org.apache.catalina.core.StandardEngineValve.invoke(StandardEngineValve.java:74)
		at org.apache.catalina.connector.CoyoteAdapter.service(CoyoteAdapter.java:346)
		at org.apache.coyote.http11.Http11Processor.service(Http11Processor.java:390)
		at org.apache.coyote.AbstractProcessorLight.process(AbstractProcessorLight.java:63)
		at org.apache.coyote.AbstractProtocol$ConnectionHandler.process(AbstractProtocol.java:928)
		at org.apache.tomcat.util.net.NioEndpoint$SocketProcessor.doRun(NioEndpoint.java:1786)
		at org.apache.tomcat.util.net.SocketProcessorBase.run(SocketProcessorBase.java:52)
		at org.apache.tomcat.util.threads.ThreadPoolExecutor.runWorker(ThreadPoolExecutor.java:1191)
		at org.apache.tomcat.util.threads.ThreadPoolExecutor$Worker.run(ThreadPoolExecutor.java:659)
		at org.apache.tomcat.util.threads.TaskThread$WrappingRunnable.run(TaskThread.java:63)
		at java.base/java.lang.Thread.run(Thread.java:1583)
25-May-2026 18:10:03.735 INFO [Catalina-utility-1] org.apache.catalina.startup.HostConfig.undeploy Undeploying context [/bd2022-1.0-SNAPSHOT]
25-May-2026 18:10:03.740 WARNING [Catalina-utility-1] org.apache.catalina.loader.WebappClassLoaderBase.clearReferencesJdbc The web application [bd2022-1.0-SNAPSHOT] registered the JDBC driver [org.postgresql.Driver] but failed to unregister it when the web application was stopped. To prevent a memory leak, the JDBC Driver has been forcibly unregistered.
25-May-2026 18:10:05.936 INFO [main] org.apache.catalina.core.StandardServer.await A valid shutdown command was received via the shutdown port. Stopping the Server instance.
25-May-2026 18:10:05.936 INFO [main] org.apache.coyote.AbstractProtocol.pause Pausing ProtocolHandler ["http-nio-8080"]
25-May-2026 18:10:05.938 INFO [main] org.apache.catalina.core.StandardService.stopInternal Stopping service [Catalina]
25-May-2026 18:10:05.947 WARNING [main] org.apache.catalina.loader.WebappClassLoaderBase.clearReferencesJdbc The web application [bd2022] registered the JDBC driver [org.postgresql.Driver] but failed to unregister it when the web application was stopped. To prevent a memory leak, the JDBC Driver has been forcibly unregistered.
25-May-2026 18:10:05.953 INFO [main] org.apache.coyote.AbstractProtocol.stop Stopping ProtocolHandler ["http-nio-8080"]
25-May-2026 18:10:05.965 INFO [main] org.apache.coyote.AbstractProtocol.destroy Destroying ProtocolHandler ["http-nio-8080"]
25-May-2026 18:10:07.839 INFO [main] org.apache.catalina.startup.VersionLoggerListener.log Server version name:   Apache Tomcat/9.0.87
25-May-2026 18:10:07.847 INFO [main] org.apache.catalina.startup.VersionLoggerListener.log Server built:          Mar 11 2024 10:12:34 UTC
25-May-2026 18:10:07.848 INFO [main] org.apache.catalina.startup.VersionLoggerListener.log Server version number: 9.0.87.0
25-May-2026 18:10:07.848 INFO [main] org.apache.catalina.startup.VersionLoggerListener.log OS Name:               Linux
25-May-2026 18:10:07.848 INFO [main] org.apache.catalina.startup.VersionLoggerListener.log OS Version:            6.6.114.1-microsoft-standard-WSL2
25-May-2026 18:10:07.848 INFO [main] org.apache.catalina.startup.VersionLoggerListener.log Architecture:          amd64
25-May-2026 18:10:07.848 INFO [main] org.apache.catalina.startup.VersionLoggerListener.log Java Home:             /usr/lib/jvm/java-21-openjdk-amd64
25-May-2026 18:10:07.848 INFO [main] org.apache.catalina.startup.VersionLoggerListener.log JVM Version:           21.0.8+9-Ubuntu-0ubuntu122.04.1
25-May-2026 18:10:07.848 INFO [main] org.apache.catalina.startup.VersionLoggerListener.log JVM Vendor:            Ubuntu
25-May-2026 18:10:07.848 INFO [main] org.apache.catalina.startup.VersionLoggerListener.log CATALINA_BASE:         /home/mumuzinho/www/Trabalho-banco-de-dados-I/backend/apache-tomcat-9.0.87
25-May-2026 18:10:07.848 INFO [main] org.apache.catalina.startup.VersionLoggerListener.log CATALINA_HOME:         /home/mumuzinho/www/Trabalho-banco-de-dados-I/backend/apache-tomcat-9.0.87
25-May-2026 18:10:07.875 INFO [main] org.apache.catalina.startup.VersionLoggerListener.log Command line argument: --add-opens=java.base/java.lang=ALL-UNNAMED
25-May-2026 18:10:07.875 INFO [main] org.apache.catalina.startup.VersionLoggerListener.log Command line argument: --add-opens=java.base/java.io=ALL-UNNAMED
25-May-2026 18:10:07.876 INFO [main] org.apache.catalina.startup.VersionLoggerListener.log Command line argument: --add-opens=java.base/java.util=ALL-UNNAMED
25-May-2026 18:10:07.876 INFO [main] org.apache.catalina.startup.VersionLoggerListener.log Command line argument: --add-opens=java.base/java.util.concurrent=ALL-UNNAMED
25-May-2026 18:10:07.876 INFO [main] org.apache.catalina.startup.VersionLoggerListener.log Command line argument: --add-opens=java.rmi/sun.rmi.transport=ALL-UNNAMED
25-May-2026 18:10:07.876 INFO [main] org.apache.catalina.startup.VersionLoggerListener.log Command line argument: -Djava.util.logging.config.file=/home/mumuzinho/www/Trabalho-banco-de-dados-I/backend/apache-tomcat-9.0.87/conf/logging.properties
25-May-2026 18:10:07.876 INFO [main] org.apache.catalina.startup.VersionLoggerListener.log Command line argument: -Djava.util.logging.manager=org.apache.juli.ClassLoaderLogManager
25-May-2026 18:10:07.876 INFO [main] org.apache.catalina.startup.VersionLoggerListener.log Command line argument: -Djdk.tls.ephemeralDHKeySize=2048
25-May-2026 18:10:07.876 INFO [main] org.apache.catalina.startup.VersionLoggerListener.log Command line argument: -Djava.protocol.handler.pkgs=org.apache.catalina.webresources
25-May-2026 18:10:07.876 INFO [main] org.apache.catalina.startup.VersionLoggerListener.log Command line argument: -Dorg.apache.catalina.security.SecurityListener.UMASK=0027
25-May-2026 18:10:07.876 INFO [main] org.apache.catalina.startup.VersionLoggerListener.log Command line argument: -Dignore.endorsed.dirs=
25-May-2026 18:10:07.876 INFO [main] org.apache.catalina.startup.VersionLoggerListener.log Command line argument: -Dcatalina.base=/home/mumuzinho/www/Trabalho-banco-de-dados-I/backend/apache-tomcat-9.0.87
25-May-2026 18:10:07.876 INFO [main] org.apache.catalina.startup.VersionLoggerListener.log Command line argument: -Dcatalina.home=/home/mumuzinho/www/Trabalho-banco-de-dados-I/backend/apache-tomcat-9.0.87
25-May-2026 18:10:07.876 INFO [main] org.apache.catalina.startup.VersionLoggerListener.log Command line argument: -Djava.io.tmpdir=/home/mumuzinho/www/Trabalho-banco-de-dados-I/backend/apache-tomcat-9.0.87/temp
25-May-2026 18:10:07.877 INFO [main] org.apache.catalina.core.AprLifecycleListener.lifecycleEvent The Apache Tomcat Native library which allows using OpenSSL was not found on the java.library.path: [/usr/java/packages/lib:/usr/lib/x86_64-linux-gnu/jni:/lib/x86_64-linux-gnu:/usr/lib/x86_64-linux-gnu:/usr/lib/jni:/lib:/usr/lib]
25-May-2026 18:10:08.368 INFO [main] org.apache.coyote.AbstractProtocol.init Initializing ProtocolHandler ["http-nio-8080"]
25-May-2026 18:10:08.392 INFO [main] org.apache.catalina.startup.Catalina.load Server initialization in [747] milliseconds
25-May-2026 18:10:08.434 INFO [main] org.apache.catalina.core.StandardService.startInternal Starting service [Catalina]
25-May-2026 18:10:08.438 INFO [main] org.apache.catalina.core.StandardEngine.startInternal Starting Servlet engine: [Apache Tomcat/9.0.87]
25-May-2026 18:10:08.464 INFO [main] org.apache.catalina.startup.HostConfig.deployWAR Deploying web application archive [/home/mumuzinho/www/Trabalho-banco-de-dados-I/backend/apache-tomcat-9.0.87/webapps/bd2022.war]
25-May-2026 18:10:09.089 INFO [main] org.apache.jasper.servlet.TldScanner.scanJars At least one JAR was scanned for TLDs yet contained no TLDs. Enable debug logging for this logger for a complete list of JARs that were scanned but no TLDs were found in them. Skipping unneeded JARs during scanning can improve startup time and JSP compilation time.
25-May-2026 18:10:09.157 INFO [main] org.apache.catalina.startup.HostConfig.deployWAR Deployment of web application archive [/home/mumuzinho/www/Trabalho-banco-de-dados-I/backend/apache-tomcat-9.0.87/webapps/bd2022.war] has finished in [693] ms
25-May-2026 18:10:09.159 INFO [main] org.apache.catalina.startup.HostConfig.deployDirectory Deploying web application directory [/home/mumuzinho/www/Trabalho-banco-de-dados-I/backend/apache-tomcat-9.0.87/webapps/manager]
25-May-2026 18:10:09.217 INFO [main] org.apache.catalina.startup.HostConfig.deployDirectory Deployment of web application directory [/home/mumuzinho/www/Trabalho-banco-de-dados-I/backend/apache-tomcat-9.0.87/webapps/manager] has finished in [58] ms
25-May-2026 18:10:09.218 INFO [main] org.apache.catalina.startup.HostConfig.deployDirectory Deploying web application directory [/home/mumuzinho/www/Trabalho-banco-de-dados-I/backend/apache-tomcat-9.0.87/webapps/examples]
25-May-2026 18:10:09.410 INFO [main] org.apache.catalina.startup.HostConfig.deployDirectory Deployment of web application directory [/home/mumuzinho/www/Trabalho-banco-de-dados-I/backend/apache-tomcat-9.0.87/webapps/examples] has finished in [192] ms
25-May-2026 18:10:09.410 INFO [main] org.apache.catalina.startup.HostConfig.deployDirectory Deploying web application directory [/home/mumuzinho/www/Trabalho-banco-de-dados-I/backend/apache-tomcat-9.0.87/webapps/docs]
25-May-2026 18:10:09.427 INFO [main] org.apache.catalina.startup.HostConfig.deployDirectory Deployment of web application directory [/home/mumuzinho/www/Trabalho-banco-de-dados-I/backend/apache-tomcat-9.0.87/webapps/docs] has finished in [17] ms
25-May-2026 18:10:09.428 INFO [main] org.apache.catalina.startup.HostConfig.deployDirectory Deploying web application directory [/home/mumuzinho/www/Trabalho-banco-de-dados-I/backend/apache-tomcat-9.0.87/webapps/ROOT]
25-May-2026 18:10:09.441 INFO [main] org.apache.catalina.startup.HostConfig.deployDirectory Deployment of web application directory [/home/mumuzinho/www/Trabalho-banco-de-dados-I/backend/apache-tomcat-9.0.87/webapps/ROOT] has finished in [13] ms
25-May-2026 18:10:09.441 INFO [main] org.apache.catalina.startup.HostConfig.deployDirectory Deploying web application directory [/home/mumuzinho/www/Trabalho-banco-de-dados-I/backend/apache-tomcat-9.0.87/webapps/host-manager]
25-May-2026 18:10:09.461 INFO [main] org.apache.catalina.startup.HostConfig.deployDirectory Deployment of web application directory [/home/mumuzinho/www/Trabalho-banco-de-dados-I/backend/apache-tomcat-9.0.87/webapps/host-manager] has finished in [20] ms
25-May-2026 18:10:09.465 INFO [main] org.apache.coyote.AbstractProtocol.start Starting ProtocolHandler ["http-nio-8080"]
25-May-2026 18:10:09.475 INFO [main] org.apache.catalina.startup.Catalina.start Server startup in [1082] milliseconds
25-May-2026 18:10:10.395 SEVERE [http-nio-8080-exec-1] dao.PgUserDAO.all DAO
	org.postgresql.util.PSQLException: ERROR: relation "j2ee.user" does not exist
  Position: 23
		at org.postgresql.core.v3.QueryExecutorImpl.receiveErrorResponse(QueryExecutorImpl.java:2676)
		at org.postgresql.core.v3.QueryExecutorImpl.processResults(QueryExecutorImpl.java:2366)
		at org.postgresql.core.v3.QueryExecutorImpl.execute(QueryExecutorImpl.java:356)
		at org.postgresql.jdbc.PgStatement.executeInternal(PgStatement.java:496)
		at org.postgresql.jdbc.PgStatement.execute(PgStatement.java:413)
		at org.postgresql.jdbc.PgPreparedStatement.executeWithFlags(PgPreparedStatement.java:190)
		at org.postgresql.jdbc.PgPreparedStatement.executeQuery(PgPreparedStatement.java:134)
		at dao.PgUserDAO.all(PgUserDAO.java:234)
		at controller.UserController.doGet(UserController.java:101)
		at javax.servlet.http.HttpServlet.service(HttpServlet.java:529)
		at javax.servlet.http.HttpServlet.service(HttpServlet.java:623)
		at org.apache.catalina.core.ApplicationFilterChain.internalDoFilter(ApplicationFilterChain.java:210)
		at org.apache.catalina.core.ApplicationFilterChain.doFilter(ApplicationFilterChain.java:154)
		at org.apache.tomcat.websocket.server.WsFilter.doFilter(WsFilter.java:51)
		at org.apache.catalina.core.ApplicationFilterChain.internalDoFilter(ApplicationFilterChain.java:179)
		at org.apache.catalina.core.ApplicationFilterChain.doFilter(ApplicationFilterChain.java:154)
		at org.apache.catalina.core.StandardWrapperValve.invoke(StandardWrapperValve.java:168)
		at org.apache.catalina.core.StandardContextValve.invoke(StandardContextValve.java:90)
		at org.apache.catalina.authenticator.AuthenticatorBase.invoke(AuthenticatorBase.java:481)
		at org.apache.catalina.core.StandardHostValve.invoke(StandardHostValve.java:130)
		at org.apache.catalina.valves.ErrorReportValve.invoke(ErrorReportValve.java:93)
		at org.apache.catalina.valves.AbstractAccessLogValve.invoke(AbstractAccessLogValve.java:670)
		at org.apache.catalina.core.StandardEngineValve.invoke(StandardEngineValve.java:74)
		at org.apache.catalina.connector.CoyoteAdapter.service(CoyoteAdapter.java:346)
		at org.apache.coyote.http11.Http11Processor.service(Http11Processor.java:390)
		at org.apache.coyote.AbstractProcessorLight.process(AbstractProcessorLight.java:63)
		at org.apache.coyote.AbstractProtocol$ConnectionHandler.process(AbstractProtocol.java:928)
		at org.apache.tomcat.util.net.NioEndpoint$SocketProcessor.doRun(NioEndpoint.java:1786)
		at org.apache.tomcat.util.net.SocketProcessorBase.run(SocketProcessorBase.java:52)
		at org.apache.tomcat.util.threads.ThreadPoolExecutor.runWorker(ThreadPoolExecutor.java:1191)
		at org.apache.tomcat.util.threads.ThreadPoolExecutor$Worker.run(ThreadPoolExecutor.java:659)
		at org.apache.tomcat.util.threads.TaskThread$WrappingRunnable.run(TaskThread.java:63)
		at java.base/java.lang.Thread.run(Thread.java:1583)
25-May-2026 18:10:20.108 INFO [main] org.apache.catalina.core.StandardServer.await A valid shutdown command was received via the shutdown port. Stopping the Server instance.
25-May-2026 18:10:20.110 INFO [main] org.apache.coyote.AbstractProtocol.pause Pausing ProtocolHandler ["http-nio-8080"]
25-May-2026 18:10:20.112 INFO [main] org.apache.catalina.core.StandardService.stopInternal Stopping service [Catalina]
25-May-2026 18:10:20.145 WARNING [main] org.apache.catalina.loader.WebappClassLoaderBase.clearReferencesJdbc The web application [bd2022] registered the JDBC driver [org.postgresql.Driver] but failed to unregister it when the web application was stopped. To prevent a memory leak, the JDBC Driver has been forcibly unregistered.
25-May-2026 18:10:20.167 INFO [main] org.apache.coyote.AbstractProtocol.stop Stopping ProtocolHandler ["http-nio-8080"]
25-May-2026 18:10:20.179 INFO [main] org.apache.coyote.AbstractProtocol.destroy Destroying ProtocolHandler ["http-nio-8080"]
25-May-2026 18:10:23.379 INFO [main] org.apache.catalina.startup.VersionLoggerListener.log Server version name:   Apache Tomcat/9.0.87
25-May-2026 18:10:23.382 INFO [main] org.apache.catalina.startup.VersionLoggerListener.log Server built:          Mar 11 2024 10:12:34 UTC
25-May-2026 18:10:23.382 INFO [main] org.apache.catalina.startup.VersionLoggerListener.log Server version number: 9.0.87.0
25-May-2026 18:10:23.382 INFO [main] org.apache.catalina.startup.VersionLoggerListener.log OS Name:               Linux
25-May-2026 18:10:23.382 INFO [main] org.apache.catalina.startup.VersionLoggerListener.log OS Version:            6.6.114.1-microsoft-standard-WSL2
25-May-2026 18:10:23.382 INFO [main] org.apache.catalina.startup.VersionLoggerListener.log Architecture:          amd64
25-May-2026 18:10:23.382 INFO [main] org.apache.catalina.startup.VersionLoggerListener.log Java Home:             /usr/lib/jvm/java-21-openjdk-amd64
25-May-2026 18:10:23.382 INFO [main] org.apache.catalina.startup.VersionLoggerListener.log JVM Version:           21.0.8+9-Ubuntu-0ubuntu122.04.1
25-May-2026 18:10:23.383 INFO [main] org.apache.catalina.startup.VersionLoggerListener.log JVM Vendor:            Ubuntu
25-May-2026 18:10:23.383 INFO [main] org.apache.catalina.startup.VersionLoggerListener.log CATALINA_BASE:         /home/mumuzinho/www/Trabalho-banco-de-dados-I/backend/apache-tomcat-9.0.87
25-May-2026 18:10:23.383 INFO [main] org.apache.catalina.startup.VersionLoggerListener.log CATALINA_HOME:         /home/mumuzinho/www/Trabalho-banco-de-dados-I/backend/apache-tomcat-9.0.87
25-May-2026 18:10:23.388 INFO [main] org.apache.catalina.startup.VersionLoggerListener.log Command line argument: --add-opens=java.base/java.lang=ALL-UNNAMED
25-May-2026 18:10:23.388 INFO [main] org.apache.catalina.startup.VersionLoggerListener.log Command line argument: --add-opens=java.base/java.io=ALL-UNNAMED
25-May-2026 18:10:23.388 INFO [main] org.apache.catalina.startup.VersionLoggerListener.log Command line argument: --add-opens=java.base/java.util=ALL-UNNAMED
25-May-2026 18:10:23.388 INFO [main] org.apache.catalina.startup.VersionLoggerListener.log Command line argument: --add-opens=java.base/java.util.concurrent=ALL-UNNAMED
25-May-2026 18:10:23.388 INFO [main] org.apache.catalina.startup.VersionLoggerListener.log Command line argument: --add-opens=java.rmi/sun.rmi.transport=ALL-UNNAMED
25-May-2026 18:10:23.388 INFO [main] org.apache.catalina.startup.VersionLoggerListener.log Command line argument: -Djava.util.logging.config.file=/home/mumuzinho/www/Trabalho-banco-de-dados-I/backend/apache-tomcat-9.0.87/conf/logging.properties
25-May-2026 18:10:23.389 INFO [main] org.apache.catalina.startup.VersionLoggerListener.log Command line argument: -Djava.util.logging.manager=org.apache.juli.ClassLoaderLogManager
25-May-2026 18:10:23.389 INFO [main] org.apache.catalina.startup.VersionLoggerListener.log Command line argument: -Djdk.tls.ephemeralDHKeySize=2048
25-May-2026 18:10:23.389 INFO [main] org.apache.catalina.startup.VersionLoggerListener.log Command line argument: -Djava.protocol.handler.pkgs=org.apache.catalina.webresources
25-May-2026 18:10:23.389 INFO [main] org.apache.catalina.startup.VersionLoggerListener.log Command line argument: -Dorg.apache.catalina.security.SecurityListener.UMASK=0027
25-May-2026 18:10:23.389 INFO [main] org.apache.catalina.startup.VersionLoggerListener.log Command line argument: -Dignore.endorsed.dirs=
25-May-2026 18:10:23.389 INFO [main] org.apache.catalina.startup.VersionLoggerListener.log Command line argument: -Dcatalina.base=/home/mumuzinho/www/Trabalho-banco-de-dados-I/backend/apache-tomcat-9.0.87
25-May-2026 18:10:23.389 INFO [main] org.apache.catalina.startup.VersionLoggerListener.log Command line argument: -Dcatalina.home=/home/mumuzinho/www/Trabalho-banco-de-dados-I/backend/apache-tomcat-9.0.87
25-May-2026 18:10:23.389 INFO [main] org.apache.catalina.startup.VersionLoggerListener.log Command line argument: -Djava.io.tmpdir=/home/mumuzinho/www/Trabalho-banco-de-dados-I/backend/apache-tomcat-9.0.87/temp
25-May-2026 18:10:23.392 INFO [main] org.apache.catalina.core.AprLifecycleListener.lifecycleEvent The Apache Tomcat Native library which allows using OpenSSL was not found on the java.library.path: [/usr/java/packages/lib:/usr/lib/x86_64-linux-gnu/jni:/lib/x86_64-linux-gnu:/usr/lib/x86_64-linux-gnu:/usr/lib/jni:/lib:/usr/lib]
25-May-2026 18:10:23.719 INFO [main] org.apache.coyote.AbstractProtocol.init Initializing ProtocolHandler ["http-nio-8080"]
25-May-2026 18:10:23.744 INFO [main] org.apache.catalina.startup.Catalina.load Server initialization in [504] milliseconds
25-May-2026 18:10:23.777 INFO [main] org.apache.catalina.core.StandardService.startInternal Starting service [Catalina]
25-May-2026 18:10:23.777 INFO [main] org.apache.catalina.core.StandardEngine.startInternal Starting Servlet engine: [Apache Tomcat/9.0.87]
25-May-2026 18:10:23.787 INFO [main] org.apache.catalina.startup.HostConfig.deployWAR Deploying web application archive [/home/mumuzinho/www/Trabalho-banco-de-dados-I/backend/apache-tomcat-9.0.87/webapps/bd2022.war]
25-May-2026 18:10:24.234 INFO [main] org.apache.jasper.servlet.TldScanner.scanJars At least one JAR was scanned for TLDs yet contained no TLDs. Enable debug logging for this logger for a complete list of JARs that were scanned but no TLDs were found in them. Skipping unneeded JARs during scanning can improve startup time and JSP compilation time.
25-May-2026 18:10:24.277 INFO [main] org.apache.catalina.startup.HostConfig.deployWAR Deployment of web application archive [/home/mumuzinho/www/Trabalho-banco-de-dados-I/backend/apache-tomcat-9.0.87/webapps/bd2022.war] has finished in [489] ms
25-May-2026 18:10:24.277 INFO [main] org.apache.catalina.startup.HostConfig.deployDirectory Deploying web application directory [/home/mumuzinho/www/Trabalho-banco-de-dados-I/backend/apache-tomcat-9.0.87/webapps/manager]
25-May-2026 18:10:24.315 INFO [main] org.apache.catalina.startup.HostConfig.deployDirectory Deployment of web application directory [/home/mumuzinho/www/Trabalho-banco-de-dados-I/backend/apache-tomcat-9.0.87/webapps/manager] has finished in [38] ms
25-May-2026 18:10:24.316 INFO [main] org.apache.catalina.startup.HostConfig.deployDirectory Deploying web application directory [/home/mumuzinho/www/Trabalho-banco-de-dados-I/backend/apache-tomcat-9.0.87/webapps/examples]
25-May-2026 18:10:24.455 INFO [main] org.apache.catalina.startup.HostConfig.deployDirectory Deployment of web application directory [/home/mumuzinho/www/Trabalho-banco-de-dados-I/backend/apache-tomcat-9.0.87/webapps/examples] has finished in [139] ms
25-May-2026 18:10:24.455 INFO [main] org.apache.catalina.startup.HostConfig.deployDirectory Deploying web application directory [/home/mumuzinho/www/Trabalho-banco-de-dados-I/backend/apache-tomcat-9.0.87/webapps/docs]
25-May-2026 18:10:24.468 INFO [main] org.apache.catalina.startup.HostConfig.deployDirectory Deployment of web application directory [/home/mumuzinho/www/Trabalho-banco-de-dados-I/backend/apache-tomcat-9.0.87/webapps/docs] has finished in [13] ms
25-May-2026 18:10:24.469 INFO [main] org.apache.catalina.startup.HostConfig.deployDirectory Deploying web application directory [/home/mumuzinho/www/Trabalho-banco-de-dados-I/backend/apache-tomcat-9.0.87/webapps/ROOT]
25-May-2026 18:10:24.494 INFO [main] org.apache.catalina.startup.HostConfig.deployDirectory Deployment of web application directory [/home/mumuzinho/www/Trabalho-banco-de-dados-I/backend/apache-tomcat-9.0.87/webapps/ROOT] has finished in [26] ms
25-May-2026 18:10:24.494 INFO [main] org.apache.catalina.startup.HostConfig.deployDirectory Deploying web application directory [/home/mumuzinho/www/Trabalho-banco-de-dados-I/backend/apache-tomcat-9.0.87/webapps/host-manager]
25-May-2026 18:10:24.518 INFO [main] org.apache.catalina.startup.HostConfig.deployDirectory Deployment of web application directory [/home/mumuzinho/www/Trabalho-banco-de-dados-I/backend/apache-tomcat-9.0.87/webapps/host-manager] has finished in [24] ms
25-May-2026 18:10:24.524 INFO [main] org.apache.coyote.AbstractProtocol.start Starting ProtocolHandler ["http-nio-8080"]
25-May-2026 18:10:24.539 INFO [main] org.apache.catalina.startup.Catalina.start Server startup in [794] milliseconds
25-May-2026 18:10:25.820 SEVERE [http-nio-8080-exec-1] dao.PgUserDAO.all DAO
	org.postgresql.util.PSQLException: ERROR: relation "j2ee.user" does not exist
  Position: 23
		at org.postgresql.core.v3.QueryExecutorImpl.receiveErrorResponse(QueryExecutorImpl.java:2676)
		at org.postgresql.core.v3.QueryExecutorImpl.processResults(QueryExecutorImpl.java:2366)
		at org.postgresql.core.v3.QueryExecutorImpl.execute(QueryExecutorImpl.java:356)
		at org.postgresql.jdbc.PgStatement.executeInternal(PgStatement.java:496)
		at org.postgresql.jdbc.PgStatement.execute(PgStatement.java:413)
		at org.postgresql.jdbc.PgPreparedStatement.executeWithFlags(PgPreparedStatement.java:190)
		at org.postgresql.jdbc.PgPreparedStatement.executeQuery(PgPreparedStatement.java:134)
		at dao.PgUserDAO.all(PgUserDAO.java:234)
		at controller.UserController.doGet(UserController.java:101)
		at javax.servlet.http.HttpServlet.service(HttpServlet.java:529)
		at javax.servlet.http.HttpServlet.service(HttpServlet.java:623)
		at org.apache.catalina.core.ApplicationFilterChain.internalDoFilter(ApplicationFilterChain.java:210)
		at org.apache.catalina.core.ApplicationFilterChain.doFilter(ApplicationFilterChain.java:154)
		at org.apache.tomcat.websocket.server.WsFilter.doFilter(WsFilter.java:51)
		at org.apache.catalina.core.ApplicationFilterChain.internalDoFilter(ApplicationFilterChain.java:179)
		at org.apache.catalina.core.ApplicationFilterChain.doFilter(ApplicationFilterChain.java:154)
		at org.apache.catalina.core.StandardWrapperValve.invoke(StandardWrapperValve.java:168)
		at org.apache.catalina.core.StandardContextValve.invoke(StandardContextValve.java:90)
		at org.apache.catalina.authenticator.AuthenticatorBase.invoke(AuthenticatorBase.java:481)
		at org.apache.catalina.core.StandardHostValve.invoke(StandardHostValve.java:130)
		at org.apache.catalina.valves.ErrorReportValve.invoke(ErrorReportValve.java:93)
		at org.apache.catalina.valves.AbstractAccessLogValve.invoke(AbstractAccessLogValve.java:670)
		at org.apache.catalina.core.StandardEngineValve.invoke(StandardEngineValve.java:74)
		at org.apache.catalina.connector.CoyoteAdapter.service(CoyoteAdapter.java:346)
		at org.apache.coyote.http11.Http11Processor.service(Http11Processor.java:390)
		at org.apache.coyote.AbstractProcessorLight.process(AbstractProcessorLight.java:63)
		at org.apache.coyote.AbstractProtocol$ConnectionHandler.process(AbstractProtocol.java:928)
		at org.apache.tomcat.util.net.NioEndpoint$SocketProcessor.doRun(NioEndpoint.java:1786)
		at org.apache.tomcat.util.net.SocketProcessorBase.run(SocketProcessorBase.java:52)
		at org.apache.tomcat.util.threads.ThreadPoolExecutor.runWorker(ThreadPoolExecutor.java:1191)
		at org.apache.tomcat.util.threads.ThreadPoolExecutor$Worker.run(ThreadPoolExecutor.java:659)
		at org.apache.tomcat.util.threads.TaskThread$WrappingRunnable.run(TaskThread.java:63)
		at java.base/java.lang.Thread.run(Thread.java:1583)
25-May-2026 18:12:36.904 INFO [main] org.apache.catalina.core.StandardServer.await A valid shutdown command was received via the shutdown port. Stopping the Server instance.
25-May-2026 18:12:36.905 INFO [main] org.apache.coyote.AbstractProtocol.pause Pausing ProtocolHandler ["http-nio-8080"]
25-May-2026 18:12:36.908 INFO [main] org.apache.catalina.core.StandardService.stopInternal Stopping service [Catalina]
25-May-2026 18:12:36.929 WARNING [main] org.apache.catalina.loader.WebappClassLoaderBase.clearReferencesJdbc The web application [bd2022] registered the JDBC driver [org.postgresql.Driver] but failed to unregister it when the web application was stopped. To prevent a memory leak, the JDBC Driver has been forcibly unregistered.
25-May-2026 18:12:36.934 INFO [main] org.apache.coyote.AbstractProtocol.stop Stopping ProtocolHandler ["http-nio-8080"]
25-May-2026 18:12:36.943 INFO [main] org.apache.coyote.AbstractProtocol.destroy Destroying ProtocolHandler ["http-nio-8080"]
